# Resource object code (Python 3)
# Created by: object code
# Created by: The Resource Compiler for Qt version 6.10.0
# WARNING! All changes made in this file will be lost!

from PySide6 import QtCore

qt_resource_data = b"\
\x00\x00\x04M\
i\
mport QtQuick\x0d\x0ai\
mport QtQuick.Co\
ntrols.Material\x0d\
\x0aimport QtQuick.\
Window\x0d\x0aimport \x22\
cores\x22 as Cores\x0d\
\x0aimport \x22dialogs\
\x22\x0d\x0aimport \x22works\
\x22 as Works\x0d\x0aimpo\
rt \x22datas\x22 as Da\
tas\x0d\x0a\x0d\x0aApplicati\
onWindow {\x0d\x0a  //\
 main window\x0d\x0a  \
id: rootWindow\x0d\x0a\
  property real \
baseFontPointSiz\
e: Qt.applicatio\
n.font.pointSize\
 > 0 ? Qt.applic\
ation.font.point\
Size : 12\x0d\x0a\x0d\x0a  C\
onnections {\x0d\x0a  \
  target: Cores.\
CoreSettings\x0d\x0a  \
  function onFon\
tScaleChanged() \
{\x0d\x0a      rootWin\
dow.applyFontSca\
le();\x0d\x0a    }\x0d\x0a  \
}\x0d\x0a  // \xe9\x87\x87\xe7\x94\xa8\xe6\x9a\
\x97\xe8\x89\xb2\xe4\xb8\xbb\xe9\xa2\x98\xe6\x96\xb9\xe6\xa1\x88\
\x0d\x0a  Material.the\
me: Material.Dar\
k\x0d\x0a  // \xe4\xb8\xbb\xe8\x89\xb2\xe8\xb0\
\x83\xe5\x8f\x96\xe8\x87\xaa CoreStyl\
e\x0d\x0a  Material.pr\
imary: Cores.Cor\
eStyle.primary\x0d\x0a\
  // \xe5\xbc\xba\xe8\xb0\x83\xe8\x89\xb2\xe5\x8f\
\x96\xe8\x87\xaa CoreStyle\x0d\x0a\
  Material.accen\
t: Cores.CoreSty\
le.accent\x0d\x0a  // \
\xe7\xaa\x97\xe5\x8f\xa3\xe8\x83\x8c\xe6\x99\xaf\xe8\x89\xb2\x0d\
\x0a  Material.back\
ground: Cores.Co\
reStyle.backgrou\
nd\x0d\x0a  // \xe6\x96\x87\xe5\xad\x97\xe5\
\x89\x8d\xe6\x99\xaf\xe8\x89\xb2\x0d\x0a  Mate\
rial.foreground:\
 Cores.CoreStyle\
.text\x0d\x0a  // \xe9\xbb\x98\xe8\
\xae\xa4\xe6\x9c\x80\xe5\xa4\xa7\xe5\x8c\x96\xe6\x98\xbe\xe7\xa4\
\xba\x0d\x0a  visibility:\
 Window.Maximize\
d\x0d\x0a  // \xe7\xaa\x97\xe5\x8f\xa3\xe5\x8f\
\xaf\xe8\xa7\x81\x0d\x0a  visible:\
 true\x0d\x0a\x0d\x0a  // \xe9\xbb\
\x98\xe8\xae\xa4\xe5\xae\xbd\xe5\xba\xa6\xe4\xb8\xba\xe5\xb1\x8f\
\xe5\xb9\x95 80%\x0d\x0a  width\
: Screen.width*0\
.8\x0d\x0a  // \xe9\xbb\x98\xe8\xae\xa4\xe9\
\xab\x98\xe5\xba\xa6\xe4\xb8\xba\xe5\xb1\x8f\xe5\xb9\x95 8\
0%\x0d\x0a  height: Sc\
reen.height*0.8\x0d\
\x0a\x0d\x0a  // \xe7\xaa\x97\xe5\x8f\xa3\xe6\xa0\
\x87\xe9\xa2\x98\x0d\x0a  title: C\
ores.CoreUI.titl\
e\x0d\x0a\x0d\x0a\x0d\x0a}\x0d\x0a\x0d\x0a\
\x00\x00\x02>\
i\
mport QtQuick\x0aim\
port QtQuick.Con\
trols\x0aimport QtQ\
uick.Layouts\x0a\x0aAp\
plicationWindow \
{\x0a  id: win\x0a  vi\
sible: true\x0a  wi\
dth: 800\x0a  heigh\
t: 480\x0a  title: \
qsTr(\x22Copper UI \
(Fallback)\x22)\x0a\x0a  \
ColumnLayout {\x0a \
   anchors.fill:\
 parent\x0a    spac\
ing: 12\x0a    Labe\
l { text: qsTr(\x22\
\xe5\xb7\xb2\xe8\xbf\x9b\xe5\x85\xa5\xe7\xae\x80\xe5\x8c\x96\xe7\
\x95\x8c\xe9\x9d\xa2 (fallback)\
\x22); font.pixelSi\
ze: 18 }\x0a    Lab\
el { text: qsTr(\
\x22\xe4\xb8\xbb\xe7\x95\x8c\xe9\x9d\xa2 QML \xe5\
\x8a\xa0\xe8\xbd\xbd\xe5\xa4\xb1\xe8\xb4\xa5\xe6\x88\x96\xe4\xbe\
\x9d\xe8\xb5\x96\xe6\x9c\xaa\xe5\xb0\xb1\xe7\xbb\xaa\x22) \
}\x0a    Label { te\
xt: qsTr(\x22\xe8\xaf\xb7\xe6\xa3\x80\
\xe6\x9f\xa5 PySide6/QML \
\xe6\xa8\xa1\xe5\x9d\x97\xef\xbc\x88QtWebSo\
ckets/Controls/L\
ayouts \xe7\xad\x89\xef\xbc\x89\x22);\
 wrapMode: Text.\
WordWrap }\x0a    B\
utton { text: qs\
Tr(\x22\xe9\x80\x80\xe5\x87\xba\x22); on\
Clicked: Qt.quit\
() }\x0a  }\x0a}\x0a\x0a\x0a\
\x00\x00\x04\x01\
i\
mport QtCore\x0d\x0aim\
port QtQuick\x0d\x0aim\
port QtQuick.Win\
dow\x0d\x0aimport QtQu\
ick.Layouts\x0d\x0aimp\
ort QtQuick.Cont\
rols.Material\x0d\x0a\x0d\
\x0aimport \x22pages\x22\x0d\
\x0aimport \x22pages/m\
ain\x22\x0d\x0aimport \x22di\
alogs\x22\x0d\x0aimport \x22\
menu\x22\x0d\x0aimport \x22m\
enu/settings\x22\x0d\x0ai\
mport \x22menu/stat\
es\x22\x0d\x0aimport \x22cor\
es\x22 as Cores\x0d\x0aim\
port \x22Api\x22 as Ap\
i\x0d\x0aimport \x22datas\
\x22 as Datas\x0d\x0aimpo\
rt \x22works\x22 as Wo\
rks\x0d\x0aimport \x22tes\
t\x22\x0d\x0aimport \x22acti\
on\x22\x0d\x0a\x0d\x0aApp_Base \
{\x0d\x0a  // \xe5\xba\x94\xe7\x94\xa8\xe7\xaa\
\x97\xe5\x8f\xa3\xe5\xae\x9e\xe4\xbe\x8b\x0d\x0a  id\
: win\x0d\x0a\x0d\x0a  Compo\
nent.onCompleted\
: {\x0d\x0a    Api.Api\
Client.root = wi\
n\x0d\x0a    Api.ApiCl\
ient.showError =\
 function(msg){ \
Cores.CoreError.\
showError(msg) }\
\x0d\x0a    Api.ApiCli\
ent.setBase(Api.\
Urls.base())\x0d\x0a  \
  Works.Works.st\
artAll()\x0d\x0a  }\x0d\x0a\x0d\
\x0a  // \xe4\xb8\xbb\xe7\x95\x8c\xe9\x9d\xa2\xe5\
\xb8\x83\xe5\xb1\x80\xe5\xae\xb9\xe5\x99\xa8\x0d\x0a  S\
hortcuts {}\x0d\x0a  D\
ataEntryDialog {\
 id: dataEntryDi\
alog }\x0d\x0a  GlobEr\
rorDialog { id: \
errorDialog }\x0d\x0a \
 TestImagesDialo\
g { id: testDial\
og }\x0d\x0a  Settings\
Drawer { id: set\
tingsDrawer }\x0d\x0a \
 SettingPage{id:\
 settingsPage}\x0d\x0a\
  StatePage{id:s\
tatePage}\x0d\x0a  Tes\
tWindow{id:testW\
indow}\x0d\x0a  EstopD\
ialog {id: estop\
Dialog}\x0d\x0a\x0d\x0a  Mai\
nLayouts {\x0d\x0a    \
anchors.fill: pa\
rent\x0d\x0a  }\x0d\x0a\x0d\x0a\x0d\x0a}\
\x0d\x0a\x0d\x0a\x0d\x0a\x0d\x0a\x0d\x0a\x0d\x0a\x0d\x0a\x0d\x0a\
\
\x00\x00\x04\x8e\
\x00\
\x00\x11ix\xda\xd5WQo\xdb8\x0c~/\x90\xff\
\xc0\xe5ap\xd0\x9e\x9b\x0d\xb8\x97l\xb9\xe2\x90\xf5\x80\
\x02C\xb7\xae=\xec\xa1(\x0a\xd5f\x12]\x1c\xc9'\
\xcb\xdd\x82-\xff}\x92%\xdb\x92\xa24\xc8\xe3\x0a\xb4\
\x95D\xf2#\xf5\x91\x92\xe8R\x90\xc5\x9a\xc0-e\x8b\
\x02%g\x83\x13\xba.\xb9\x90p#oj\x9a\xad\xba\
\xf90M\xcf\xff.\xe9\x10H\x05\xea\xbf\xb7\x9e\x13I\
\xaaF\xf2A\x8f<Y\xc6\x05\x1a\xd9L\x8f\x06'\x83\
\x93\x1b\xf9\xe9\xe9?\xcc$\xfc\x18\x9c\x00\xd0|\x02\x82\
s\xa9%\x00\xa5\xe0%\x0a\xb9\x81;\xbaF\x01%/\
\x8af4\xb1\x0b\x8d\x891\xd22\x14v\xce$\x8ag\
RL\xe0\xed\x9f\xe3\xb1Y\x13X\x22\x91\x13\x90\xa2F\
\xbbR3\xa66:\x819)*\xbb\xc6\xd9\x9d\xa0\x8b\
\x05\x0a\xb4q\xa4\x02\xe7*\xd0e2\xd2\x0a[\x13\xd6\
\xbcf\x99\xa4\x9cA%\x89\x90\xc9\xa8\x8d\xe3\x80./\
{U\x13nj\x16\x1d\xf5n\xc7j\x0f\xf0X\x0a|\
\x9e\x91R\xd6\x02\xbf\xa0\xe2.\xbfRa\x8d_\xd4\xbb\
\x95D\xd6\xd5\x04\xfex\x13W\xfbH$V\xd2C\xf3\
\xc2\xec\xf6\xd0F\xaa\xd2\x9b\xaa\xdfYA\x91\xc9t\x81\
2\x196)>W\xb9]U\xe7\x8a\x02\x89\xc3\xb3\x0e\
 )\xc9\xa6\xe0$\xef\xecAQ\xbe\xe9'`\xaa\x22\
\xbdS\xd6fD\xca\xb2\xd8\xe8\xb0\xb1\xb3\xed\x95\xe9\x1c\
\xdaUx\xfd\x1a\xec0\xfd\xc6\xc5\xaa\xa4\x98\xa1\xa3\xda\
\x22\x7f\xc0g\x9a\xe1\x15\x9bs=7\xf0_[\xfd\xe4\
%\x84=\xce\x16\x19\xcf\x11^M\xa7P\xb3\x1c\xe7\x94\
\xa1\xde\x9d\xe3\xb7\xa9\xe5T\xff\x9d\xd5R\xaa\x9aJ\xb5\
\xddg\xc1\x17\x82\xac\x13\x0ff\xe4\x989\xee\xac\x8f\xd0\
i:\xa7\xdfuR\xab\xc0\xbb\x03\xd2\xee\xdaz6\x93\
\x0a\xe5?\xd62\x89\x03\xba\x10\xa8\xca\xff\x18\xc4\xfb\x87\
\xdez\xdbX{l\x1cc\xdd\x8d\x9e\x89\x80\xccT0\
L!\x92\x84Vx\xb1\xb32\x01V\x17\xc5 \x06\xd5\
\x96\xb9\x82l\xb5\x15\xa4\x1d\xaa\xa3\xad\xa5\x8f4\xf7\xd9\
U.\xae\xeb\xf5\x13\x8adGq\x04\xf6\xf8\xedx2\
\xc7.\xee\xa72\xb2\x03N\x8c\x96\xf6`\x8en\xef\x02\
\xbfcV\xcb=\xbc\xb4\xc2\x8b\x9d\x95\x18/V\xd6E\
\xdb\xea*@;<\x10\xad\xaf\x15\x8b6\xe3L\x0a^\
\xec\xc9\xa2\x15^\xec\xacD\xb3hd=\xb7VWs\
k\x86\x87\xb8\xf5\xb4b\xd1\x16\xdeu\x18\x0f\xda\xe8<\
\x9a*\xd8\xe7*\xaal\xeb\xc5\xbfahuM\xae\x93\
\xa0BG\xdeE\xb6[\xbe\xe3\x170\x0c?Q\x84\x8e\
:w\xdf=\x80W\x0e>@X)q\x00/CA\
\x04A\xf2\xe2\x00>\xff>\xc2Nn<*u\xf6\xaa\
%\xaf\x8b\xfc\xb3zK\x95\xd4y\xc6;y\xe3\x1c\xb5\
\xfb{\x8f\x913\x7f\x7fg~\xb4\x0f=\xca\x9c\x0bH\
4\x14\xd5\xfe\xdf\xa9\x7f\xef;\xd4\xb4@\xb6\x90\xcbw\
pzJG\xee\x0bg6\xd8\xaa\xdd\xd3\x07\x98\xaa\xa2\
\x19\xc3\xcf\x9f\x10.\xbe\x09\x0c\xc1\xdfS\xdf\xad\xb4?\
O\x02\xc9\xca]\xda\xf6\x93\xad\xcfp\x8f\x14\x89\xee\x95\
\xed@l\x174\xf2\xbdt\xedI\xd3\xdf\x0c\xc2\xeb\xbe\
y\xb9|{\xdf\xc3N{\xd3\x05\xf8\xc2\xed9[\x12\
\xb6@\x9d\xe8\xf0t4\x87.\xd6\x0d\x8d4\xa7\xfe9\
\xd8\xd1\xb5\xc5\xe9;6\xe7\xb3\xf7\x18\xd4Z\x87\xe1\xb7\
K\xfaV\x084\xffr\x8ff,\xc4\xfeMhW\xe2\
\xfa\xe1\x0bb\xe6\x81\xee\xc7\xf0H\xf8\xd1\x84WM\x12\
\xe5\xb7\x7f\x9aZ\x9fj\xb7o\x1b*=Z\x22U\xd3\
t:\x1a\xa0oy\x9a\xce-\xb2\xd4v\xce\xba\x03\xb8\
\xe5\xb5\xc8\xb0\x0a\x8a\xec\xb0AP;m\x0dfDf\
KHP\x08/Du\x86+^`\xfa\x8d\x08\x96\x0c\
u\x83\xa9\xdb\xbe\xb6\xa3U\xd7\xb9P\xa5;'\xb4\xc0\
\x5c5\xac\xda\xba\x834\x83\xad\xd3\xc6V\xf6bXc\
U\x91\x05:\x8e\x0e\xb8Q\xb8\x5c(\xfc\x10\xc0\xba\x88\
~\x1b \xfb\xbf\xc6\x1a/\xcd\x9d\x94\x08\x9b\xce3\xe8\
\xbaT=\xe1\xec\xd3J\xff\xbdt\xf6\xadk\xf9\x89\xe7\
\x1bU\x0a?\xec.t\x9eZ\x84n\x87Z\xc7ix\
\xa6 \xbcbln\x84@G\xa5\xd4q\xef#u\x02\
\x03\xe6\xe8\xc5>\x1aJ^\x05_\x0d\xf6\xf6U4i\
8\x87vEa\xe9p\xed}Q\xb5\x81j\x1e\x9c\xc2\
\xd0ScwL\x16\x0d\xd0\xa5S\x04`\xa8M\x8eI\
\x5cV \x113\xbe^\x13\x96WI,A>\x139\
\x16>\x11\xf6\xdd\x19\xfe\xbe\x14\xa8-\xa1D\xcbAB\
\xf7\xd4iS`\xb4\xaf\x22\x81\xea\xfea\xc7Pt>\
\x84SuP\xf4W\xcc\xbf_\xae\x94\xbf\x923\xa5\xaf\
<\x8e~+\xf2\x1a\xfe~\x01,\x89;\x14\
\x00\x00\x07h\
p\
ragma Singleton\x0a\
import QtQuick\x0ai\
mport QtWebSocke\
ts\x0aimport \x22../Ap\
i\x22 as Api\x0aimport\
 \x22../datas\x22 as D\
atas\x0a\x0aQtObject {\
\x0a  id: root\x0a\x0a  p\
roperty QtObject\
 __ws: WebSocket\
 {\x0a    id: ws\x0a  \
  url: Api.Urls.\
wsLogs()\x0a    act\
ive: false\x0a\x0a    \
onStatusChanged:\
 function(status\
) {\x0a      Datas.\
LogDatas.status \
= status\x0a      D\
atas.LogDatas.co\
nnected = (statu\
s === WebSocket.\
Open)\x0a      if (\
isClosedStatus(s\
tatus)) {\x0a      \
  ws.active = fa\
lse\x0a        reco\
nnectTimer.resta\
rt()\x0a      }\x0a   \
 }\x0a\x0a    onTextMe\
ssageReceived: f\
unction(message)\
 {\x0a      try {\x0a \
       var paylo\
ad = JSON.parse(\
message)\x0a       \
 if (payload.typ\
e === \x22history\x22 \
&& Array.isArray\
(payload.items))\
 {\x0a          Dat\
as.LogDatas.appe\
ndMany(payload.i\
tems)\x0a        } \
else if (payload\
.type === \x22appen\
d\x22 && payload.it\
em) {\x0a          \
Datas.LogDatas.a\
ppend(payload.it\
em)\x0a        }\x0a  \
    } catch (e) \
{\x0a        // ign\
ore malformed pa\
yload\x0a      }\x0a  \
  }\x0a  }\x0a\x0a  prope\
rty Timer __reco\
nnectTimer: Time\
r {\x0a    id: reco\
nnectTimer\x0a    i\
nterval: 2000\x0a  \
  running: false\
\x0a    repeat: fal\
se\x0a    onTrigger\
ed: ws.active = \
true\x0a  }\x0a\x0a  func\
tion start() {\x0a \
   if (!ws.activ\
e)\x0a      ws.acti\
ve = true\x0a  }\x0a\x0a \
 function stop()\
 {\x0a    reconnect\
Timer.stop()\x0a   \
 ws.active = fal\
se\x0a  }\x0a\x0a  functi\
on reconnect() {\
\x0a    stop()\x0a    \
reconnectTimer.r\
estart()\x0a  }\x0a\x0a  \
function isClose\
dStatus(status) \
{\x0a    return [We\
bSocket.Error, W\
ebSocket.Closed]\
.indexOf(status)\
 !== -1\x0a  }\x0a\x0a  f\
unction clearLoc\
alLogs() {\x0a    D\
atas.LogDatas.cl\
ear()\x0a  }\x0a\x0a  fun\
ction sendServer\
Log(msg) {\x0a    v\
ar logMessage = \
msg !== undefine\
d ? msg : \x22UI lo\
g\x22\x0a    Api.ApiCl\
ient.post(\x22/test\
/log?msg=\x22 + enc\
odeURIComponent(\
logMessage), {},\
 function(_) {},\
 function(status\
, message) {\x0a   \
   console.log(\x22\
send log err\x22, s\
tatus, message)\x0a\
    })\x0a  }\x0a\x0a  fu\
nction clearServ\
erLogs() {\x0a    A\
pi.ApiClient.pos\
t(\x22/test/log/cle\
ar\x22, {}, functio\
n(_) {}, functio\
n(status, messag\
e) {\x0a      conso\
le.log(\x22clear lo\
gs err\x22, status,\
 message)\x0a    })\
\x0a  }\x0a}\x0a\
\x00\x00\x03\x95\
p\
ragma Singleton\x0a\
import QtQuick\x0ai\
mport \x22../Api\x22 a\
s Api\x0aimport \x22..\
/datas\x22 as Datas\
\x0aimport \x22../core\
s\x22 as Cores\x0a\x0aQtO\
bject {\x0a  id: ro\
ot\x0a\x0a  property T\
imer pollTimer: \
Timer {\x0a    id: \
poll\x0a    interva\
l: 1000\x0a    runn\
ing: false\x0a    r\
epeat: true\x0a    \
onTriggered: roo\
t.fetch()\x0a  }\x0a\x0a \
 function fetch(\
) {\x0a    Api.ApiC\
lient.get('/cutt\
ing', function(r\
esp) {\x0a      if \
(resp) {\x0a       \
 Cores.CoreCutti\
ng.updateCutting\
Snapshot(resp)\x0a \
       Datas.Cut\
tingDatas.update\
(resp)\x0a      } e\
lse {\x0a        Co\
res.CoreCutting.\
resetCuttingSnap\
shot()\x0a      }\x0a \
   }, function()\
 {\x0a      Cores.C\
oreCutting.reset\
CuttingSnapshot(\
)\x0a      Datas.Cu\
ttingDatas.reset\
()\x0a    })\x0a  }\x0a\x0a \
 function start(\
) {\x0a    if (!pol\
lTimer.running) \
{\x0a      pollTime\
r.start()\x0a      \
fetch()\x0a    }\x0a  \
}\x0a\x0a  function st\
op() {\x0a    pollT\
imer.stop()\x0a    \
Cores.CoreCuttin\
g.resetCuttingSn\
apshot()\x0a    Dat\
as.CuttingDatas.\
reset()\x0a  }\x0a\x0a  f\
unction reconnec\
t() {\x0a    stop()\
\x0a    start()\x0a  }\
\x0a}\x0d\x0a\
\x00\x00\x02\xc3\
\x00\
\x00\x0b\x1dx\xda\xbdVKk\xe30\x10\xbe\x1b\xf2\x1f\
\xa699P\xdc^\xf6\x12\xc8a\xd9\x1e\xba\xb0\xedR\
\x12\xd8\xa3Q\xed\xb1\xa3\xad-\x19Y\xee\x12J\xfe\xfb\
J\x96\xe4H\xa9\xdd5m\xd9C\x1e\x9a\xc7\xf7\xcdh\
\x1ev#HY\x13\xd8RVV(9[D\xb4n\
\xb8\x90\xf0 \x1f:\x9a=\x0d\xe7e\x92\x5c}m\xe8\
\x12H\x0b\xea7\x90\xe7D\x92\xb6\xd7\xdc\xe8\x7f\x8bh\
\x11=\xc8\x9f\x8f\xbf1\x93\xf0\xb2\x88\x00h\xbe\x06\xc1\
\xb9\xd4\x1a\x80F\xf0\x06\x85<\xc0\x8e\xd6( \x15X\
\x08l\xf7\xfdim\x85/\xca\xce\xfayZ#d\x12\
\xc53\xa9\xd6\xf0\xe5\xfa\xfa\xba\x17\x89\x8e1\x95\xc1\x1a\
\x0aR\xb5hD\xd8 \x91k\x90\xa23\x02\xcev\x82\
\x96%\x0a\xb4\xc1$\x169^)\xfd1R_E\xc7\
2I9\x83V\x12!\xe3\x95\x09\x1e`04GZ\
@|\xe1\x87\x95X~\xab\x87 \xe6\xc4\x82i\xdd\xd1\
\x5c\x80\xc7\xc3\x9bW4\xceK\xab\xc6\x9c\x86h\xec%\
\xa5\x05\xcal\xbf\x95Dvm\x9f\x8b\x13\xdd\xa1$\x81\
`\xc7y\xf5\x83\xb6\xd2f\x1c\xa0\x86(.$U\xe9\
D}\xbeU\x14\x99\xd4\x99h\xad\xf3\x89\x1br\xa88\
\xc9\x07kP\xb7}8\x1d\xecM9\xab\x93X\xa7*\
;\xc1N\x92g\x22\xa0e\xa4i\xf7\x5c\xc2\xc6&f\
M;\xa6\xa3\xc25X\xa0>\x0c\x1c,\x8e\x01\x9b\xb3\
\xa9y\x8ep\xb1\xd9@\xc7r,(\xc3|\xe5a:\
*]\xb8;m\xb9\x01\xdfq\xb0D\xd5M\x01\xac\xb2\
O\xdf\x0d\xed\x9cG\x03nQPR\xa5\xac\xab\x1fU\
\xfb\xff\x1b\xde\xd8\xdf\x1b\xf3\x13G\x003\x9dG\xe0\xfd\
A\xb2\xfb\x90\xab_\x01\xc9\x0d>\xd3\x0c\xbf\xb3\x82\xeb\
sB\x9a\xa6:l-\x5c\xecp\x1d\xd7\x112\xa2\x9a\
\x0fb\x14b\xe5\x15?\xe3\xac\xe5\x15&\x7f\x88`\xf1\
\xf2\x04\xf9\x8b\x8b'0\xcd\x08=\xb2\x9a{Za\xbe\
\xbc\x04\x8d\xe0PM{\x1d/\x87&\x8f\x8d\xcf%\xd4\
\xd8\xb6\xa4D\xafq\xe7P)l.\x14\xc79\x8a\xe5\
\x19\x1dV\x7f\x12mf\xe1L\x95(\xe3\xe5\x95\xa2/\
hyU+\xbb\xa5\x17\xefi\xc0\xfc\xf9\x1a\x1f\xafW\
\xd3\x15\x0c\x97F\xdez\x036>5\x8f\x9c\x88<5\
e\x9dn\x0b\x1fk\xaa5|\xa4\xe96\xec\xad\xb6\x9f\
E\xb7\x0d\xd9|\xa2F\xad`\x9aU\x98f\xbccr\
&\x97s\xdaq\xa9\xe2;\x91\x85`\xd3\xd9\x85\xfe\x9f\
\xc3\xd9\xcb\xc7S\xac\x08\xc3t\x8f\xb4\xdc\xcfNP\xbb\
\xdc\x1a\x0f\x8f\xca\x03z#9\xcf\xf7\xc3l\xb7!\xd9\
\x8c\x15\xe2#\x7fh\x8dh\xa0\xb7\x96\xc8\x8c\x1d\x12\xcd\
\xa5\x99Z v\x7f\xbcz\x0d9\x7fj\x8f.\x10\xe9\
\xd4\x9f\xbc5L\x114\xf9D\x09\xce \xdeu\xfb.\
\xf8\xffP\x81\x81jN\x15\xf4\xcb\xd1\x22\xfa\x0bKC\
s9\
\x00\x00\x04\xd5\
p\
ragma Singleton\x0a\
import QtQuick\x0ai\
mport QtWebSocke\
ts\x0aimport \x22../Ap\
i\x22 as Api\x0aimport\
 \x22../datas\x22 as D\
atas\x0a\x0aQtObject {\
\x0a  id: root\x0a\x0a  p\
roperty QtObject\
 __ws: WebSocket\
 {\x0a    id: ws\x0a  \
  url: Api.Urls.\
wsStatus()\x0a    a\
ctive: false\x0a\x0a  \
  onStatusChange\
d: function(stat\
us) {\x0a      Data\
s.StatusDatas.st\
atus = status\x0a  \
    Datas.Status\
Datas.connected \
= (status === We\
bSocket.Open)\x0a  \
    if (isClosed\
Status(status)) \
{\x0a        ws.act\
ive = false\x0a    \
    reconnectTim\
er.restart()\x0a   \
   }\x0a    }\x0a\x0a    \
onTextMessageRec\
eived: function(\
message) {\x0a     \
 try {\x0a        v\
ar payload = JSO\
N.parse(message)\
\x0a        // cons\
ole.log(\x22onTextM\
essageReceived \x22\
,message)\x0a      \
  Datas.StatusDa\
tas.ingest(paylo\
ad)\x0a      } catc\
h (e) {\x0a        \
// ignore malfor\
med payload\x0a    \
  }\x0a    }\x0a  }\x0a\x0a \
 property Timer \
__reconnectTimer\
: Timer {\x0a    id\
: reconnectTimer\
\x0a    interval: 2\
000\x0a    running:\
 false\x0a    repea\
t: false\x0a    onT\
riggered: ws.act\
ive = true\x0a  }\x0a\x0a\
  function start\
() {\x0a    if (!ws\
.active)\x0a      w\
s.active = true\x0a\
  }\x0a\x0a  function \
stop() {\x0a    rec\
onnectTimer.stop\
()\x0a    ws.active\
 = false\x0a  }\x0a\x0a  \
function reconne\
ct() {\x0a    stop(\
)\x0a    reconnectT\
imer.restart()\x0a \
 }\x0a\x0a  function i\
sClosedStatus(st\
atus) {\x0a    retu\
rn [WebSocket.Er\
ror, WebSocket.C\
losed].indexOf(s\
tatus) !== -1\x0a  \
}\x0a}\x0a\
\x00\x00\x01>\
s\
ingleton Works 1\
.0 Works.qml\x0asin\
gleton StatusWor\
k 1.0 StatusWork\
.qml\x0asingleton L\
ogsWork 1.0 Logs\
Work.qml\x0asinglet\
on CodeWork 1.0 \
CodeWork.qml\x0asin\
gleton CuttingWo\
rk 1.0 CuttingWo\
rk.qml\x0asingleton\
 DeviceInfoWork \
1.0 DeviceInfoWo\
rk.qml\x0asingleton\
 CalibrationWork\
 1.0 Calibration\
Work.qml\x0asinglet\
on TaskWork 1.0 \
TaskWork.qml\x0a\
\x00\x00\x01\xf3\
p\
ragma Singleton\x0a\
import QtQuick\x0ai\
mport \x22../Api\x22 a\
s Api\x0aimport \x22..\
/datas\x22 as Datas\
\x0a\x0aQtObject {\x0a  /\
/ \xe6\xa0\x87\xe5\xae\x9a\xe6\x95\xb0\xe6\x8d\xae\xe8\x8e\
\xb7\xe5\x8f\x96\xe4\xbb\xbb\xe5\x8a\xa1\x0a  id:\
 root\x0a\x0a  // \xe5\x90\xaf\xe5\
\x8a\xa8\xe6\x97\xb6\xe7\xab\x8b\xe5\x8d\xb3\xe5\x88\xb7\xe6\x96\
\xb0\xe4\xb8\x80\xe6\xac\xa1\x0a  functi\
on start() {\x0a   \
 refresh()\x0a  }\x0a\x0a\
  // \xe8\xb0\x83\xe7\x94\xa8\xe5\x90\x8e\xe7\xab\
\xaf\xe6\x8e\xa5\xe5\x8f\xa3\xe5\x90\x8c\xe6\xad\xa5\xe6\x9c\x80\
\xe6\x96\xb0\xe6\xa0\x87\xe5\xae\x9a\xe5\x8f\x82\xe6\x95\xb0\x0a\
  function refre\
sh() {\x0a    Api.A\
piClient.calibra\
tion(function(pa\
yload) {\x0a      D\
atas.Calibration\
Data.applySnapsh\
ot(payload)\x0a    \
}, function(stat\
us, message) {\x0a \
     console.war\
n(\x22CalibrationWo\
rk refresh error\
\x22, status, messa\
ge)\x0a    })\x0a  }\x0a}\
\x0d\x0a\
\x00\x00\x05\xd3\
p\
ragma Singleton\x0a\
import QtQuick\x0ai\
mport QtWebSocke\
ts\x0aimport \x22../Ap\
i\x22 as Api\x0aimport\
 \x22../datas\x22 as D\
atas\x0aimport \x22../\
cores\x22 as Cores\x0a\
\x0aQtObject {\x0a  id\
: root\x0a\x0a  proper\
ty QtObject __ws\
: WebSocket {\x0a  \
  id: ws\x0a    url\
: Api.Urls.wsCod\
e()\x0a    active: \
false\x0a\x0a    onSta\
tusChanged: func\
tion(status) {\x0a \
     Datas.CodeD\
atas.connected =\
 (status === Web\
Socket.Open)\x0a   \
   if (isClosedS\
tatus(status)) {\
\x0a        ws.acti\
ve = false\x0a     \
   reconnectTime\
r.restart()\x0a    \
  }\x0a    }\x0a\x0a    o\
nTextMessageRece\
ived: function(m\
essage) {\x0a      \
try {\x0a        va\
r payload = JSON\
.parse(message)\x0a\
        if (payl\
oad.type === \x22pr\
ogram\x22) {\x0a      \
    Cores.CoreCu\
tting.loadProgra\
m(payload)\x0a     \
   } else if (pa\
yload.type === \x22\
state\x22) {\x0a      \
    Datas.CodeDa\
tas.runState = p\
ayload.state\x0a   \
       Datas.Cod\
eDatas.currentIn\
dex = (payload.c\
urrent !== undef\
ined ? payload.c\
urrent : -1)\x0a   \
       Cores.Cor\
eCutting.updateR\
unState(payload.\
state, payload.c\
urrent)\x0a        \
}\x0a      } catch \
(e) {\x0a        //\
 ignore malforme\
d payload\x0a      \
}\x0a    }\x0a  }\x0a\x0a  p\
roperty Timer __\
reconnectTimer: \
Timer {\x0a    id: \
reconnectTimer\x0a \
   interval: 200\
0\x0a    running: f\
alse\x0a    repeat:\
 false\x0a    onTri\
ggered: ws.activ\
e = true\x0a  }\x0a\x0a  \
function start()\
 {\x0a    if (!ws.a\
ctive)\x0a      ws.\
active = true\x0a  \
}\x0a\x0a  function st\
op() {\x0a    recon\
nectTimer.stop()\
\x0a    ws.active =\
 false\x0a  }\x0a\x0a  fu\
nction reconnect\
() {\x0a    stop()\x0a\
    reconnectTim\
er.restart()\x0a  }\
\x0a\x0a  function isC\
losedStatus(stat\
us) {\x0a    return\
 [WebSocket.Erro\
r, WebSocket.Clo\
sed].indexOf(sta\
tus) !== -1\x0a  }\x0a\
}\x0a\
\x00\x00\x01]\
p\
ragma Singleton\x0a\
import QtQuick\x0ai\
mport \x22.\x22 as Wor\
ksModule\x0a\x0aQtObje\
ct {\x0a  function \
startAll() {\x0a   \
 WorksModule.Sta\
tusWork.start()\x0a\
    WorksModule.\
LogsWork.start()\
\x0a    WorksModule\
.CodeWork.start(\
)\x0a    WorksModul\
e.CuttingWork.st\
art()\x0a    WorksM\
odule.DeviceInfo\
Work.start()\x0a   \
 WorksModule.Cal\
ibrationWork.sta\
rt()\x0a    WorksMo\
dule.TaskWork.st\
art()\x0a  }\x0a}\x0a\
\x00\x00\x03g\
\x00\
\x00\x0d\xb1x\xda\xb5WAo\xd30\x14\xbeG\xe2?\
\xbc\xed0%\x07\xda\x8d\x03\x87J\x15B\x9a&\x0e\xdd\
\xd0\xd4q\x9a\xa6\xcaM\xdc\xce\x10\xc7\xc1v\xa6U[\
\xff\x00g$\xfe\x00\x07.p@\x1c\x90\xd0\xc4\x9f\x99\
\x98\xf8\x178\x8e\x93\xbaI\x9cM\x14\xd4C\x1b\xfb\xbd\
\xef}\xefs\xde\x974\xe5hN\x11\x8cI2\x8f\xb1\
d\x89Gh\xca\xb8\x84cy\x9c\x91\xf0\x8d\xd7\xef\xc3\
\x01\xc1q\x04\x14\xa5\xa9\x0a\x12\x10\xb10\xa38\x918\
\x02\x92\xe4W\xa2\x9f\x91I\x84$\x9a\x84,\x91\x1c\x85\
R\xf4h\x04\xbed,V!3\x06\x02\x87\x92\xb0$\
\xf0\xbcc\xf9r\xfaZ]\xc1\x95\x07@\xa2\x01p\xc6\
\xa4\xa7~\xa7\x9c\xa5\x98\xcb\x05\x08\xc9U\x19\xc8\x93\x0f\
Y\x84\xe3\x01l?\xdev\x04\xec\x13D\xb1\xc4\xbc+\
f\x84\x93\xb9<\xef\x8ax%\xd0\x1cw\x05\x8c%\x92\
\x99\xe8,BfX\x12\xdaD\xb9@\xdc\x04\x089\x80\
\xd3\xb3\xbc\xd5Y\x96h9`\x22\xd9>\x11i\x8c\x16\
\xfe\x05\x8a3\x1chU\x94.3(\x16`8\x1cB\
\x96DxF\x12%\xf7\xf55\xac\x96\x93,\x8e\x03\x1d\
\x0e\xc0\xb1\xccx\x02o\xc5\x09\xf7\x15\x81bY\x97\xc6\
\x97\x12\x860\xd6LM\x91\x9e\xba\xa0~\x11c\x12\xf3\
\xb0^\xac\x85\xd2\xd8\xbb\xf0,o\x04\x06zGE.\
\xd7yS\x92d\x12\x8b\x13\xf6\x82e\x5c\xfc/\xf2\xa6\
\x8a\xe2\x7f\x94\xd1)\xe6\xa6NU\x85\x88#t\xe4\x9b\
\xa8\xa0\x06\xd7\xd0\xd6\xee\xb7L\x82><\xddU\x82\xb0\
\x03r\x89#\x7f/h\xb6*\xf4\xd9\x8f\xd0\x14\xc7\xeb\
}\xe6\x0c\x135\x08\x9c\x84N\x86[\x05E\x13\x16\x94\
\xa9\xc5f\x95\x9c\x0b^\xb2\xaf\xc9\xf1\xfb\xc3\xd7\xbb\x9b\
/\xdb\x81#m\xcf\x91v{\xf3\xf3\xee\xfd\xa7\xdb\xef\
\x9f\x9d\x99O\x1c\x99w?\xbe\xfdz\xf7\xd1\xa4-\xbd\
{\x04UZ\xd9b)\x87\x88\x17\xe3\x04\xa5\xe2\x9cI\
?E\x8b\x98\xa1\xc8\xbe/\xb6\xca\xb5\xb5\xb3\xaa\xb6\x9f\
s\x8e\x16=\x22\xf4w\x95\xbfR\xad\x1c$\xa5\xb7\xd9\
\xb4\xba3+k\xb7\xf1*5\xaf%\xb0\xf4\xebm\x9b\
\xcb\xa5\xf9\xce\x0fuF\xb8]\xe2t\xf7,\xbfw\xaf\
\x96\x16\x09mL*\xa4\x18\xf6r\xb5t\xa3\xc6\xc6\xc8\
P\xaa-k\xdfi\x06\x1b+il\x14.\xb4\xb6\x9c\
\xf7\xad\xe9\xf6\xa8f\xb4eO\xdc\xaaU\x9b\xb2u\x8c\
Vf\xd0\x00\x8cL3\x13J\xbb`\xad\x9e\x1b\xc8\x16\
D\x13\xbf8\xa6{\xd0+\xe1\x1a\xd8Uz\x139\xcb\
e--\xaa\x0b\xbd\xd4\xbfng-0\xcd*\x02\xf3\
\x0b\x12\xe2I\xac\x8e\xeb!\xc5\xaccm\xaf\xd7\x06\x18\
<\xf4\xf8\x0b\x97\xea\xaa_\xa5\xaf9\x9a\x9d\xdd2\x94\
\xda\x0b\x01\xd4;\xc0\x08\xcfQ\xb8(g\x02BFS\
$\xc9\x94\xc4D.\xbc\xfa\x08Vs\xba\xc6\x07vv\
\xa0u\xc2\xabxk\xd4[\xadd\x15\xe8\xa4Z\xa7q\
\xe8\x9e\x0b\xc7T4\xb2\x8bx\x1c\x0b\xdc@\x9f\xd0\x8d\
\xe0'\xf4\x1e\xfc#5@\x7f\x8d\x9e'\x07\xed\xaaT\
S\xeb\xc4n\x9f\xeb6\x8c.y\xa2\x7fP\xa7\x02q\
\x14\x0a3\x99{\xcc\xa6\xa5j0\x0e\xe1\x0a\xcbp\x96\
\xa8\x1c\xa5\xbd\x15\xbd\xdd\xa5W\xb6\x11|\x91\xee`^\
\xf9\x8f\x13\xddv\xa8\xf6\x02eDW\x0b\xb9}mR\
C\x038z\x18w\xb8\x9c\xdb\xe3\x9a\x08\xcd\xd7<\xf3\
r`\xec\xa7\xed\x11\xefx\xc0\xb7>\xde\xdb\x1e\xee\x8e\
G{\xab\xb3[\xef9\xea\x1fC\xceu\xf9\xc8+?\
\x7f\x00B`W\xd4\
\x00\x00\x09,\
p\
ragma Singleton\x0d\
\x0aimport QtQuick\x0d\
\x0a\x0d\x0aQtObject {\x0d\x0a \
 id: root\x0d\x0a  pro\
perty bool conne\
cted: false\x0d\x0a  p\
roperty string r\
unState: \x22IDLE\x22\x0d\
\x0a  property int \
currentIndex: -1\
\x0d\x0a  property var\
 lines: []\x0d\x0a  pr\
operty var entri\
es: []\x0d\x0a  proper\
ty ListModel mod\
el:\x0d\x0a\x0d\x0a  ListMod\
el { id: interna\
lModel }\x0d\x0a\x0d\x0a  fu\
nction reset() {\
\x0d\x0a    connected \
= false\x0d\x0a    run\
State = \x22IDLE\x22\x0d\x0a\
    currentIndex\
 = -1\x0d\x0a    clear\
Program()\x0d\x0a  }\x0d\x0a\
\x0d\x0a  function set\
ProgramList(list\
) {\x0d\x0a    model.c\
lear()\x0d\x0a    var \
source = Array.i\
sArray(list) ? l\
ist : []\x0d\x0a    va\
r normalized = [\
]\x0d\x0a    var texts\
 = []\x0d\x0a    for (\
var i = 0; i < s\
ource.length; ++\
i) {\x0d\x0a      var \
item = source[i]\
\x0d\x0a      var text\
 = \x22-\x22\x0d\x0a      if\
 (item && item.d\
isplayText !== u\
ndefined)\x0d\x0a     \
   text = String\
(item.displayTex\
t)\x0d\x0a      else i\
f (item && item.\
text !== undefin\
ed)\x0d\x0a        tex\
t = String(item.\
text)\x0d\x0a      els\
e if (item && it\
em.command !== u\
ndefined)\x0d\x0a     \
   text = String\
(item.command)\x0d\x0a\
      else if (i\
tem !== undefine\
d && item !== nu\
ll)\x0d\x0a        tex\
t = String(item)\
\x0d\x0a\x0d\x0a      var en\
tryObj\x0d\x0a      if\
 (item && typeof\
 item === \x22objec\
t\x22)\x0d\x0a        ent\
ryObj = item\x0d\x0a  \
    else\x0d\x0a      \
  entryObj = { d\
isplayText: text\
 }\x0d\x0a      entryO\
bj.displayText =\
 text\x0d\x0a      ent\
ryObj.index = en\
tryObj.index !==\
 undefined ? ent\
ryObj.index : (i\
 + 1)\x0d\x0a      nor\
malized.push(ent\
ryObj)\x0d\x0a      te\
xts.push(text)\x0d\x0a\
      model.appe\
nd({ idx: i + 1,\
 text: text, sta\
tus: \x22READY\x22 })\x0d\
\x0a    }\x0d\x0a    entr\
ies = normalized\
\x0d\x0a    lines = te\
xts\x0d\x0a    updateS\
tatuses()\x0d\x0a  }\x0d\x0a\
\x0d\x0a  function cle\
arProgram() {\x0d\x0a \
   model.clear()\
\x0d\x0a    entries = \
[]\x0d\x0a    lines = \
[]\x0d\x0a  }\x0d\x0a\x0d\x0a  fun\
ction updateStat\
uses() {\x0d\x0a    if\
 (!model || mode\
l.count === unde\
fined)\x0d\x0a      re\
turn\x0d\x0a    var cu\
r = currentIndex\
\x0d\x0a    var state \
= runState\x0d\x0a    \
for (var i = 0; \
i < model.count;\
 ++i) {\x0d\x0a      v\
ar status = \x22REA\
DY\x22\x0d\x0a      if (c\
ur >= 0) {\x0d\x0a    \
    if (i === cu\
r) {\x0d\x0a          \
if (state === \x22E\
RROR\x22)\x0d\x0a        \
    status = \x22FA\
IL\x22\x0d\x0a          e\
lse if (state ==\
= \x22RUNNING\x22)\x0d\x0a  \
          status\
 = \x22RUNNING\x22\x0d\x0a  \
        else\x0d\x0a  \
          status\
 = \x22READY\x22\x0d\x0a    \
    } else if (i\
 < cur) {\x0d\x0a     \
     status = \x22O\
K\x22\x0d\x0a        }\x0d\x0a \
     }\x0d\x0a      mo\
del.setProperty(\
i, \x22status\x22, sta\
tus)\x0d\x0a      if (\
entries && entri\
es.length > i &&\
 entries[i] && t\
ypeof entries[i]\
 === \x22object\x22)\x0d\x0a\
        entries[\
i].status = stat\
us\x0d\x0a    }\x0d\x0a  }\x0d\x0a\
\x0d\x0a  onCurrentInd\
exChanged: updat\
eStatuses()\x0d\x0a  o\
nRunStateChanged\
: updateStatuses\
()\x0d\x0a\x0d\x0a\x0d\x0a}\x0d\x0a\
\x00\x00\x037\
\x00\
\x00\x0b]x\xda\x85U\xc9n\xdb0\x10\xbd\xeb+F\
.\x10H(j\xe4l\xc0-\x8a\xf4R M\x91\x05\
\xbd\x14\x85@Kt\xc0\x9a\x12U\x8aJ\xe3&\xfe\xf7\
r\x93DR\x94s\x8a3\xf3\xe6i6\xbei9z\
\xac\x11\xdc\x93\xe6\x91b\xc1\x9a\x84\xd4-\xe3\x02n\xc5\
mO\xcaC\x92\xdc\x8a\xef\xbb\xdf\xb8\x14\xf0\x92\x00\x90\
j\x03\x9c1\x91\xc8\xdf-g-\xe6\xe2\x08\xa4\x11\xf0\
\x97\xf1CKp\x89\xbfJ\xc4\xa5\xeb\xed\x04\x97\xdc\x13\
\xe0\x8aUx\x03\xab\x0f\xabs\xa0\x87c\xbb\x08\xea0\
'\x88\xde\xf4\xf5\x0e\xf3\x19F\xe5B\x91\xc0\x9d\xb8\xc3\
%\xe3\xd5,\x1d\x05\xe0\x18UG\xd7\xef\x02\x9e\x10\x87\
\x12\xb5\xa2\xe7\xf8\x01u\x87\x0dd/\xa7<\x04\xe0g\
\x5c\xf6\xe2\x0c\xa0d\x8d\xe0\x8c.\x03t\x0e\xf7B\xa6\
z\x96\xe0\x8a\xd55j\xaan\x03?\x7f\x85\x90\xc7R\
\xb6\xf2\x0b\x12\xc82\xb8\xfe\x1dct(\xe3N}j\
\x03\x82\xf7x\x06\xb1\x85\x9c\x83\xd8L\x16 \xaa\x9f\x88\
\x22^\x7fC\xcf\xd7\xf8\x09\xd3\xa0\xdf\x9aB\x03\xaeY\
y\xc0\xb2\xdd{D;\xac\x92\xdd\xf7M)\x08kd\
/:,\xb2\x5co\x18\xb8\xab\x04[M\x06\xfe\xf6H\
\xab\x99:\xf8\x0b\xe3\xd8\xdd\x1dq\xcc\xfef\x8c\xec\xde\
>\x8cVg\x09\xa4\xcd\xce\x08\xdc\xd1\xbbfg\xe0\xae\
y\x1as\x04<\x0cW\xba\xf4ta\x1a\xa9\x87v\xc6\
(\xedv\x02\xe0\xcd\xce\xb5\xbb\x03s\xed\xde\x98\xc62\
\x9d\xd9H\x9b\x19\x0e\xc0\xc9\x1bPQR\xd6\xe0\x8c4\
m/\x861\x91=\x18\x03l\xb7[\xe8\x9b\x0a\xefI\
#9^_a27=\xa5\xa6\x08\xd5\x0aYE3\
\x95\xa5\x08\x84\x1c\x1b\xdb;\x01+\xa6\xc5f\x15\x04i\
@\xe2\xb1\xc8'@{\xf9xL\xac\xe6\x0c\x92n\x18\
\xaf\x11%\xff\xf05\xe9D\xa6\xe1n\xf2\xda0O~\
2G\x92\xb7cR\xe1\x9f9G\xc75\xe9\xf4_\xcb\
\x1e\xa0\xb51\xacu\xe2\x1fk\xb5I-\xf2\xae\x89\xc0\
u7\xb2\xfb\xfc\xc6\xf9\x06\x01\x95\x1dX\x8aW\xbe\xa0\
J\xed0\xa5\x9e\x92\xa8\xc3o5j[j\xb6<k\
\xd1\x912T\xb9\x8dN\x03\x1b\x0c\x0f\xde\xfb\xaa\xf35\
%n\xe3\xcb\x96Ki\xe3\xd7\x93M\xce\xe9\xe54~\
`\xb4\xafI\x05\xa9;\xd0\xe1\x13\xbe\xa6\xb8\xf8\x08\x89\
z\x83o\xd0X\x19\xba\xd7\x17)\x08\xcd#\x94j\xf6\
oPZ\x05\x9bQ\xaa\xd0<&j\x99[\xd4\xc5\x85\
W\xe3G\xb8\xcc\xe1\x13d\xabw+x\xefzr0\
'3.\x87C\xa3\x8d\xa3\xe0\xda\xa3\x9a\x1d\xd7\xc9a\
\xd8k\xedP9x\x86\xb5\x89/H\xa5rYp\x81\
\xbd\xbf\xa1\xdeZ\xc9\x19\xa2\xac3&\xc1\x01\xd2:c\
\xaa\x1cr\x1agD\xa8\x03\xa0\xf6-)w 3\x13\
\xb9F\x14\xfa\xe5\xcd\xb4\xdd\xa2\xdc\x96i\xb7\xd3'\xf3\
\xfft\xdagw M\xb3)\xe9\xa1Az\xc9\xb4\x88\
\xe7\xb1\x1b\x91\xa6N\x88\xf5\xc5nF\xc0m\x9cs\xad\
\x9cc\xa6\xe5\x1f\xea\xd0\xf7\xa5\xa8\xd1sA\xf5\xdd\xf1\
_\xc1(\x09\xea\xcd\xd7\xf66\xfd0\x12\x09f\xd5\x97\
\x98\x86\x17\x14\x9e5\xd2\xdd\xa0\x9b\xcc\xe3R\xfbw)\
{\xe9\x19\x8d\xe0\x00\x96\xbd\x1a\xb3\x88\x9f\xc8S\xe4P\
\xa6\xa9\x9f\x16\xc7\x7fz\x22u\xad\xd0\xda\xa6\x15\xf2\x94\
\xfc\x07\xf4\x90\xab*\
\x00\x00\x07#\
p\
ragma Singleton\x0d\
\x0aimport QtQuick\x0d\
\x0a// Cutting payl\
oad fields docum\
ented in docs/ui\
_data_contracts.\
md\x0d\x0a\x0d\x0aQtObject {\
\x0a  id: root\x0a  pr\
operty bool conn\
ected: false\x0a  p\
roperty var last\
: ({})\x0a  propert\
y var fixtures: \
[]\x0a  readonly pr\
operty real feed\
Rate: (last && l\
ast.feed_rate !=\
= undefined) ? N\
umber(last.feed_\
rate) : 0\x0a  read\
only property re\
al downfeedTarge\
t: (last && last\
.downfeed_target\
 !== undefined) \
? Number(last.do\
wnfeed_target) :\
 0\x0a  readonly pr\
operty real down\
feedCurrent: (la\
st && last.downf\
eed_current !== \
undefined) ? Num\
ber(last.downfee\
d_current) : 0\x0a \
 readonly proper\
ty real removalC\
urrent: (last &&\
 last.removal_cu\
rrent !== undefi\
ned) ? Number(la\
st.removal_curre\
nt) : 0\x0a  readon\
ly property real\
 removalExpected\
: (last && last.\
removal_expected\
 !== undefined) \
? Number(last.re\
moval_expected) \
: 0\x0a  readonly p\
roperty real rem\
ovalRemaining: M\
ath.max(0, remov\
alExpected - rem\
ovalCurrent)\x0d\x0a  \
readonly propert\
y real torqueMax\
: (last && last.\
torque_max !== u\
ndefined) ? Numb\
er(last.torque_m\
ax) : 0\x0d\x0a  reado\
nly property rea\
l torque: (last \
&& last.torque !\
== undefined) ? \
Number(last.torq\
ue) : 0\x0a  readon\
ly property real\
 elapsedSec: (la\
st && last.elaps\
ed_sec !== undef\
ined) ? Number(l\
ast.elapsed_sec)\
 : 0\x0a\x0a  function\
 update(payload)\
 {\x0a    if (!payl\
oad)\x0a      retur\
n\x0a    connected \
= true\x0a    last \
= payload\x0a    if\
 (payload.fixtur\
es !== undefined\
) {\x0a      if (Ar\
ray.isArray(payl\
oad.fixtures))\x0a \
       fixtures \
= payload.fixtur\
es\x0a      else\x0a  \
      fixtures =\
 []\x0a    }\x0a  }\x0a\x0a \
 function reset(\
) {\x0a    connecte\
d = false\x0a    la\
st = ({})\x0a    fi\
xtures = []\x0a  }\x0a\
\x0a  function setF\
ixtures(value) {\
\x0a    if (value =\
== undefined || \
value === null) \
{\x0a      fixtures\
 = []\x0a      retu\
rn\x0a    }\x0a    if \
(Array.isArray(v\
alue))\x0a      fix\
tures = value\x0a  \
  else if (typeo\
f value === \x22obj\
ect\x22)\x0a      fixt\
ures = [value]\x0a \
   else\x0a      fi\
xtures = []\x0a  }\x0a\
}\x0a\
\x00\x00\x0d\x83\
p\
ragma Singleton\x0a\
import QtQuick\x0a\x0a\
// \xe6\xa0\x87\xe5\xae\x9a\xe6\x95\xb0\xe6\x8d\xae\xe4\
\xb8\xad\xe5\xbf\x83\xe5\xad\x98\xe5\x82\xa8\xef\xbc\x8c\xe7\xbb\
\x9f\xe4\xb8\x80\xe6\x8f\x90\xe4\xbe\x9b\xe5\x9b\xbe\xe5\x83\x8f\
\xe5\xb0\xba\xe5\xaf\xb8\xe3\x80\x81\xe4\xb8\x96\xe7\x95\x8c\xe5\
\xb0\xba\xe5\xaf\xb8\xe3\x80\x81\xe5\x8e\x9f\xe7\x82\xb9\xe4\xb8\
\x8e\xe5\xa4\xb9\xe5\x85\xb7\xe4\xbf\xa1\xe6\x81\xaf\x0aIt\
em {\x0a  id: root\x0a\
\x0a  // \xe5\x9b\xbe\xe5\x83\x8f\xe5\xae\xbd\xe5\
\xba\xa6\xef\xbc\x88\xe5\x83\x8f\xe7\xb4\xa0\xef\xbc\x89\x0a \
  property int i\
mageWidth: 0//_s\
tate.imageWidth\x0a\
  // \xe5\x9b\xbe\xe5\x83\x8f\xe9\xab\x98\xe5\xba\
\xa6\xef\xbc\x88\xe5\x83\x8f\xe7\xb4\xa0\xef\xbc\x89\x0a  \
property int ima\
geHeight:0// _st\
ate.imageHeight\x0a\
\x0a  // \xe4\xb8\x96\xe7\x95\x8c\xe5\x9d\x90\xe6\
\xa0\x87\xe5\xae\xbd\xe5\xba\xa6\xef\xbc\x88\xe6\xaf\xab\xe7\xb1\
\xb3\xe6\x88\x96\xe9\x85\x8d\xe7\xbd\xae\xe5\x8d\x95\xe4\xbd\x8d\
\xef\xbc\x89\x0a  readonly p\
roperty alias wo\
rldWidth: _state\
.worldWidth\x0a  //\
 \xe4\xb8\x96\xe7\x95\x8c\xe5\x9d\x90\xe6\xa0\x87\xe9\xab\x98\
\xe5\xba\xa6\xef\xbc\x88\xe6\xaf\xab\xe7\xb1\xb3\xe6\x88\x96\xe9\
\x85\x8d\xe7\xbd\xae\xe5\x8d\x95\xe4\xbd\x8d\xef\xbc\x89\x0a \
 readonly proper\
ty alias worldHe\
ight: _state.wor\
ldHeight\x0a\x0a  // \xe6\
\xa0\x87\xe5\xae\x9a\xe5\x8e\x9f\xe7\x82\xb9 X \xe5\x9d\
\x90\xe6\xa0\x87\xef\xbc\x88\xe4\xb8\x96\xe7\x95\x8c\xe5\x9d\x90\
\xe6\xa0\x87\xe7\xb3\xbb\xef\xbc\x89\x0a  read\
only property al\
ias originX: _st\
ate.originX\x0a  //\
 \xe6\xa0\x87\xe5\xae\x9a\xe5\x8e\x9f\xe7\x82\xb9 Y \
\xe5\x9d\x90\xe6\xa0\x87\xef\xbc\x88\xe4\xb8\x96\xe7\x95\x8c\xe5\
\x9d\x90\xe6\xa0\x87\xe7\xb3\xbb\xef\xbc\x89\x0a  re\
adonly property \
alias originY: _\
state.originY\x0a  \
// \xe5\xa4\xb9\xe5\x85\xb7\xe5\x88\x97\xe8\xa1\xa8\xef\
\xbc\x8c\xe6\xaf\x8f\xe9\xa1\xb9\xe5\x8c\x85\xe5\x90\xab n\
ame / rotation_o\
rigin / rect\x0a  r\
eadonly property\
 alias fixtures:\
 _state.fixtures\
\x0a\x0a  // \xe5\x86\x85\xe9\x83\xa8\xe5\x8f\xaf\
\xe5\x86\x99\xe7\x8a\xb6\xe6\x80\x81\xe5\xaf\xb9\xe8\xb1\xa1\xef\
\xbc\x8c\xe9\x9b\x86\xe4\xb8\xad\xe7\xae\xa1\xe7\x90\x86\xe5\x8e\
\x9f\xe5\xa7\x8b\xe6\x95\xb0\xe6\x8d\xae\x0a  QtO\
bject {\x0a    id: \
_state\x0a    // \xe9\xbb\
\x98\xe8\xae\xa4\xe5\x9b\xbe\xe5\x83\x8f\xe5\xae\xbd\xe5\xba\xa6\
\x0a    property re\
al imageWidth: 0\
\x0a    // \xe9\xbb\x98\xe8\xae\xa4\xe5\x9b\
\xbe\xe5\x83\x8f\xe9\xab\x98\xe5\xba\xa6\x0a    p\
roperty real ima\
geHeight: 0\x0a    \
// \xe9\xbb\x98\xe8\xae\xa4\xe4\xb8\x96\xe7\x95\x8c\xe5\
\x9d\x90\xe6\xa0\x87\xe5\xae\xbd\xe5\xba\xa6\x0a    \
property real wo\
rldWidth: 0\x0a    \
// \xe9\xbb\x98\xe8\xae\xa4\xe4\xb8\x96\xe7\x95\x8c\xe5\
\x9d\x90\xe6\xa0\x87\xe9\xab\x98\xe5\xba\xa6\x0a    \
property real wo\
rldHeight: 0\x0a   \
 // \xe9\xbb\x98\xe8\xae\xa4\xe5\x8e\x9f\xe7\x82\xb9\
 X\x0a    property \
real originX: 0\x0a\
    // \xe9\xbb\x98\xe8\xae\xa4\xe5\x8e\x9f\
\xe7\x82\xb9 Y\x0a    proper\
ty real originY:\
 0\x0a\x0a    // \xe5\xa4\xb9\xe5\x85\
\xb7\xe6\x95\xb0\xe7\xbb\x84\xef\xbc\x88\xe6\xb7\xb1\xe6\x8b\xb7\
\xe8\xb4\x9d\xe4\xbf\x9d\xe8\xaf\x81\xe5\xa4\x96\xe9\x83\xa8\xe4\
\xb8\x8d\xe5\x8f\xaf\xe4\xbf\xae\xe6\x94\xb9\xef\xbc\x89\x0a \
   property var \
fixtures: []\x0a  }\
\x0a\x0a  // \xe5\xba\x94\xe7\x94\xa8\xe5\x90\x8e\
\xe7\xab\xaf\xe4\xb8\x8b\xe5\x8f\x91\xe7\x9a\x84\xe6\xa0\x87\xe5\
\xae\x9a\xe5\xbf\xab\xe7\x85\xa7\x0a  funct\
ion applySnapsho\
t(payload) {\x0a   \
 if (!payload)\x0a \
     return\x0a    \
var meta = paylo\
ad\x0a    try {\x0a   \
   // \xe8\xa7\xa3\xe6\x9e\x90\xe5\x9b\xbe\xe5\
\x83\x8f\xe5\xb0\xba\xe5\xaf\xb8\x0a      i\
f (meta.image !=\
= undefined) {\x0a \
       var img =\
 meta.image\x0a    \
    if (img.widt\
h !== undefined)\
\x0a          _stat\
e.imageWidth = N\
umber(img.width)\
\x0a        if (img\
.height !== unde\
fined)\x0a         \
 _state.imageHei\
ght = Number(img\
.height)\x0a      }\
 else {\x0a        \
if (meta.image_w\
idth !== undefin\
ed)\x0a          _s\
tate.imageWidth \
= Number(meta.im\
age_width)\x0a     \
   if (meta.imag\
e_height !== und\
efined)\x0a        \
  _state.imageHe\
ight = Number(me\
ta.image_height)\
\x0a      }\x0a\x0a      \
// \xe8\xa7\xa3\xe6\x9e\x90\xe4\xb8\x96\xe7\x95\x8c\xe5\
\xb0\xba\xe5\xaf\xb8\x0a      if (\
meta.world !== u\
ndefined) {\x0a    \
    var world = \
meta.world\x0a     \
   if (world.wid\
th !== undefined\
)\x0a          _sta\
te.worldWidth = \
Number(world.wid\
th)\x0a        if (\
world.height !==\
 undefined)\x0a    \
      _state.wor\
ldHeight = Numbe\
r(world.height)\x0a\
      } else {\x0a \
       if (meta.\
world_width !== \
undefined)\x0a     \
     _state.worl\
dWidth = Number(\
meta.world_width\
)\x0a        if (me\
ta.world_height \
!== undefined)\x0a \
         _state.\
worldHeight = Nu\
mber(meta.world_\
height)\x0a      }\x0a\
\x0a      // \xe8\xa7\xa3\xe6\x9e\x90\
\xe5\x8e\x9f\xe7\x82\xb9\x0a      var\
 origin = meta.o\
rigin || {}\x0a    \
  if (origin.x !\
== undefined)\x0a  \
      _state.ori\
ginX = Number(or\
igin.x)\x0a      if\
 (origin.y !== u\
ndefined)\x0a      \
  _state.originY\
 = Number(origin\
.y)\x0a      if (me\
ta.origin_x !== \
undefined)\x0a     \
   _state.origin\
X = Number(meta.\
origin_x)\x0a      \
if (meta.origin_\
y !== undefined)\
\x0a        _state.\
originY = Number\
(meta.origin_y)\x0a\
\x0a      // \xe8\xa7\xa3\xe6\x9e\x90\
\xe5\xa4\xb9\xe5\x85\xb7\xe4\xbf\xa1\xe6\x81\xaf\xef\xbc\x88\xe6\
\xb7\xb1\xe6\x8b\xb7\xe8\xb4\x9d\xe4\xbb\xa5\xe9\x98\xb2\xe5\xa4\
\x96\xe9\x83\xa8\xe4\xbf\xae\xe6\x94\xb9\xe5\x86\x85\xe9\x83\xa8\
\xe7\x8a\xb6\xe6\x80\x81\xef\xbc\x89\x0a      \
if (meta.fixture\
s !== undefined \
&& meta.fixtures\
 instanceof Arra\
y)\x0a        _stat\
e.fixtures = JSO\
N.parse(JSON.str\
ingify(meta.fixt\
ures))\x0a      els\
e\x0a        _state\
.fixtures = []\x0a \
   } catch (err)\
 {\x0a      console\
.warn(\x22Calibrati\
onData.applySnap\
shot failed\x22, er\
r)\x0a    }\x0a  }\x0a\x0a  \
// \xe9\x87\x8d\xe7\xbd\xae\xe4\xb8\xba\xe9\xbb\x98\xe8\
\xae\xa4\xe5\x80\xbc\x0a  function\
 reset() {\x0a    _\
state.imageWidth\
 = 0\x0a    _state.\
imageHeight = 0\x0a\
    _state.world\
Width = 0\x0a    _s\
tate.worldHeight\
 = 0\x0a    _state.\
originX = 0\x0a    \
_state.originY =\
 0\x0a    _state.fi\
xtures = []\x0a  }\x0a\
}\x0a\
\x00\x00\x04\x9e\
\x00\
\x00\x11\xf6x\xda\xd5W\xdbn\x1b7\x10}7\xe0\x7f\
\x18\xeb!\xd8\x85[An\xfb\xa4T)\x1cW.\x84\
\xcav\xa38\xe8C\x10\x18\xf4.%\xb1\xe6\x92\x02\x97\
kEU\xfc\xef\xe5e/$\x97\x12R\xa0(Z\xc3\
\xb0\xb5\x9c\xc3\x99\xd93s\x86\xd4F\xa0U\x81\xe0=\
a+\x8a%g\xa7'\xa4\xd8p!\xe1\x9d|W\x91\
\xec\xe9\xf4\xe4\xf4d&q\x01\xfb\xd3\x13\x00\x92\x8fA\
p.\xf5*\xc0F\xf0\x0d\x16r\x07\x84I(%\x92\
U9\x86o/<\xd3#\xe7\x142\xce\x18\xce$V\
\xbb\x97\x88\x96\xb8\xb7\x99\xf2Uy\x83>\x8f\xe1b4\
\x1ay\xd6R\x0a\x95\x1aP\xfc\x8c\xe95\xa1\x12\x8b1\
\x0c.\xe7\xf3\x81MaNJy\xc3sLao\x92\
3\x8e\xcc\xf3K\xcc\xbc4\x1ep\xdeB\xbcX\x88\x12\
T\x1a\x17\x8e\xa3\x08\xa2\xf127H\xcfg\x84\x18\x86\
?\xcb\x99\x8a=\xb2\xb6\x92\xac\x18\xa2\xda\xff\x02g\x98\
<\xe3<yF\x02\x88\xe28u\xec\x8d\xd7\xcbG^\
\xc9{\xfea\x93#\x89\x93\x18\xc2\x9arm\xd3\xd6e\
\xc52I8\x83\x07\xc3\xd9\x02\xb1\xa7\xc4|Jm\x09\
\x01t\xb8'\xbc\x83\x09\xbc7\xe4Z3|\xf9\x02\x83\
A:\x94*\x96J\xfe\x0a\x95u8\x15pKd\xb6\
\x86Dmj\x9dd\xca\x0e\x83\xfb\xc5\xe5\xd5t0\xb6\
K\x00\x02\xcbJ0\x18\xb9\x90\x9f\xa7o?\xfc\xd2\x83\
\x5c\xb8\x90\xd9\xed\xf5]\x0f\xf1\x9d\x8b\xf8\xfdrq\xdb\
 \xba\x95\xd9m\xdf\xf1\xf7.h\xbaX\xdc-z\x90\
\x1f\xecs\x8e\x97\xa8\xa2\xf2@\x5c\xd3>/!\xa5\x8c\
\x8bB\xf5\xc0\x9fx\xca\xa4\xd8%X\xffm)!K\
\xb0+0\x99L\xa0b*\x00a8\xd7\xc4v\xcb\xac\
\xa24\x0dB\xea\xb5\xce\x85\xdcm0_:[\x06\xfc\
\xf1\x0f\xa5\x9eA\x1b\xc8\x960\xa3\x9caU\xc4\xfdK\
\xb3\xba\xe4\x02\x92\xa6\xba\x84\x81\x9f^\xe3\xff\xcc,\x0f\
\xd7\xa8\xbc\xdb\xb2\xdf\x9aNm\x92\x0c\xd6M\xcd\xd3\xce\
\x01\xd8\xb0\x1f\xd5\xf2'\x15\xdbl1\x0f\x0d\xe4%x\
7\x03w(m\x0d{\xf5\x12\xb4\xc2\xe3\xfaE\xa3|\
\x17H\xf5\x1d.\xad\xee\x13#\x91\xe6mj/\x0f\x11\
H\xb4rG\x5c\x19R\xda\x9d\x8e\xf3vVY\xc2\xad\
\xe0~\xed)\xc7\xfa4\xfa\xd1\x83)*!\x1d\xc3\xd9\
\xaf\xabj\xb0AD)*'\xa0@\xdb\xb9\x91\xe6\xc4\
\x8c\x87\xa1\xd5\xe9\x99\xd7\x5c?\xb9\xa6\xb1}0\x9b:\
7zM\x8f\x01\xe5\xc6\x99\x09\x8d\xf3\xb4\x03\x16\x84\xf5\
qm\xd6\xa9G|\xeb\xf4\xcd\xa4\xd9\x17\xe3=\xa3\x18\
\x89\xa4\xa5\xfa\xc8T\x83n\xe4\x0e\xeb]\xfe\x9e#&\
g\x04FJ/p\xc1\x9f\xf1\xb5\xe0\xc5u\x8d\x7f\xbb\
\x9b\xe5\x89Db\x85\xd5d\xfe\x06\x18\x97d\xb9\xbbZ\
#\xb6\xc2]\xaa\x8d\x98\x88\xe2c\xf4Z\xfd\xfb1L\
\x85WL\xbe\x86\xf3s\x12(S\xf0\xad\xda\xe3\x83U\
\xa8\x84\xb4\xe5\xd6\xed\xa0Q\xaf^i\xf0\xf0\xe1\x81\xe4\
\xa6)\x9a\x9cz\xa2\xf5Rt\xe5\xe8\x1a\x12\xc7\xe2G\
\xb7\x148\x09D:\xae\x15\xa8\xaf\xd3V\x04=^\x95\
\x04\x8a{\xae\x8e\xed$J\xa0\x99Qf)\xd7lt\
Z\xda\xae\x09\xc5\x908\xe5\xd6D\xc2\x9b\xe6\x16\xa0Y\
\xe9\x1bG!\xc9\xe6\x95\xb4\xeb\x0e\xabI\x1e\xa5\x11\xd4\
L\xe3\x9a\x1d\x9at\xfb\xd1\x10\xdf\xc0;75[#\
\xaf\x5c\x87\xda\xa8\x8d\x10\xf4\x91Cu\xc7B\xc7\xb6O\
r\x8d\x88\xd1,\xf0cEh\xde\xc4\xeck)\xa6\x8b\
H\xef\x06\x8c\xc6\xfa\xb6>r\x02B\xfd\xae\x0d\x06\xa9\
=b\x0e\xf6\x1dRs\x90\xe55\xea\xc8\xc1Z\x19\x01\
\x1f~\xc7\xe8\xbc\xe81\xf37\x86B\x9d\x98w\x0eh\
\x0a\xda\x03^W+<\xee\x9d3\xc2\x9c\x19\x1d8\x98\
\xe3\xf6\xa93\xd7\x02\xaf\xaf\x82\xe7\xe7\xe1\xbc\xab\xb3\xe9\
\xf9\xd3\x19!\xfd\xea\xd3\x82H\x19\xea\xe8\xa0\xc0\xda\xb7\
\xc4\xac\xac\x046\xe4%N\xadM\xf2\xae_o\xdc\x1c\
\xe5\x5c\xff\x04\x19\x1d\x9e \x91~q^\xd1\x09\xea\xe5\
\xd9\xdefb\x9d\x14\xa1\xfc\x88\xbaL\x02\xdd\x98r\xc2\
\xa4G\xb7\xeb}\xf5z/\x1d\xaf\xad\xc0\xbb\xc7\x07\xc9\
\xc5{\xee\x061\xdbIe\xff\x02R\xeaK\x84\xfd\xa4\
Nt\xb6\x92\xebhc\xe9\xc2STJ\x988W\xc7\
\xffy\xaf\xc4F\x96K\xc4\xb1y\x15\xd3i\xf9\x91|\
\xf2\x06\xd7\x99;\x84L\xe19\x93\x84u\xf9\xd8\xebo\
T\xa9\x11\xad\xfa\xde\x0eOF\x97\xadh\x9b\x7f\xc5\xc8\
<\xd4\xa6\xcem\xbbn\x07\xb3\xeb\xdf\x96\x80\x86\x9a\xf8\
g\xe1\xf7\x1bW\x1c\x1a\xe1\xca\x82\xb3ywy\xb6g\
\xa6\xfa\x92\x1c\x1e\x045\xd2^\x0cZ\xd4\xfekZ\xfe\
\xbf\xd2\xd9:K]\x80\xc2\x9e)\xf1Z8\x83\xc0K\
)\xa4\xfe\x9f8\x08\xd5\xef_\xf6XQJ\
\x00\x00\x0bu\
p\
ragma Singleton\x0a\
import QtQuick\x0a/\
/ Data contract \
details: see doc\
s/ui_data_contra\
cts.md (status p\
ayload section)\x0a\
\x0aQtObject {\x0a  id\
: root\x0a  propert\
y int status: -1\
\x0a  property bool\
 connected: fals\
e\x0a  property int\
 lastMsgTs: 0\x0a  \
property var las\
tMessage: ({})\x0a \
 property var se\
riesA: []\x0a  prop\
erty var seriesB\
: []\x0a  property \
int seriesLimit:\
 1000\x0a  property\
 real maxSpindle\
Rpm: 0\x0a  propert\
y bool forceEnab\
leControls: fals\
e\x0a  property boo\
l internalContro\
lEnabled: true\x0a \
 property bool c\
ontrolEnabled: f\
orceEnableContro\
ls || internalCo\
ntrolEnabled\x0a  s\
ignal messageRec\
eived(var payloa\
d)\x0a\x0a  function r\
eset() {\x0a    sta\
tus = -1\x0a    con\
nected = false\x0a \
   lastMsgTs = 0\
\x0a    lastMessage\
 = ({})\x0a    seri\
esA = []\x0a    ser\
iesB = []\x0a    ma\
xSpindleRpm = 0\x0a\
    internalCont\
rolEnabled = tru\
e\x0a    forceEnabl\
eControls = fals\
e\x0a  }\x0a\x0a  functio\
n pushSeries(tar\
get, value) {\x0a  \
  if (!target)\x0a \
     return\x0a    \
var num = Number\
(value)\x0a    if (\
isNaN(num))\x0a    \
  return\x0a    tar\
get.push(num)\x0a  \
  if (target.len\
gth > seriesLimi\
t)\x0a      target.\
shift()\x0a  }\x0a\x0a  f\
unction ingest(p\
ayload) {\x0a    co\
nnected = true\x0a \
   lastMsgTs = D\
ate.now()\x0a    la\
stMessage = payl\
oad\x0a    internal\
ControlEnabled =\
 resolveControlE\
nabled(payload)\x0a\
\x0a    var rpmCand\
idate\x0a    if (pa\
yload) {\x0a      i\
f (payload.serie\
sA !== undefined\
)\x0a        rpmCan\
didate = payload\
.seriesA\x0a      e\
lse if (payload.\
spindle_rpm !== \
undefined)\x0a     \
   rpmCandidate \
= payload.spindl\
e_rpm\x0a    }\x0a    \
if (rpmCandidate\
 !== undefined)\x0a\
      pushSeries\
(seriesA, rpmCan\
didate)\x0a\x0a    var\
 torqueCandidate\
\x0a    if (payload\
) {\x0a      if (pa\
yload.seriesB !=\
= undefined)\x0a   \
     torqueCandi\
date = payload.s\
eriesB\x0a      els\
e if (payload.sp\
indle_torque !==\
 undefined)\x0a    \
    torqueCandid\
ate = payload.sp\
indle_torque\x0a   \
 }\x0a    if (torqu\
eCandidate !== u\
ndefined)\x0a      \
pushSeries(serie\
sB, torqueCandid\
ate)\x0a\x0a    if (rp\
mCandidate !== u\
ndefined) {\x0a    \
  var rpmValue =\
 Number(rpmCandi\
date)\x0a      if (\
!isNaN(rpmValue)\
 && rpmValue > m\
axSpindleRpm)\x0a  \
      maxSpindle\
Rpm = rpmValue\x0a \
   }\x0a\x0a    messag\
eReceived(payloa\
d)\x0a  }\x0a\x0a  functi\
on resolveContro\
lEnabled(payload\
) {\x0a    if (!pay\
load)\x0a      retu\
rn internalContr\
olEnabled\x0a\x0a    v\
ar modeCode = pa\
yload.control_mo\
de_code !== unde\
fined ? Number(p\
ayload.control_m\
ode_code) : null\
\x0a    if (modeCod\
e !== null && !i\
sNaN(modeCode))\x0a\
      return mod\
eCode === 1\x0a\x0a   \
 var candidates \
= []\x0a    if (pay\
load.control_mod\
e !== undefined)\
\x0a      candidate\
s.push(String(pa\
yload.control_mo\
de))\x0a    if (pay\
load.run_mode !=\
= undefined)\x0a   \
   candidates.pu\
sh(String(payloa\
d.run_mode))\x0a   \
 if (payload.run\
Mode !== undefin\
ed)\x0a      candid\
ates.push(String\
(payload.runMode\
))\x0a\x0a    for (var\
 i = 0; i < cand\
idates.length; +\
+i) {\x0a      var \
text = (candidat\
es[i] || \x22\x22).toS\
tring().trim().t\
oUpperCase()\x0a   \
   if (!text)\x0a  \
      continue\x0a \
     if (text.in\
dexOf(\x22REMOTE\x22) \
!== -1 || text =\
== \x22HTTP\x22)\x0a     \
   return true\x0a \
     if (text ==\
= \x22LOCAL\x22 || tex\
t === \x22LOCKED\x22)\x0a\
        return f\
alse\x0a    }\x0a    r\
eturn internalCo\
ntrolEnabled;\x0a  \
}\x0a}\x0a\
\x00\x00\x01U\
s\
ingleton DeviceI\
nfoData 1.0 Devi\
ceInfoData.qml\x0as\
ingleton ToolInf\
oData 1.0 ToolIn\
foData.qml\x0asingl\
eton LogDatas 1.\
0 LogDatas.qml\x0as\
ingleton StatusD\
atas 1.0 StatusD\
atas.qml\x0asinglet\
on CodeDatas 1.0\
 CodeDatas.qml\x0as\
ingleton Cutting\
Datas 1.0 Cuttin\
gDatas.qml\x0asingl\
eton Calibration\
Data 1.0 Calibra\
tionData.qml\x0asin\
gleton TaskDatas\
 1.0 TaskDatas.q\
ml\x0a\x0a\
\x00\x00\x02v\
\x00\
\x00\x09qx\xda\xadVM\x8f\xda0\x10\xbdG\xea\x7f\
\x98\xe5\x04\x87\x06\xceH\xa8\x87]U\xed\xa1[Q\x90\
zD\xded\x00w\x1d;\xb5\xc7\xdb\xa2\x8a\xff^\xc7\
IHB\xec\xddj\xb7\x17\x08\xf3\xde\xbc\xf9\xc03N\
\xa9\xd9\xa1`\xb0\xe1\xf2 \x90\x94LxQ*M\xb0\
\xa6\xb5\xe5\xd9c2\x9f\xc3G\x8e\x22\x87\x82\x95\xa5#\
\x19\xc8Uf\x0b\x94\x849pY\xfd2s\xcbw9\
#\xb6\xcb\x94$\xcd22i\x91\xc3\xd4\x10#k\xa0\
d'\xa1X\x0e\x063\xe2J\xce\xda\x08\x934\x9dg\
J\xa3\x99\x003p\xeb\x9e\x92dM_\x1f~8\x1e\
\xfcI\x00x\xbe\x04\xad\x14%\xee\xb9\xd4\xaaDM'\
\x17\x92\xe0\x97\xd2\x8f%\xc7\x0c?;\xc6\xa2\x8f\x1a\xd2\
.\xc7\x8ep\xabr\x5c\xc2\xe4\xfd\xe49\xd2\xf6T6\
\xa4\x00\xcb\xa0\xe6L\xdc\xdb\xe2\x01uLI[\xf9\xc5\
\x07\xaa\x8aH\xab\x8f\x8d+\x1d\xd3\xccj\xed\x1a\xf5\xad\
\x86\xc5=+0\xec\xed\xe9\xd1\x14J\xa6\x89g\x02\xb7\
\x8a\x98\x88\xe5P\x0a&\xf1\x13\xf2\xc3\x91.B{+\
}\xcbaG\xea\x8e\x1bG9M\x9f\x98\xb08\xf3\xfd\
u\x1d\xdeCm\x80\xd5j\x05V\xe6\xb8\xe7\x12\xf3\x99\
\x07\x014\x92\xd5\x12~\x9a\xad\x9e:\xc9Y\xc0GZ\
!\x9e\xa5?1\x0d\x84\xbf\x09V\xb0\xf1\x996\x19x\
\xb0\x01\xaa\xaf\xd4\x81\xc5\xb467B\xde,P\x1e\xe8\
\xe8c-\xe0CU\x19,=\xe2\x98\xe7A\x91\xee|\
\x8a\xd3F\xb2\xd2\x1c\x15M\x9bS\xd7\xaf\xf4\xa6\xb5\x0d\
\xf2\xbd\xc0\x0d\x9a^\xce\x05\xdc\x84\x9a\xe2\xc3|o9\
c\xaf\xd9H\xb0\x7f\x84\xc2\x9a\x03\xc6\xaa\xffw\x854\
j/\x14\x06\x03av\xf2?\xc4iD\xc6\xa54'\
=\xac\xde\x82A\xe1\x06\x8c\xe4\xee\xd0]\xf1ja\xef\
\x1aL\xd6\x0fVT\xb4Fc\xaa\x1e\x8d\xf5\xfa\xb5\xba\
\xa6\x13\xed\xeb\x0dF<\xac;\xa4\x04\xc5\x07\x94H\xe6\
-\xc7\xedj\xebV\xe9[C\xd52\x81\x82\xbau\x14\
\x89\xd1#\x84#t\x84X)\x15cw|s\x90F\
b\x16\xde(\xdd\xa8w#\xde_*W\x83?Z+\
\x17<\xe5\xf9U\x96\x8d\x0c\xf4/4\x97g\xdf\xe3\xc5\
\xc1\xed\x93\xeb\x0c\xce\x81\xd0Yt\xb6\x06WeL:\
\x1b\xccWg'ws\xbe []\xae1\xd9\xca}\
\xdcu\xf7F\x804m\x9b3l\xcd\x22\x09\xe5\x5c\xdf\
\x88\xe3\xa0\xad\xfd\xaa{\xad\xb9[+\xffto\x0fF\
\xbb\xd5\xb8\x1e\x95\x8b}p\xf2j\xeb99'\xef\x92\
\xbf\x0cT\x12\xe0\
\x00\x00\x01t\
i\
mport QtQuick\x0d\x0ai\
mport QtQuick.Co\
ntrols\x0d\x0aimport Q\
tQuick.Layouts\x0d\x0a\
import \x22head\x22\x0d\x0ai\
mport \x22main\x22\x0d\x0aim\
port \x22foot\x22\x0d\x0a\x0d\x0aC\
olumnLayout {\x0d\x0a \
 id: root\x0d\x0a  spa\
cing: 2\x0d\x0a  HeadV\
iew {\x0d\x0a    Layou\
t.fillWidth: tru\
e\x0d\x0a    Layout.pr\
eferredHeight: 5\
0\x0d\x0a  }\x0d\x0a\x0d\x0a  Main\
Pages { Layout.f\
illWidth: true; \
Layout.fillHeigh\
t: true }\x0d\x0a\x0d\x0a  F\
ootView { Layout\
.fillWidth: true\
; Layout.preferr\
edHeight: 25 }\x0d\x0a\
}\x0d\x0a\
\x00\x00\x01J\
i\
mport QtQuick.Co\
ntrols\x0aimport Qt\
Quick.Layouts\x0aim\
port \x22../../comp\
onents/Base\x22\x0aimp\
ort \x22../../cores\
\x22 as Cores\x0a\x0aEffe\
ctLabel {\x0a  // \xe6\
\xa0\x87\xe9\xa2\x98\xe9\xa2\x9c\xe8\x89\xb2\xef\xbc\x8c\xe5\x8f\
\xaf\xe6\x8c\x89\xe9\x9c\x80\xe8\xa6\x86\xe7\x9b\x96\xef\xbc\x8c\
\xe9\xbb\x98\xe8\xae\xa4\xe4\xbd\xbf\xe7\x94\xa8\xe4\xb8\xbb\xe9\
\xa2\x98\xe4\xb8\xbb\xe8\x89\xb2\x0a  font.\
bold: true\x0a  fon\
t.pointSize: 25\x0a\
  text: Cores.Co\
reUI.title\x0a  col\
or: Cores.CoreSt\
yle.titleColor\x0a \
 Layout.alignmen\
t: Qt.AlignHCent\
er\x0a}\x0a\x0a\x0a\x0d\x0a\
\x00\x00\x017\
i\
mport QtQuick\x0d\x0ai\
mport QtQuick.Co\
ntrols.Material\x0d\
\x0a\x0d\x0aimport QtQuic\
k.Layouts\x0d\x0aimpor\
t \x22../../compone\
nts/Base\x22\x0aEffect\
Image {\x0d\x0a    id:\
 name\x0d\x0a    heigh\
t: parent.height\
\x0d\x0a    width: hei\
ght\x0d\x0a    fillMod\
e: Image.Preserv\
eAspectFit\x0d\x0a    \
sourceSize: Qt.s\
ize(height,width\
)\x0d\x0a    horizonta\
lOffset: 8\x0d\x0a    \
verticalOffset: \
8\x0d\x0a}\x0d\x0a\
\x00\x00\x08\x96\
i\
mport QtQuick\x0aim\
port QtQuick.Con\
trols\x0aimport QtQ\
uick.Layouts\x0aimp\
ort QtQuick.Wind\
ow\x0aimport \x22../..\
/cores\x22 as Cores\
\x0aimport \x22../../c\
omponents/Base\x22\x0a\
import \x22../../co\
mponents/btns\x22\x0ai\
mport \x22../../dat\
as\x22 as Datas\x0aimp\
ort \x22../../menu\x22\
 as Menu\x0aimport \
\x22.\x22\x0a\x0aItem {\x0a  id\
: root\x0a  height:\
 50\x0a  Layout.fil\
lWidth: true\x0a  P\
ane {\x0a    anchor\
s.fill: parent\x0a \
   background: R\
ectangle { color\
: Cores.CoreStyl\
e.surface; borde\
r.color: Cores.C\
oreStyle.border \
}\x0a  }\x0a\x0a  // Runn\
ing state from s\
tatus socket\x0a  r\
eadonly property\
 bool isRunning:\
 Datas.StatusDat\
as.forceEnableCo\
ntrols|(Datas.St\
atusDatas.lastMe\
ssage && Datas.S\
tatusDatas.lastM\
essage.state) ==\
= \x22RUNNING\x22\x0a\x0a  R\
owLayout {\x0a    a\
nchors.fill: par\
ent\x0a    spacing:\
 18\x0a\x0a    Row { /\
/ logo + title i\
con\x0a      spacin\
g: 2\x0a      heigh\
t: parent.height\
\x0a      Item{\x0a   \
   width: 15\x0a   \
   height: 1\x0a   \
   }\x0a      ItemD\
elegateButtonBas\
e {\x0a        id: \
mainMenuButton\x0a \
       height: p\
arent.height\x0a   \
     width: heig\
ht\x0a        tipTe\
xt: qsTr(\x22\xe4\xb8\xbb\xe8\x8f\x9c\
\xe5\x8d\x95\x22)\x0a        so\
urce: Cores.Core\
Style.getIconSou\
rce(\x22Menu.png\x22)\x0a\
        onClicke\
d: {\x0a          h\
eadMainMen.popup\
(mainMenuButton,\
 0, mainMenuButt\
on.height)\x0a     \
   }\x0a      }\x0a\x0a  \
    IconView { h\
eight: root.heig\
ht; width: heigh\
t * 4 }\x0a      //\
 IconLabel { anc\
hors.verticalCen\
ter: parent.vert\
icalCenter }\x0a   \
 }\x0a\x0a    ViewChan\
geTabView {}\x0a   \
 FillItem {}\x0a\x0a  \
  TitleLabel {}\x0a\
    FillItem {}\x0a\
    RunModelSele\
ct {}\x0a    FillIt\
em {}\x0a    EstopB\
tn {}\x0a    Captur\
eButton {}\x0a    S\
emiAutoStartBtn \
{ running: root.\
isRunning }\x0a\x0a   \
 DateTimeView { \
Layout.alignment\
: Qt.AlignVCente\
r }\x0a\x0a    ItemDel\
egateButtonBase \
{\x0a      source: \
Cores.CoreStyle.\
getIconSource(\x22m\
sg.png\x22)\x0a      h\
eight: root.heig\
ht\x0a      width: \
height * 2\x0a     \
 onClicked: {\x0a  \
      statePage.\
open()\x0a      }\x0a \
   }\x0a    ItemDel\
egateButtonBase \
{\x0a      source: \
Cores.CoreStyle.\
getIconSource(\x22t\
ool.png\x22)\x0a      \
height: root.hei\
ght\x0a      width:\
 height * 2\x0a    \
  onClicked: {\x0a \
       settingsP\
age.open()\x0a     \
 }\x0a    }\x0a    Ite\
mDelegateButtonB\
ase {\x0a      sour\
ce: Cores.CoreSt\
yle.getIconSourc\
e(\x22setting.png\x22)\
\x0a      height: r\
oot.height\x0a     \
 width: height *\
 2\x0a      onClick\
ed: {\x0a        se\
ttingsDrawer.ope\
n()\x0a      }\x0a    \
}\x0a    Item { wid\
th: 10; height: \
2 }\x0a  }\x0a\x0a  Menu.\
MainMenu {\x0a    i\
d: headMainMen\x0a \
 }\x0a}\x0a\
\x00\x00\x0f\x8c\
i\
mport QtQuick\x0d\x0ai\
mport QtQuick.Co\
ntrols\x0d\x0aimport Q\
tQuick.Layouts\x0d\x0a\
import Qt5Compat\
.GraphicalEffect\
s\x0d\x0a\x0d\x0aimport \x22../\
../cores\x22 as Cor\
es\x0d\x0aimport \x22../.\
./Api\x22 as Api\x0d\x0ai\
mport \x22../../dat\
as\x22 as Datas\x0d\x0aim\
port \x22../../work\
s\x22 as Works\x0d\x0a\x0d\x0aR\
ectangle {\x0d\x0a  id\
: startBtn\x0d\x0a  pr\
operty bool runn\
ing: false\x0d\x0a  pr\
operty bool hove\
red: false\x0d\x0a  pr\
operty bool busy\
: false\x0d\x0a  reado\
nly property col\
or accentColor: \
running ? Cores.\
CoreStyle.danger\
 : Cores.CoreSty\
le.success\x0d\x0a  re\
adonly property \
color baseColor:\
 hovered\x0d\x0a      \
                \
            ? Qt\
.darker(accentCo\
lor, running ? 1\
.05 : 1.15)\x0d\x0a   \
                \
               :\
 Qt.darker(accen\
tColor, running \
? 1.25 : 1.35)\x0d\x0a\
  readonly prope\
rty color highli\
ghtColor: Qt.lig\
hter(accentColor\
, running ? 1.25\
 : 1.45)\x0d\x0a  read\
only property co\
lor labelColor: \
running ? \x22#f8fa\
fc\x22 : \x22#0f172a\x22\x0d\
\x0a  readonly prop\
erty bool canSta\
rt: Datas.TaskDa\
tas.executeReady\
\x0d\x0a  readonly pro\
perty bool contr\
olEnabled: Datas\
.StatusDatas.con\
trolEnabled\x0d\x0a\x0d\x0a \
 Layout.alignmen\
t: Qt.AlignVCent\
er\x0d\x0a  Layout.pre\
ferredWidth: vis\
ible ? width : 0\
\x0d\x0a  Layout.prefe\
rredHeight: visi\
ble ? height : 0\
\x0d\x0a  visible: Cor\
es.CoreState.cur\
rentRunModelInde\
x === 1\x0d\x0a  enabl\
ed: !busy && con\
trolEnabled && (\
running || (!Dat\
as.TaskDatas.ala\
rmLocked && canS\
tart))\x0d\x0a  height\
: Math.max(36, p\
arent ? parent.h\
eight * 0.8 : 36\
)\x0d\x0a  width: heig\
ht * 2.4\x0d\x0a  radi\
us: 8\x0d\x0a  color: \
baseColor\x0d\x0a  bor\
der.color: highl\
ightColor\x0d\x0a  bor\
der.width: 1.2\x0d\x0a\
  opacity: visib\
le ? (enabled ? \
1.0 : 0.5) : 0.0\
\x0d\x0a  layer.enable\
d: true\x0d\x0a  layer\
.effect: DropSha\
dow {\x0d\x0a    horiz\
ontalOffset: 0\x0d\x0a\
    verticalOffs\
et: 2\x0d\x0a    radiu\
s: 12\x0d\x0a    sampl\
es: 16\x0d\x0a    colo\
r: \x22#40111111\x22\x0d\x0a\
    transparentB\
order: true\x0d\x0a  }\
\x0d\x0a\x0d\x0a  gradient: \
Gradient {\x0d\x0a    \
GradientStop { p\
osition: 0.0; co\
lor: Qt.lighter(\
baseColor, 1.2) \
}\x0d\x0a    GradientS\
top { position: \
1.0; color: Qt.d\
arker(baseColor,\
 1.15) }\x0d\x0a  }\x0d\x0a\x0d\
\x0a  Behavior on c\
olor { ColorAnim\
ation { duration\
: 140 } }\x0d\x0a\x0d\x0a  R\
owLayout {\x0d\x0a    \
anchors.fill: pa\
rent\x0d\x0a    anchor\
s.margins: 6\x0d\x0a  \
  spacing: 6\x0d\x0a  \
  Image {\x0d\x0a     \
 source: Cores.C\
oreStyle.getIcon\
Source(running ?\
 \x22close.png\x22 : \x22\
play.png\x22)\x0d\x0a    \
  fillMode: Imag\
e.PreserveAspect\
Fit\x0d\x0a      Layou\
t.preferredWidth\
: startBtn.heigh\
t * 0.6\x0d\x0a      L\
ayout.preferredH\
eight: startBtn.\
height * 0.6\x0d\x0a  \
    opacity: run\
ning ? 0.85 : 1.\
0\x0d\x0a    }\x0d\x0a    La\
bel {\x0d\x0a      tex\
t: running ? qsT\
r(\x22\xe8\xbf\x90\xe8\xa1\x8c\xe4\xb8\xad\x22) :\
 qsTr(\x22\xe6\x9c\xaa\xe8\xbf\x90\xe8\xa1\x8c\
\x22)\x0d\x0a      color:\
 labelColor\x0d\x0a   \
   font.bold: tr\
ue\x0d\x0a      font.p\
ixelSize: startB\
tn.height * 0.38\
\x0d\x0a      opacity:\
 running ? 0.9 :\
 1.0\x0d\x0a      hori\
zontalAlignment:\
 Text.AlignHCent\
er\x0d\x0a      vertic\
alAlignment: Tex\
t.AlignVCenter\x0d\x0a\
    }\x0d\x0a  }\x0d\x0a\x0d\x0a  \
MouseArea {\x0d\x0a   \
 anchors.fill: p\
arent\x0d\x0a    hover\
Enabled: true\x0d\x0a \
   enabled: star\
tBtn.enabled\x0d\x0a  \
  cursorShape: Q\
t.PointingHandCu\
rsor\x0d\x0a    onEnte\
red: startBtn.ho\
vered = true\x0d\x0a  \
  onExited: star\
tBtn.hovered = f\
alse\x0d\x0a    onClic\
ked: {\x0d\x0a      if\
 (startBtn.busy)\
\x0d\x0a        return\
\x0d\x0a      if (runn\
ing) {\x0d\x0a        \
startBtn._stopRu\
n()\x0d\x0a      } els\
e {\x0d\x0a        sta\
rtBtn._startRunW\
ithTask()\x0d\x0a     \
 }\x0d\x0a    }\x0d\x0a  }\x0d\x0a\
\x0d\x0a  function _st\
opRun() {\x0d\x0a    b\
usy = true\x0d\x0a    \
Api.ApiClient.st\
opRun(function()\
 {\x0d\x0a      busy =\
 false\x0d\x0a    }, f\
unction(_, msg) \
{\x0d\x0a      busy = \
false\x0d\x0a      var\
 stopError = msg\
 !== undefined ?\
 msg : qsTr(\x22sto\
pRun \xe6\x89\xa7\xe8\xa1\x8c\xe5\xa4\xb1\xe8\xb4\
\xa5\x22)\x0d\x0a      Cores\
.CoreError.showE\
rror(stopError)\x0d\
\x0a    })\x0d\x0a  }\x0d\x0a\x0d\x0a\
  function _star\
tRunWithTask() {\
\x0d\x0a    if (!Datas\
.TaskDatas.execu\
teReady) {\x0d\x0a    \
  Cores.CoreErro\
r.showError(qsTr\
(\x22\xe6\x89\xa7\xe8\xa1\x8c\xe5\x87\x86\xe5\xa4\x87\xe6\x9c\
\xaa\xe5\xb0\xb1\xe7\xbb\xaa\x22))\x0d\x0a    \
  return\x0d\x0a    }\x0d\
\x0a    busy = true\
\x0d\x0a    Works.Task\
Work.enqueueExec\
ute(Datas.TaskDa\
tas.readyRecordI\
d, Datas.TaskDat\
as.workpieceId, \
function() {\x0d\x0a  \
    Api.ApiClien\
t.startRun(funct\
ion() {\x0d\x0a       \
 busy = false\x0d\x0a \
     }, function\
(_, msg) {\x0d\x0a    \
    busy = false\
\x0d\x0a        var st\
artError = msg !\
== undefined ? m\
sg : qsTr(\x22start\
Run \xe8\xb0\x83\xe7\x94\xa8\xe5\xa4\xb1\xe8\xb4\xa5\
\xef\xbc\x81\x22)\x0d\x0a        C\
ores.CoreError.s\
howError(startEr\
ror)\x0d\x0a      })\x0d\x0a\
    }, function(\
_, msg) {\x0d\x0a     \
 busy = false\x0d\x0a \
     var err = m\
sg !== undefined\
 ? msg : qsTr(\x22e\
nqueueExecute \xe8\xb0\
\x83\xe7\x94\xa8\xe5\xa4\xb1\xe8\xb4\xa5\xef\xbc\x81\x22)\x0d\
\x0a      Cores.Cor\
eError.showError\
(err)\x0d\x0a    })\x0d\x0a \
 }\x0d\x0a}\x0d\x0a\x0d\x0a\x0d\x0a\
\x00\x00\x10\x18\
i\
mport QtQuick\x0aim\
port QtQuick.Con\
trols\x0aimport QtQ\
uick.Layouts\x0aimp\
ort \x22../../cores\
\x22 as Cores\x0aimpor\
t \x22../../datas\x22 \
as Datas\x0aimport \
\x22../../Api\x22 as A\
pi\x0aimport \x22../..\
/works\x22 as Works\
\x0a\x0aRectangle {\x0a  \
id: captureBtn\x0a \
 property bool b\
usy: false\x0a  rea\
donly property b\
ool isFullAuto:C\
ores.CoreState.c\
urrentRunModelIn\
dex === 0\x0a  read\
only property bo\
ol readyByStatus\
: captureBtn._st\
atusReady()\x0a  re\
adonly property \
bool controlEnab\
led: Datas.Statu\
sDatas.controlEn\
abled\x0a\x0a  Layout.\
alignment: Qt.Al\
ignVCenter\x0a  vis\
ible: !isFullAut\
o\x0a  enabled: Dat\
as.StatusDatas.f\
orceEnableContro\
ls|( !busy && !i\
sFullAuto && rea\
dyByStatus && Da\
tas.TaskDatas.ca\
ptureReady && co\
ntrolEnabled && \
!Datas.TaskDatas\
.alarmLocked)\x0a  \
implicitHeight: \
Math.max(34, par\
ent ? parent.hei\
ght * 0.75 : 34)\
\x0a  implicitWidth\
: implicitHeight\
 * 2.1\x0a  radius:\
 8\x0a  color: enab\
led ? Cores.Core\
Style.info : Cor\
es.CoreStyle.mut\
ed\x0a  border.colo\
r: enabled ? Qt.\
lighter(color, 1\
.2) : Cores.Core\
Style.border\x0a  o\
pacity: visible \
? 1.0 : 0.0\x0a\x0a  T\
ext {\x0a    anchor\
s.centerIn: pare\
nt\x0a    text: qsT\
r(\x22\xe9\x87\x87\xe9\x9b\x86\x22)\x0a    \
color: enabled ?\
 \x22#0f172a\x22 : \x22#c\
bd5f5\x22\x0a    font.\
bold: true\x0a    f\
ont.pixelSize: c\
aptureBtn.implic\
itHeight * 0.32\x0a\
  }\x0a\x0a  MouseArea\
 {\x0a    anchors.f\
ill: parent\x0a    \
enabled: Datas.S\
tatusDatas.force\
EnableControls|c\
aptureBtn.enable\
d\x0a    hoverEnabl\
ed: true\x0a    cur\
sorShape: Qt.Poi\
ntingHandCursor\x0a\
    onClicked: c\
aptureBtn.trigge\
rCapture()\x0a  }\x0a\x0a\
  function _stat\
usReady() {\x0a    \
var snapshot = D\
atas.StatusDatas\
.lastMessage || \
{}\x0a    var candi\
dates = []\x0a    i\
f (snapshot.stat\
e !== undefined)\
\x0a      candidate\
s.push(snapshot.\
state)\x0a    if (s\
napshot.runState\
 !== undefined)\x0a\
      candidates\
.push(snapshot.r\
unState)\x0a    if \
(snapshot.run_st\
ate !== undefine\
d)\x0a      candida\
tes.push(snapsho\
t.run_state)\x0a   \
 for (var i = 0;\
 i < candidates.\
length; ++i) {\x0a \
     var text = \
String(candidate\
s[i] || \x22\x22).trim\
()\x0a      if (tex\
t.length === 0)\x0a\
        continue\
\x0a      var upper\
 = text.toUpperC\
ase()\x0a      if (\
upper.indexOf(\x22R\
EADY\x22) !== -1)\x0a \
       return tr\
ue\x0a      if (upp\
er === \x22IDLE\x22)\x0a \
       return tr\
ue\x0a      if (upp\
er === \x22RUNNING\x22\
)\x0a        return\
 false\x0a      if \
(text.indexOf(\x22\xe5\
\x87\x86\xe5\xa4\x87\xe5\xb0\xb1\xe7\xbb\xaa\x22) !=\
= -1)\x0a        re\
turn true\x0a      \
if (text.indexOf\
(\x22\xe9\x87\x8d\xe6\x96\xb0\xe8\xaf\x86\xe5\x88\xab\x22)\
 !== -1)\x0a       \
 return true\x0a   \
 }\x0a    return tr\
ue\x0a  }\x0a\x0a  functi\
on triggerCaptur\
e() {\x0a    consol\
e.log(\x22triggerCa\
pture\x22)\x0a    if (\
busy)\x0a      retu\
rn\x0a    busy = tr\
ue\x0a    var paylo\
ad = {}\x0a    if (\
Datas.TaskDatas.\
workpieceId)\x0a   \
   payload.workp\
iece_id = Datas.\
TaskDatas.workpi\
eceId\x0a    Api.Ap\
iClient.post(\x22/c\
apture\x22, payload\
, function(resp)\
 {\x0a      busy = \
false\x0a      var \
controlParams = \
{}\x0a      var rec\
ordId = 0\x0a      \
if (resp && resp\
.record_id)\x0a    \
    recordId = N\
umber(resp.recor\
d_id)\x0a      else\
 if (resp && res\
p.record && resp\
.record.id)\x0a    \
    recordId = r\
esp.record.id\x0a  \
    else if (Dat\
as.TaskDatas.rea\
dyRecordId > 0)\x0a\
        recordId\
 = Datas.TaskDat\
as.readyRecordId\
\x0a      else if (\
Datas.TaskDatas.\
latestRecordId >\
 0)\x0a        reco\
rdId = Datas.Tas\
kDatas.latestRec\
ordId\x0a      if (\
recordId > 0)\x0a  \
      controlPar\
ams.record_id = \
recordId\x0a      v\
ar workpieceId =\
 payload.workpie\
ce_id || Datas.T\
askDatas.workpie\
ceId\x0a      if (w\
orkpieceId > 0)\x0a\
        controlP\
arams.workpiece_\
id = workpieceId\
\x0a      if (resp \
&& resp.record)\x0a\
        Cores.Co\
reCurrent.update\
Record(resp.reco\
rd)\x0a      else i\
f (recordId > 0)\
\x0a        Cores.C\
oreCurrent.updat\
eRecord({ id: re\
cordId })\x0a      \
if (resp && resp\
.workpiece)\x0a    \
    Cores.CoreCu\
rrent.updateWork\
piece(resp.workp\
iece)\x0a      else\
 if (workpieceId\
 > 0) {\x0a        \
Cores.CoreCurren\
t.updateWorkpiec\
e({\x0a          id\
: workpieceId,\x0a \
         code: D\
atas.TaskDatas.w\
orkpieceCode,\x0a  \
        type: Da\
tas.TaskDatas.wo\
rkpieceType\x0a    \
    })\x0a      }\x0a\x0a\
      Cores.Core\
Current.pushCont\
rol(\x22capture\x22, c\
ontrolParams, { \
source: \x22capture\
_button\x22 })\x0a    \
  Api.ApiClient.\
control(\x22capture\
\x22, controlParams\
, function() {\x0a \
       Works.Tas\
kWork.refresh()\x0a\
      }, functio\
n(_, errMessage)\
 {\x0a        conso\
le.warn(\x22capture\
 control dispatc\
h failed\x22, errMe\
ssage)\x0a        W\
orks.TaskWork.re\
fresh()\x0a      })\
\x0a    }, function\
(_, message) {\x0a \
     busy = fals\
e\x0a      Cores.Co\
reError.showErro\
r(message || qsT\
r(\x22\xe9\x87\x87\xe9\x9b\x86\xe8\xa7\xa6\xe5\x8f\x91\xe5\
\xa4\xb1\xe8\xb4\xa5\x22))\x0a    })\x0a\
  }\x0a}\x0a\x0a\
\x00\x00\x03\xac\
i\
mport QtQuick\x0d\x0ai\
mport QtQuick.Co\
ntrols\x0d\x0aimport Q\
tQuick.Layouts\x0d\x0a\
import \x22../../co\
res\x22 as Cores\x0d\x0ai\
mport \x22../../com\
ponents/Base\x22\x0d\x0ai\
mport \x22../../com\
ponents/btns\x22\x0d\x0a\x0d\
\x0aRectangle {\x0d\x0a  \
id: estopBtn\x0d\x0a  \
Layout.alignment\
: Qt.AlignVCente\
r\x0d\x0a  height: Mat\
h.max(36, parent\
.height*0.8)\x0d\x0a  \
width: height * \
2.4\x0d\x0a  radius: 8\
\x0d\x0a  color: root.\
isRunning ? Core\
s.CoreStyle.dang\
er : Cores.CoreS\
tyle.muted\x0d\x0a  bo\
rder.color: root\
.isRunning ? \x22#b\
91c1c\x22 : Cores.C\
oreStyle.border\x0d\
\x0a  border.width:\
 1\x0d\x0a  opacity: r\
oot.isRunning ? \
1.0 : 0.5\x0d\x0a  Row\
Layout { anchors\
.fill: parent; a\
nchors.margins: \
6; spacing: 6\x0d\x0a \
   Image { sourc\
e: Cores.CoreSty\
le.getIconSource\
(\x22close.png\x22); f\
illMode: Image.P\
reserveAspectFit\
; Layout.preferr\
edWidth: estopBt\
n.height*0.6; La\
yout.preferredHe\
ight: estopBtn.h\
eight*0.6 }\x0d\x0a   \
 Label { text: q\
sTr(\x22\xe8\xbd\xaf\xe6\x80\xa5\xe5\x81\x9c\x22)\
; color: \x22white\x22\
; font.bold: tru\
e }\x0d\x0a  }\x0d\x0a  Mous\
eArea { anchors.\
fill: parent; en\
abled: root.isRu\
nning; onClicked\
: estopDialog.op\
en() }\x0d\x0a}\x0d\x0a\
\x00\x00\x01\x85\
i\
mport QtQuick\x0d\x0ai\
mport QtQuick.Co\
ntrols.Material\x0d\
\x0aimport \x22../../c\
ores\x22 as Cores\x0d\x0a\
TabBar {\x0d\x0a    //\
 \xe4\xbd\xbf\xe7\x94\xa8\xe4\xb8\x8d\xe5\x90\x8c\xe7\x9a\x84\
 Material \xe4\xb8\xbb\xe9\xa2\x98\
\xe9\xa2\x9c\xe8\x89\xb2\x0d\x0a    curr\
entIndex: Cores.\
CoreState.select\
edTabIndex\x0d\x0a    \
onCurrentIndexCh\
anged:  Cores.Co\
reState.selected\
TabIndex=current\
Index\x0d\x0a    Repea\
ter{\x0d\x0a        mo\
del: Cores.CoreU\
I.pageModels\x0d\x0a  \
      TabButton{\
\x0d\x0a            te\
xt: modelData\x0d\x0a \
       }\x0d\x0a    }\x0d\
\x0a}\x0d\x0a\
\x00\x00\x05 \
i\
mport QtQuick\x0d\x0ai\
mport QtQuick.La\
youts\x0d\x0aimport Qt\
Quick.Controls\x0d\x0a\
import \x22../../co\
res\x22 as Cores\x0d\x0aI\
tem{\x0d\x0a    proper\
ty real padding:\
 20\x0d\x0a    propert\
y int icon_index\
: 0\x0d\x0a    propert\
y string source:\
[Cores.CoreStyle\
.getIconSource(\x22\
MZ.ico\x22), Cores.\
CoreStyle.getIco\
nSource(\x22MZ-old.\
ico\x22)][icon_inde\
x]\x0d\x0a    id:root\x0d\
\x0a    ItemDelegat\
e{\x0d\x0a        anch\
ors.fill: parent\
\x0d\x0a        onClic\
ked: {\x0d\x0a        \
    icon_index=(\
icon_index+1)%2\x0d\
\x0a        }\x0d\x0a    \
}\x0d\x0a\x0d\x0a    Item{\x0d\x0a\
        width: p\
arent.width*0.95\
\x0d\x0a        height\
: parent.height*\
0.95\x0d\x0a        Co\
lumnLayout{\x0d\x0a   \
         anchors\
.fill: parent\x0d\x0a \
           spaci\
ng: 0\x0d\x0a         \
   Item{\x0d\x0a      \
          Layout\
.fillWidth: true\
\x0d\x0a              \
  Layout.fillHei\
ght: true\x0d\x0a     \
           Item{\
\x0d\x0a              \
      anchors.ce\
nterIn: parent\x0d\x0a\
                \
    width: paren\
t.width-padding*\
2\x0d\x0a             \
       height: w\
idth\x0d\x0a          \
          ItemIc\
on{\x0d\x0a           \
             Beh\
avior on scale {\
NumberAnimation{\
 easing.type: Ea\
sing.OutBack;dur\
ation: 300}}\x0d\x0a  \
                \
      width: par\
ent.width\x0d\x0a     \
                \
   height: width\
\x0d\x0a              \
          fillMo\
de: Image.Preser\
veAspectFit\x0d\x0a   \
                \
     source:root\
.source\x0d\x0a       \
                \
 sourceSize: Qt.\
size(400,400)\x0d\x0a \
                \
   }\x0d\x0a          \
      }\x0d\x0a       \
     }\x0d\x0a        \
}\x0d\x0a    }\x0d\x0a}\x0d\x0a\x0d\x0a\
\x00\x00\x01\xff\
i\
mport QtQuick\x0d\x0ai\
mport QtQuick.Co\
ntrols\x0d\x0aimport \x22\
../../cores\x22 as \
Cores\x0d\x0aimport \x22.\
./../components/\
Base\x22 as Base\x0d\x0a \
Row{\x0d\x0a     spaci\
ng: 5\x0d\x0a    Label\
{\x0d\x0a        ancho\
rs.verticalCente\
r: parent.vertic\
alCenter\x0d\x0a      \
  font.bold: tru\
e\x0d\x0a        font.\
pointSize: 15\x0d\x0a \
       text: qsT\
r(\x22\xe6\xa8\xa1\xe5\xbc\x8f:\x22)\x0d\x0a  \
  }\x0d\x0a    Base.Co\
mboBoxBase{\x0d\x0a   \
     model: Core\
s.CoreUI.allRunM\
odel\x0d\x0a        cu\
rrentIndex: Core\
s.CoreState.curr\
entRunModelIndex\
\x0d\x0a        onCurr\
entIndexChanged:\
 Cores.CoreState\
.currentRunModel\
Index=currentInd\
ex\x0d\x0a    }\x0d\x0a}\x0d\x0a\
\x00\x00\x08\xf4\
i\
mport QtQuick\x0aim\
port QtQuick.Con\
trols\x0aimport QtQ\
uick.Layouts\x0aimp\
ort \x22../../cores\
\x22 as Cores\x0a\x0a// D\
igital clock usi\
ng DS-DIGIT.TTF,\
 with date + tim\
e and color cont\
rols\x0aItem {\x0a  id\
: root\x0a  implici\
tHeight: 30\x0a  im\
plicitWidth: 180\
\x0a\x0a  // Font and \
colors\x0a  propert\
y int timePixelS\
ize: 26\x0a  proper\
ty int datePixel\
Size: 15\x0a  prope\
rty color timeCo\
lor: Cores.CoreS\
tyle.accent\x0a  pr\
operty color dat\
eColor: Cores.Co\
reStyle.muted\x0a  \
property color o\
utlineColor: Cor\
es.CoreStyle.bor\
der\x0a\x0a  // Format\
s\x0a  property str\
ing timeFormat: \
\x22HH:mm:ss\x22\x0a  pro\
perty string dat\
eFormat: \x22yyyy-M\
M-dd\x22\x0a  property\
 bool showDate: \
true\x0a\x0a  // Expos\
ed values\x0a  prop\
erty string curr\
entTime: \x22--:--:\
--\x22\x0a  property s\
tring currentDat\
e: \x22----/--/--\x22\x0a\
\x0a  FontLoader { \
id: ds; source: \
\x22qrc:/resource/f\
ont/DS-DIGIT.TTF\
\x22 }\x0a\x0a  function \
pad2(n){ return \
(n<10?('0'+n):('\
'+n)) }\x0a  functi\
on fmtDate(d, f)\
{\x0a    var Y = d.\
getFullYear();\x0a \
   var M = pad2(\
d.getMonth()+1);\
\x0a    var D = pad\
2(d.getDate());\x0a\
    var H = pad2\
(d.getHours());\x0a\
    var m = pad2\
(d.getMinutes())\
;\x0a    var s = pa\
d2(d.getSeconds(\
));\x0a    return f\
.replace('yyyy',\
 Y).replace('MM'\
, M).replace('dd\
', D).replace('H\
H', H).replace('\
mm', m).replace(\
'ss', s)\x0a  }\x0a\x0a  \
function refresh\
(){\x0a    var d = \
new Date();\x0a    \
currentTime = fm\
tDate(d, timeFor\
mat);\x0a    curren\
tDate = fmtDate(\
d, dateFormat);\x0a\
  }\x0a\x0a  function \
resolvedFontName\
() {\x0a    var nam\
e = ds.name\x0a    \
if (name === und\
efined)\x0a      re\
turn qsTr(\x22DS-DI\
GIT\x22)\x0a    if (na\
me === null)\x0a   \
   return qsTr(\x22\
DS-DIGIT\x22)\x0a    i\
f (name === \x22\x22)\x0a\
      return qsT\
r(\x22DS-DIGIT\x22)\x0a  \
  return name\x0a  \
}\x0a\x0a  Timer { int\
erval: 500; runn\
ing: true; repea\
t: true; onTrigg\
ered: refresh() \
}\x0a  Component.on\
Completed: refre\
sh()\x0a\x0a  Row {\x0a  \
  anchors.fill: \
parent\x0a    spaci\
ng: 8\x0a    // Dat\
e (left)\x0a    Tex\
t {\x0a      visibl\
e: root.showDate\
\x0a      text: roo\
t.currentDate\x0a  \
    font.family:\
 resolvedFontNam\
e()\x0a      font.p\
ixelSize: root.d\
atePixelSize\x0a   \
   color: root.d\
ateColor\x0a      v\
erticalAlignment\
: Text.AlignVCen\
ter\x0a      style:\
 Text.Outline\x0a  \
    styleColor: \
root.outlineColo\
r\x0a    }\x0a    // T\
ime (right)\x0a    \
Text {\x0a      tex\
t: root.currentT\
ime\x0a      font.f\
amily: resolvedF\
ontName()\x0a      \
font.pixelSize: \
root.timePixelSi\
ze\x0a      color: \
root.timeColor\x0a \
     verticalAli\
gnment: Text.Ali\
gnVCenter\x0a      \
style: Text.Outl\
ine\x0a      styleC\
olor: root.outli\
neColor\x0a    }\x0a  \
}\x0a}\
\x00\x00\x01\x5c\
i\
mport QtQuick\x0aim\
port QtQuick.Con\
trols\x0aimport \x22..\
/../components/B\
ase\x22\x0aimport \x22../\
../cores\x22 as Cor\
es\x0a// Company la\
bel only (no cor\
e dependency)\x0aEf\
fectLabel{\x0a  id:\
 root\x0a  font.bol\
d: true\x0a  font.p\
ointSize: 20\x0a  t\
ext: Cores.CoreU\
I.companyName\x0a  \
horizontalAlignm\
ent: Text.AlignH\
Center\x0a  vertica\
lAlignment: Text\
.AlignVCenter\x0a  \
elide: Text.Elid\
eRight\x0a}\x0a\x0d\x0a\
\x00\x00\x01\xb1\
i\
mport QtQuick\x0d\x0ai\
mport QtQuick.Co\
ntrols\x0d\x0aimport Q\
tQuick.Layouts\x0d\x0a\
import \x22../../co\
res\x22 as Cores\x0d\x0ai\
mport \x22test_page\
\x22\x0d\x0aimport \x22real_\
page\x22\x0d\x0a\x0d\x0aimport \
\x22debug_page\x22\x0d\x0aim\
port \x22user_page\x22\
\x0d\x0a//\xe4\xb8\xbb\xe6\x98\xbe\xe7\xa4\xba\xe5\x8c\xba\
\xe5\x9f\x9f\x0d\x0aItem {\x0d\x0a   \
 clip: true\x0d\x0a   \
 StackLayout{\x0d\x0a \
       anchors.f\
ill: parent\x0d\x0a   \
     currentInde\
x: Cores.CoreSta\
te.selectedTabIn\
dex\x0d\x0a        Rea\
lPageView{}\x0d\x0a   \
     UserPageVie\
w{}\x0d\x0a        Deb\
ugPageView{}\x0d\x0a  \
      TestPageVi\
ew{}\x0d\x0a    }\x0d\x0a}\x0d\x0a\
\
\x00\x00\x04\xea\
i\
mport QtQuick\x0d\x0ai\
mport QtQuick.Co\
ntrols\x0d\x0aimport Q\
tQuick.Layouts\x0d\x0a\
import \x22../../..\
/views/Manage\x22 a\
s Manage\x0d\x0aimport\
 \x22../../../views\
/ImageInfo\x22 as I\
mg\x0d\x0aimport \x22../.\
./../views/Log\x22 \
as Log\x0d\x0aimport \x22\
../../../views/C\
ontrol\x22 as Ctrl\x0d\
\x0aimport \x22../../.\
./views/Charts\x22 \
as Charts\x0d\x0aimpor\
t \x22../../../Api\x22\
 as Api\x0d\x0a\x0d\x0a// \xe8\xae\
\xbe\xe5\xa4\x87\xe4\xbf\xa1\xe6\x81\xaf + \xe5\x9b\xbe\
\xe5\x83\x8f\xe4\xbf\xa1\xe6\x81\xaf \xe9\xa2\x84\xe8\xa7\x88\
\xe9\xa1\xb5\x0d\x0aSplitView {\
\x0d\x0a  id: root\x0d\x0a  \
Layout.fillWidth\
: true\x0d\x0a  Layout\
.fillHeight: tru\
e\x0d\x0a  SplitView {\
\x0d\x0a    SplitView.\
fillWidth: true\x0d\
\x0a    SplitView.f\
illHeight: true\x0d\
\x0a    orientation\
: Qt.Vertical\x0d\x0a \
   SplitView {\x0d\x0a\
      id: rootSp\
lit\x0d\x0a      Split\
View.fillWidth: \
true\x0d\x0a      Spli\
tView.fillHeight\
: true\x0d\x0a      or\
ientation: Qt.Ho\
rizontal\x0d\x0a      \
// \xe5\xb7\xa6\xe5\x88\x97\xef\xbc\x9a\xe8\xae\xbe\xe5\
\xa4\x87\xe7\x8a\xb6\xe6\x80\x81/\xe4\xbf\xa1\xe6\x81\xaf \
+ \xe5\x85\x83\xe6\x95\xb0\xe6\x8d\xae\x0d\x0a   \
   Manage.InfoMa\
nageView{\x0d\x0a     \
   SplitView.pre\
ferredWidth: 440\
\x0d\x0a        SplitV\
iew.fillHeight: \
true\x0d\x0a      }\x0d\x0a \
     // // \xe4\xb8\xad\xe5\x88\
\x97\xef\xbc\x9a\xe5\x9b\xbe\xe5\x83\x8f\xe4\xbf\xa1\xe6\x81\xaf\
\xe9\xa2\x84\xe8\xa7\x88\x0d\x0a      Im\
g.ImageInfoView \
{\x0d\x0a        Split\
View.fillWidth: \
true\x0d\x0a        Sp\
litView.fillHeig\
ht: true\x0d\x0a      \
}\x0d\x0a      // \xe5\x8f\xb3\xe5\
\x88\x97\xef\xbc\x9a\xe7\xa8\x8b\xe5\xba\x8f/\xe4\xbb\xa3\xe7\
\xa0\x81\xe7\x8a\xb6\xe6\x80\x81\x0d\x0a    }\x0d\
\x0a    Manage.Foot\
ManageView{\x0d\x0a   \
     SplitView.f\
illWidth: true\x0d\x0a\
        SplitVie\
w.preferredHeigh\
t: 265\x0d\x0a    }\x0d\x0a \
 }\x0d\x0a  Manage.Cod\
eManageView{\x0d\x0a  \
  SplitView.fill\
Height: true\x0d\x0a  \
  SplitView.pref\
erredWidth: 500\x0d\
\x0a  }\x0d\x0a}\x0d\x0a\x0d\x0a\x0d\x0a\x0d\x0a\x0d\
\x0a\x0d\x0a\x0d\x0a\x0d\x0a\x0d\x0a\
\x00\x00\x01t\
i\
mport QtQuick\x0d\x0ai\
mport QtQuick.Co\
ntrols\x0d\x0aimport Q\
tQuick.Layouts\x0d\x0a\
import \x22../../he\
ad\x22 as Widgets\x0d\x0a\
import \x22../../..\
/cores\x22 as Cores\
\x0d\x0aimport \x22../../\
../datas\x22 as Dat\
as\x0d\x0a\x0d\x0aimport \x22..\
/../../Api\x22 as A\
pi\x0d\x0a\x0d\x0a// \xe6\xb5\x8b\xe8\xaf\x95\xe9\
\xa1\xb5\xe9\x9d\xa2\xef\xbc\x9a\xe7\x94\xa8\xe4\xba\x8e\xe5\xbf\
\xab\xe9\x80\x9f\xe9\xaa\x8c\xe8\xaf\x81\xe4\xb8\xbb\xe9\xa2\x98\
\xe3\x80\x81\xe6\x97\xb6\xe9\x97\xb4\xe3\x80\x81\xe5\xb0\x8f\xe5\
\x9b\xbe\xe8\xa1\xa8\xe4\xb8\x8eAPI\xe9\x93\xbe\xe6\x8e\
\xa5\x0d\x0aItem {\x0d\x0a  id:\
 root\x0d\x0a  Layout.\
fillWidth: true\x0d\
\x0a  Layout.fillHe\
ight: true\x0d\x0a\x0d\x0a}\x0d\
\x0a\x0d\x0a\x0d\x0a\x0d\x0a\x0d\x0a\x0d\x0a\x0d\x0a\x0d\x0a\x0d\
\x0a\x0d\x0a\
\x00\x00\x00\x1f\
i\
mport QtQuick\x0d\x0a\x0d\
\x0aItem {\x0d\x0a\x0d\x0a}\x0d\x0a\
\x00\x00\x01\xd9\
i\
mport QtQuick\x0aim\
port QtQuick.Con\
trols\x0aimport QtQ\
uick.Layouts\x0aimp\
ort \x22../../../vi\
ews/Calibration\x22\
 as Calibration\x0a\
\x0aItem {\x0a  id: ro\
ot\x0a  Layout.fill\
Width: true\x0a  La\
yout.fillHeight:\
 true\x0a\x0a  Flickab\
le {\x0a    id: scr\
ollArea\x0a    anch\
ors.fill: parent\
\x0a    contentWidt\
h: width\x0a    con\
tentHeight: cali\
brationCard.impl\
icitHeight\x0a    c\
lip: true\x0a\x0a    C\
alibration.Calib\
rationView {\x0a   \
   id: calibrati\
onCard\x0a      wid\
th: scrollArea.w\
idth\x0a    }\x0a\x0a    \
ScrollBar.vertic\
al: ScrollBar { \
}\x0a  }\x0a}\x0a\
\x00\x00\x00\xab\
i\
mport QtQuick\x0d\x0ai\
mport QtQuick.Co\
ntrols\x0d\x0aimport \x22\
../../components\
/btns\x22 as Btns\x0d\x0a\
Row {\x0d\x0a\x0d\x0a    Btn\
s.CheckDelegateB\
ase{\x0d\x0a        te\
xt: qsTr(\x22\xe6\x89\x8b\xe5\x8a\xa8\
\xe6\x8e\xa7\xe5\x88\xb6\x22)\x0d\x0a\x0d\x0a    \
}\x0d\x0a\x0d\x0a\x0d\x0a}\x0d\x0a\
\x00\x00\x05\xc7\
i\
mport QtQuick\x0d\x0ai\
mport QtQuick.Co\
ntrols\x0d\x0aimport Q\
tQuick.Layouts\x0d\x0a\
\x0d\x0aimport \x22../../\
datas\x22 as Datas\x0d\
\x0aimport \x22../../c\
ores\x22 as Cores\x0d\x0a\
import \x22../../Ap\
i\x22 as Api\x0d\x0a\x0d\x0aRow\
Layout {\x0d\x0a  spac\
ing: 8\x0d\x0a  Rectan\
gle { width: 10;\
 height: 10; rad\
ius: 5; color: D\
atas.StatusDatas\
.connected ? \x22#2\
2c55e\x22 : \x22#ef444\
4\x22 }\x0d\x0a  Label { \
text: (Datas.Sta\
tusDatas.connect\
ed ? \x22\xe5\xb7\xb2\xe8\xbf\x9e\xe6\x8e\xa5\x22\
 : \x22\xe6\x9c\xaa\xe8\xbf\x9e\xe6\x8e\xa5\x22);\
 color: Cores.Co\
reStyle.text }\x0d\x0a\
  Label {\x0d\x0a    i\
d: latency\x0d\x0a    \
color: Cores.Cor\
eStyle.muted\x0d\x0a  \
  text: {\x0d\x0a     \
 var ts = Datas.\
StatusDatas.last\
MsgTs\x0d\x0a      if \
(ts === undefine\
d)\x0d\x0a        ts =\
 0\x0d\x0a      if (ts\
 === null)\x0d\x0a    \
    ts = 0\x0d\x0a    \
  if (ts<=0) ret\
urn qsTr(\x22\xe5\xbb\xb6\xe8\xbf\x9f\
: 0\x22);\x0d\x0a      va\
r age = Math.max\
(0, Date.now() -\
 ts);\x0d\x0a      ret\
urn qsTr(\x22\xe5\xbb\xb6\xe8\xbf\x9f\
: \x22) + age + \x22 m\
s\x22;\x0d\x0a    }\x0d\x0a  }\x0d\
\x0a  Label { text:\
 qsTr(\x22API:\x22); c\
olor: Cores.Core\
Style.muted }\x0d\x0a \
 Item {\x0d\x0a    // \
Make the docs li\
nk show pointing\
-hand cursor on \
hover\x0d\x0a    id: a\
piLink\x0d\x0a    widt\
h: link.implicit\
Width\x0d\x0a    heigh\
t: link.implicit\
Height\x0d\x0a    Text\
 {\x0d\x0a      id: li\
nk\x0d\x0a      textFo\
rmat: Text.RichT\
ext\x0d\x0a      color\
: Cores.CoreStyl\
e.accent\x0d\x0a      \
readonly propert\
y string base: A\
pi.Urls.base()\x0d\x0a\
      text: \x22<a \
href='\x22 + base +\
 \x22/docs'>\x22 + Cor\
es.CoreSettings.\
apiHost + \x22:\x22 + \
Cores.CoreSettin\
gs.apiPort + \x22/d\
ocs</a>\x22\x0d\x0a      \
onLinkActivated:\
 function(url){ \
Qt.openUrlExtern\
ally(url) }\x0d\x0a   \
 }\x0d\x0a    MouseAre\
a {\x0d\x0a      ancho\
rs.fill: parent\x0d\
\x0a      hoverEnab\
led: true\x0d\x0a     \
 acceptedButtons\
: Qt.NoButton\x0d\x0a \
     cursorShape\
: Qt.PointingHan\
dCursor\x0d\x0a    }\x0d\x0a\
  }\x0d\x0a}\
\x00\x00\x02\x13\
i\
mport QtQuick\x0d\x0ai\
mport QtQuick.Co\
ntrols\x0d\x0aimport Q\
tQuick.Layouts\x0d\x0a\
import \x22../../co\
res\x22 as Cores\x0d\x0ai\
mport \x22../../Api\
\x22 as Api\x0d\x0aimport\
 \x22../../componen\
ts/btns\x22 as Btns\
\x0d\x0aItem {\x0d\x0a  Layo\
ut.fillWidth: tr\
ue\x0d\x0a  height: 30\
\x0d\x0a\x0d\x0a  Frame { an\
chors.fill: pare\
nt }\x0d\x0a\x0d\x0a  RowLay\
out {\x0d\x0a    ancho\
rs.fill: parent\x0d\
\x0a    spacing: 12\
\x0d\x0a\x0d\x0a\x0d\x0a    Item{\x0d\
\x0a      Layout.fi\
llWidth: true\x0d\x0a \
     height: 1\x0d\x0a\
    }\x0d\x0a\x0d\x0a    Vie\
wMangeRow{\x0d\x0a    \
}\x0d\x0a\x0d\x0a    PingLab\
el{}\x0d\x0a\x0d\x0a    Btns\
.CheckDelegateBa\
se{\x0d\x0a    }\x0d\x0a\x0d\x0a  \
  Item{\x0d\x0a      w\
idth: 15\x0d\x0a      \
height: 1\x0d\x0a    }\
\x0d\x0a\x0d\x0a  }\x0d\x0a}\x0d\x0a\x0d\x0a\x0d\x0a\
\x0d\x0a\
\x00\x00\x06\xbf\
\x00\
\x00\x16\xbfx\xda\xadXmo\x13G\x10\xfe\xee_1\
\xb8\x12\xf2\xa9\xe1b\x07\xda\x04\xbbi\x95\x04(\xb4P\
J\x12\x0a\xa8\xaa\xaa\xcby\xed\x5c9\xdf^\xf7\xd6I\
L\xb0\x04UTH(\xa1\xd0\x88\xd2\x22\x15\xa9\x0a\x90\
\x0a5\xaa\xaa*\xd0\x04\xda\xffR\xd91\xf9\xc4_\xe8\
\xec\xbd\xf9\xee|~\x09!\x8a\x22\xef\xee\xcc\xb33;\
oO\xac\x95L\xca8\x9c\xe1g\xca\x9az1\xa1\x85\
\x96\xf2\x1858\xa3\xba\x15\xdd?\xa9Th\x99\xfb\xdb\
IY\xee\xc7_\x952b%A\xb1`L|\x0a\x9e\
\x8e*\x16I\xb6\x88\xe3\xd2 \x06\xb7\xfa\xa7\xb8\xe1(\
\x8e\xe2\x87\xf6b\x0eJ\xa2\xbf\x1fj\x9b\xb7\xeb\xb7\xfe\
\xd8^\xbcQ_Z\xdb^~\x5c\xbf\xbe\xf1\xea\xf9\xcf\
\x8d\xf5\xdf\xeb\xab\x7f5\x1e\xfcV\x7f\xf1\xeb\xf6w\x8b\
;w\xd6\xe1m\xd8\xb9\xf2\xa0\xbe\xf9\xe8\xe5\xfa?\x8d\
\x17\xeb\x09\x010\xa6\xb0<\xcc'\x00\xb4|\x16\x18\xa5\
<\x81\x9f\x11\xd2\x11\x84T\xa9\xd4oI\xb8e2j\
\x12\xc6+\xa0\x19\x1cf\x8e)\x16\xcfB&\x9dn9\
9G\xd9Eq\xe2\xa2\xac\xac7\xee\xdf\xc3\xdbk\xcf\
n4\x966\xb6\xaf\x5c}\xf5\xfczce\xad\xb6\xb9\
\xbc\xf3\xe4^ms\xfd\xd5\xf3\xc5 \xc4\x14\xa5:\x5c\
$\x95\xb3\xe6q\xa2\xa3A\x05E\xb7H\x9c\xc0\x11:\
kt\x119I\x0a\xbc\x8b\xc8\xb8V\x9c\x0e\xc9\xa0\x10\
#J\x9e\x1az%\x22\x9d\xd7\x18Q\xb9\x9b\x01G\x0d\
eJ'\xa8eGV\x16\x7f\xdd\x13Y\xd1u:{\
$(\xdc\x1e\xf3+Z\xec\x86\xf4\x11-\x165\xa3(\
\x0c#\x9eh\x9c)x\xfe1\xa9X\xb2\xc94\xca4\
^\xc9:\xcbQR@\xc4\x13\x9c\x94P\xa0@\xd5\xb2\
\x95\x05\xce\xca\xe21\x14\x95k3\xe4\x98\xd8;mL\
*S\xee\x81\x90+\x1bxF\x0da\xdf\xf9\x14\xde\xd6\
\x07\x96\x99\x97`\x1e\xb4\x02\xa4\x9aFK1F\xe3i\
*9\x97\xec\x83\xa6Z5\x02y\xe1u +\xed!\
1\x8e\x13&!\xf9\x14\x99\x11\x80\x8c\xf023\x00W\
r\x89\xe6\xb5\x82F\x98\x05\xfb\xb1V\xe5\x89i\xad\xc0\
O\xb9{\x12|\xe0$+d\x9dtFP\xef\x11\xa9\
\xf1)\x1aa\x89\xb7\xf6nq\xc0Q\x00l\x8b\xf7\xc5\
\xc5\x00._\x86}\x01_lip\x0d\xb2\x173\x0a\
\x13\x0e\xc0p\xc8h\x1f\x15M\xc6}\x18\x1e\x1e\x16\xe6\
\xa2)_\x9e5\x85K~A\xa0\xa2\x08R\xcey\xc6\
\x8c\xf3\x1a9@=EU\x89\xc9\x89'a\xbf\x10\xa6\
\x0c\xe6t\x1bdQ@.\xb6WKa\xf4\x03{\x82\
\x17\xc5\xe7\xc2{u\x18\x84?\xbfGx\xbbp]|\
\xbf\x88\xc3\x17t\xc3\x0f\x86{\x9c\xe8Di\x89\xf7\xfc\
\xae\x02c7\x907\x19\x8b=\x00\xc6\xbf\xfe\x1e\x00\xdb\
\xbdwg\xc8\xaa;K\x1a\xdf\xfc]\xbf\xb6U\xdb\xda\
\xda^\xb8U_]x\xb9\xfc\xb4~\xebnc\xe1\x11\
\xee\xd7\xb6\x1en/?\xdc^\xd9p&Em\xf3F\
mk\x03\xb5N\xd1\xb2EF\xb0o\xe2\x9d\x8a\xa1N\
Sf\xc9\x05M\xd7\xb3`*\x0c\xa7_\x0e\xbc\x0bG\
\xcb\x9cS\x03\xfb\x1a\x9a\xfa\x09uV9\x98\xa63\x84\
\xf9\xcd\xd5I\x0bj\x1c58a\xc4\x1dt2\xb6F\
\x95\x8c4\xdb`Jr,\x1e\xa3z\xb9d8C\xdd\
\xad\xf98\x13B\x07%\x85a\x9fF+\x06\xecm\xcb\
TTl\xdbY\x18J\xd8\xebq:\x1b\xc2\x03p\x96\
6\xe09-\xcf\xa7\xfd\xbe\x1cQ\xf7\xa4\xa7\x88\x8eO\
\xc1\xc9\x1c\xce\xdd\xaf\xadI\x96J\xd6\xff}\x82C:\
\x89\x19\xaeR\x9d\xb2\xe0\x08\x99\xe0\x15\x9d\xc8B\xd8\x0d\
-\xc0\x84\xa9\x19\xa3tN\x8c|\xc4)0Z\xc2)\
\x9d\x03N\xed1\x9e\xceao\xd2\xcb\xc4}\x19\xbb!\
\xe6\x9a\x13\xc7\xde\x8cky\xe2Q?\x13\x8an[\xcd\
\x07\x010\x15l\xd0\x9c\xe7\xac\xc9H\x810\x0c\x80\xeb\
\xf1\xe1\xb4o^\xac\x83\xd7\xaf\xd5\x17\x97\xf6\xe2`\xda\
qp\xa0\xc5?\xd1\xf8\xf7\xe4\x9f=9v\xe1\x9f`\
r\xf2\x88\xddZ\x9c\x14\xf5\x13\x01B>;\xcc,)\
\xf9\x87\xddm\xf4E\xa91\xa6#\x1d\x8dg\x13\x16\xe1\
\xce\xc0i\xc6\xa7/\xe0\x8bw\xa1co\xf5\xb5\xb26\
px\x9c\x88&\x11\x9f\xd3\x99w\x13\xee\x96\xe0%\x81\
w\xe8\x08\xde\x0d\x1e\xe0C\xa6\xe5#\xe6\xda\xfd\x1b\x9f\
\xa3\x88G\x81-\xd5.p,\xd6\x83\x81MFg'\
\xa2e\xd7\x14\x8e=\xf2\x8a_%\xa2\xaf\x9c0\xfc\xce\
\x10\x90\x19'&Q\xf04d\x13\x00R\x13\x82\x9d\xe4\
\xf3\xd0&@j\x1etQ\x09^:\xfc\xf7\xed\xdd\xa4\
\x84\xccg.\x0bb`\xe6\x91\xd7e\xa0*\xf5uU\
\xbb\xed\xa9\xa5w\xa3\xf5\xa3\xa7\xb5\xab\xbb\xbe\x8f\x9a\x98\
\xee\xa8\x96L\x86,K\xf7t\xc7\x9d\x88e\xbdi\xfd\
\x14\xb5\xec@o\x1e\xfd\x10y\xbd\x1e\xd5\xeeE\x8c\xb4\
\xd5BZ_\x84V\x98\x02\xa4\x88\xc9\x91\xc5,Q\xb9\
b\x14u\x12I\x13\x80Y\xa7\x12\x06\x07p\xa6\xb9Y\
\x7fh(\x07L\xc9k\x82\xcc\x1f\x8a\x88\xbb\x9d\xd2\xa9\
\xf2&\x17\x85\xfd\xfb!\x95\xb2\x93\xee\x88\xc2\x159_\
\x81\xf7\xf1\x0dq\xd7\x16\xf4y\x8c\x84\x1c6\x82\xe8:\
\x1b\xd2}/\xac\xeb\x91\x96\x9e\xb4\xe7\xa27\xfb|\xa2\
G\xf5\xc8\xe5\x1e\xc1\x91$A\xe9\xa3#B\xb0\x04\xfc\
\xb7\xb4uvXeVPT\x12\xb9o\x8a\xb2<a\
r\x9by\xe3\x9c\xc6\xab\xb8q\xca$\x22\xc7\x93bF\
\xcd\xb7m\x159\xb7\xfb7=\xb4s\xaa\xdb\xc8\x8b\x5c\
\x12`K-\x0f\xd8\x96\xba\x04\x7f\xc2S&\x9c7\x11\
\xd3d\x9d\x18E>-\xa2\xd8\x02\x13\x98@\xf31\x91\
\x14\xdc2\x14\xca}\xc80\xd3Rl\xccm\x0e\x1f\x14\
\xee\x0b0\x0b\xa9;x\xa5\x0b\xf8\x85\x90pg\xf0j\
\xa2\xd3:\xb8j~\xae\x06\xe6\x96Mmb\xe6\x06\xa7\
\xa63\x9b0\xb3\x90\x13\x94\xe2EN\xd9\xd42~\xf2\
\xe0\x1f\xed\x12NxE\x1f\xb3\x13\xcb\x85\x8bn\x074\
C\x04\xeb\xd9\xb3\x97\x8f\x17\x1c\xcaQ\x7f\xfag\xe3\xd1\
\xd5\xc6\xca\x9a \xebKkI)\xd1\xd2T\x92o\x15\
\x86\x063\x83\x99d\xe0hF\xb34L\x94,\xec\x8b\
\xc9\x9c\xee\x94\xa5\xea\xd3\x0e\xf7C\x0c\xf7\x8e%\xc4>\
\x1dPt\xadh\x94\xd0K\xfb\x1f\x80\x11\xb1\x9a\xa4\xa6\
/\xe5P\x8cv\xdc!\xe7\xb5\xd7L ^1T-\
\xfcj\xf7\x7f\xd9\xb9\xbf!hio\xfc\xb1\x03)\x9b\
\xa6%\x92\x92vq7\xc6\xaa\xbe\xfc\x00C\xf4F\xae\
GN(\xb8\xdfi\xa6a\x82\xed\xca\x8e\xfa\xea\xcd\xda\
\x8b\x9b\xc2\x88\x8e\x17\xe0\x9a\xf0\x00\xb0\xc7.\xdd\x80\x07\
\xf8_\xdb.\x15I\xb0\xb6\xd9\xd4:A;4>?\
\xa1\xd3\x85\xcc\xe0\x80\xe2%4\x15Y&\xbe;K\xcb\
C\xefx\xdf\xde\xb8\x83v(\xd1t \x5c\xd1mY\
`\x8f\x05'b\xbaz\xcd\xf9\xda\xd6/;\xdf\xc2\xc3\
\x87\x94\x83SC\x9e\x85\x05t\x5c6\xb59\xa2Oh\
\x97\x88\xcd\xa5\x9b/ZM\xfc\x0fn\x8e2\xc4\
\x00\x00\x00\x1f\
i\
mport QtQuick\x0d\x0a\x0d\
\x0aItem {\x0d\x0a\x0d\x0a}\x0d\x0a\
\x00\x00\x0b\x85\
i\
mport QtQuick\x0aim\
port QtQuick.Con\
trols\x0aimport QtQ\
uick.Layouts\x0a\x0aim\
port \x22../../core\
s\x22 as Cores\x0aimpo\
rt \x22../Base\x22\x0aimp\
ort \x22../../compo\
nents/btns\x22 as B\
tns\x0a\x0aBaseCard {\x0a\
  id: root\x0a  Lay\
out.fillWidth: t\
rue\x0a  visible: t\
rue\x0a\x0a  readonly \
property bool di\
rectControlEnabl\
ed: Cores.CoreCo\
ntrol.allowDirec\
tControl\x0a  enabl\
ed: directContro\
lEnabled\x0a\x0a  read\
only property va\
r cylinders: [\x0a \
   { index: 0, l\
abel: \x221\x22 },\x0a   \
 { index: 1, lab\
el: \x222\x22 },\x0a    {\
 index: 2, label\
: \x223\x22 },\x0a    { i\
ndex: 3, label: \
\x224\x22 },\x0a    { ind\
ex: 4, label: \x225\
\x22 },\x0a    { index\
: 5, label: \x226\x22 \
},\x0a    { index: \
6, label: \x227\x22 },\
\x0a    { index: 7,\
 label: \x228\x22 },\x0a \
   { index: 8, l\
abel: \x229\x22 },\x0a   \
 { index: 9, lab\
el: \x2210\x22 },\x0a    \
{ index: 10, lab\
el: \x2211\x22 },\x0a    \
{ index: 11, lab\
el: \x2212\x22 },\x0a    \
{ index: 12, lab\
el: \x2213\x22 },\x0a    \
{ index: 13, lab\
el: \x2214\x22 },\x0a    \
{ index: 14, lab\
el: \x2215\x22 },\x0a    \
{ index: 15, lab\
el: \x2216\x22 }\x0a  ]\x0a\x0a\
  ColumnLayout {\
\x0a    anchors.fil\
l: parent\x0a    an\
chors.margins: 8\
\x0a    spacing: 8\x0a\
\x0a    GridLayout \
{\x0a      id: grid\
\x0a      columns: \
4\x0a      rowSpaci\
ng: 6\x0a      colu\
mnSpacing: 6\x0a   \
   Layout.fillWi\
dth: true\x0a\x0a     \
 Repeater {\x0a    \
    model: cylin\
ders\x0a        del\
egate: Rectangle\
 {\x0a          pro\
perty int idx: m\
odelData.index\x0a \
         propert\
y bool open: Cor\
es.CoreControl.i\
sCylinderOpen(id\
x)\x0a          Lay\
out.preferredWid\
th: 48\x0a         \
 Layout.preferre\
dHeight: 48\x0a    \
      radius: 6\x0a\
          color:\
 open ? Cores.Co\
reStyle.accent :\
 Cores.CoreStyle\
.surface\x0a       \
   border.color:\
 open ? Cores.Co\
reStyle.accent :\
 Cores.CoreStyle\
.border\x0a        \
  border.width: \
open ? 1.5 : 1\x0a\x0a\
          Behavi\
or on color { Co\
lorAnimation { d\
uration: 120 } }\
\x0a          Behav\
ior on border.co\
lor { ColorAnima\
tion { duration:\
 120 } }\x0a\x0a      \
    Text {\x0a     \
       anchors.c\
enterIn: parent\x0a\
            text\
: modelData.labe\
l\x0a            co\
lor: open ? \x22#00\
0000\x22 : Cores.Co\
reStyle.text\x0a   \
         font.bo\
ld: open\x0a       \
   }\x0a\x0a          \
MouseArea {\x0a    \
        anchors.\
fill: parent\x0a   \
         enabled\
: root.directCon\
trolEnabled\x0a    \
        onClicke\
d: Cores.CoreCon\
trol.toggleCylin\
der(idx)\x0a       \
     hoverEnable\
d: true\x0a        \
    cursorShape:\
 Qt.PointingHand\
Cursor\x0a         \
 }\x0a        }\x0a   \
   }\x0a    }\x0a\x0a    \
RowLayout {\x0a    \
  Layout.fillWid\
th: true\x0a      s\
pacing: 12\x0a     \
 Btns.ActionButt\
on {\x0a        Lay\
out.fillWidth: t\
rue\x0a        text\
: qsTr(\x22\xe5\x85\xa8\xe9\x83\xa8\xe5\xbc\
\x80\xe5\x90\xaf\x22)\x0a        e\
nabled: root.dir\
ectControlEnable\
d\x0a        onClic\
ked: Cores.CoreC\
ontrol.openAllCy\
linders()\x0a      \
}\x0a      Btns.Act\
ionButton {\x0a    \
    Layout.fillW\
idth: true\x0a     \
   text: qsTr(\x22\xe5\
\x85\xa8\xe9\x83\xa8\xe5\x85\xb3\xe9\x97\xad\x22)\x0a  \
      danger: tr\
ue\x0a        enabl\
ed: root.directC\
ontrolEnabled\x0a  \
      onClicked:\
 Cores.CoreContr\
ol.closeAllCylin\
ders()\x0a      }\x0a \
   }\x0a  }\x0a\x0a  Item\
 {\x0a    anchors.f\
ill: parent\x0a    \
visible: !root.d\
irectControlEnab\
led\x0a    Rectangl\
e {\x0a      anchor\
s.fill: parent\x0a \
     radius: 8\x0a \
     color: \x22#0f\
172a\x22\x0a      opac\
ity: 0.85\x0a    }\x0a\
    Label {\x0a    \
  anchors.center\
In: parent\x0a     \
 text: qsTr(\x22\xe5\xb8\xb8\
\xe8\xa7\x84\xe8\xae\xbe\xe7\xbd\xae\xe5\xb7\xb2\xe7\xa6\x81\xe7\
\x94\xa8\xe8\xae\xbe\xe5\xa4\x87\xe6\x8e\xa7\xe5\x88\xb6\x22)\
\x0a      color: \x22#\
94a3b8\x22\x0a    }\x0a  \
}\x0a}\x0a\
\x00\x00\x00\x1f\
i\
mport QtQuick\x0d\x0a\x0d\
\x0aItem {\x0d\x0a\x0d\x0a}\x0d\x0a\
\x00\x00\x00\xc8\
i\
mport QtQuick\x0d\x0ai\
mport QtQuick.Co\
ntrols\x0d\x0aimport \x22\
../../cores\x22 as \
Cores\x0d\x0a\x0d\x0aRectang\
le {\x0d\x0a  radius: \
6\x0d\x0a  color: Core\
s.CoreStyle.surf\
ace\x0d\x0a  border.co\
lor: Cores.CoreS\
tyle.border\x0d\x0a  w\
idth: parent.wid\
th\x0d\x0a}\x0d\x0a\
\x00\x00\x01^\
i\
mport QtQuick\x0d\x0ai\
mport QtQuick.Co\
ntrols.Material\x0d\
\x0aimport QtQuick.\
Layouts\x0d\x0aimport \
\x22../../Api\x22 as A\
pi\x0aimport \x22../Ba\
se\x22\x0d\x0aimport \x22../\
../cores\x22 as Cor\
es\x0d\x0aimport \x22../.\
./components/btn\
s\x22 as Btns\x0d\x0aItem\
 {\x0d\x0a    height:C\
ores.CoreStyle.c\
ardHeadHeight\x0d\x0a \
   Layout.fillWi\
dth: true\x0d\x0a    P\
ane{\x0d\x0a        an\
chors.fill: pare\
nt\x0d\x0a        Mate\
rial.elevation: \
5\x0d\x0a    }\x0d\x0a}\x0d\x0a\
\x00\x00\x01\xaa\
i\
mport QtQuick\x0aim\
port QtQuick.Con\
trols.Material\x0ai\
mport QtQuick.La\
youts\x0aimport QtC\
ore\x0a\x0aimport \x22../\
../cores\x22 as Cor\
es\x0a\x0aRowLayout {\x0a\
  id: root\x0a  spa\
cing: 8\x0a\x0a  // Te\
xt area whose co\
ntent length is \
displayed.\x0a  pro\
perty Item edito\
rItem: null\x0a\x0a  L\
abel {\x0a    text:\
 (root.editorIte\
m && root.editor\
Item.text !== un\
defined)\x0a       \
   ? root.editor\
Item.text.length\
 + qsTr(\x22 chars\x22\
)\x0a          : \x22-\
\x22\x0a    color: Cor\
es.CoreStyle.mut\
ed\x0a  }\x0a}\x0a\
\x00\x00\x075\
i\
mport QtQuick\x0d\x0ai\
mport QtQuick.Co\
ntrols\x0d\x0aimport Q\
tQuick.Layouts\x0d\x0a\
\x0d\x0aimport \x22../../\
Api\x22 as Api\x0d\x0aimp\
ort \x22../../cores\
\x22 as Cores\x0d\x0aimpo\
rt \x22../../compon\
ents/btns\x22 as Bt\
ns\x0d\x0aimport \x22../.\
./components/Car\
d\x22\x0d\x0aimport \x22../.\
./datas\x22 as Data\
s\x0d\x0aimport \x22../Ba\
se\x22\x0d\x0a\x0d\x0aCardHead \
{\x0d\x0a  id: headRoo\
t\x0d\x0a  signal back\
Requested()\x0d\x0a\x0d\x0a \
 height: Cores.C\
oreStyle.cardHea\
dHeight\x0d\x0a  Layou\
t.fillWidth: tru\
e\x0d\x0a  required pr\
operty bool code\
Connected\x0d\x0a  req\
uired property s\
tring runState\x0d\x0a\
  required prope\
rty int currentI\
ndex\x0d\x0a\x0d\x0a  functi\
on resolvedState\
() {\x0d\x0a    var st\
ateValue = headR\
oot.runState\x0d\x0a  \
  if (stateValue\
 === undefined |\
| stateValue ===\
 null || stateVa\
lue === \x22\x22)\x0d\x0a   \
   return qsTr(\x22\
-\x22)\x0d\x0a    return \
stateValue\x0d\x0a  }\x0d\
\x0a\x0d\x0a  RowLayout {\
\x0d\x0a    anchors.fi\
ll: parent\x0d\x0a    \
spacing: 6\x0d\x0a\x0d\x0a  \
  ToolButton {\x0d\x0a\
      text: \x22\x5cu2\
190\x22\x0d\x0a      onCl\
icked: headRoot.\
backRequested()\x0d\
\x0a      Layout.pr\
eferredWidth: 32\
\x0d\x0a      Layout.p\
referredHeight: \
24\x0d\x0a    }\x0d\x0a\x0d\x0a   \
 Label {\x0d\x0a      \
text: qsTr(\x22\xe6\x8c\x87\xe4\
\xbb\xa4\x22)\x0d\x0a      colo\
r: Cores.CoreSty\
le.text\x0d\x0a      f\
ont.bold: true\x0d\x0a\
      Layout.fil\
lWidth: true\x0d\x0a  \
  }\x0d\x0a\x0d\x0a    Recta\
ngle {\x0d\x0a      wi\
dth: 10\x0d\x0a      h\
eight: 10\x0d\x0a     \
 radius: 5\x0d\x0a    \
  color: headRoo\
t.codeConnected \
? Cores.CoreStyl\
e.success : Core\
s.CoreStyle.dang\
er\x0d\x0a      Layout\
.alignment: Qt.A\
lignVCenter\x0d\x0a   \
 }\x0d\x0a\x0d\x0a\x0d\x0a\x0d\x0a    La\
bel {\x0d\x0a      tex\
t: qsTr(\x22\xe5\xbd\x93\xe5\x89\x8d:\
 %1\x22).arg(headRo\
ot.currentIndex \
>= 0 ? headRoot.\
currentIndex + 1\
 : \x22-\x22)\x0d\x0a      c\
olor: Cores.Core\
Style.muted\x0d\x0a   \
 }\x0d\x0a    Item{\x0d\x0a \
     Layout.fill\
Width: true\x0d\x0a   \
   height: 1\x0d\x0a  \
  }\x0d\x0a    Btns.Ac\
tionButton {\x0d\x0a  \
    text: qsTr(\x22\
\xe8\xbf\x90\xe8\xa1\x8c\x22)\x0d\x0a      \
enabled: Datas.S\
tatusDatas.contr\
olEnabled && !Da\
tas.TaskDatas.al\
armLocked\x0d\x0a     \
 onClicked: Api.\
ApiClient.startR\
un()\x0d\x0a    }\x0d\x0a\x0d\x0a \
   Btns.ActionBu\
tton {\x0d\x0a      te\
xt: qsTr(\x22\xe5\x81\x9c\xe6\xad\xa2\
\x22)\x0d\x0a      danger\
: true\x0d\x0a      en\
abled: Datas.Sta\
tusDatas.control\
Enabled\x0d\x0a      o\
nClicked: Api.Ap\
iClient.stopRun(\
)\x0d\x0a    }\x0d\x0a  }\x0d\x0a}\
\x0d\x0a\x0d\x0a\
\x00\x00\x0a\x01\
i\
mport QtQuick\x0d\x0ai\
mport QtQuick.Co\
ntrols\x0d\x0aimport Q\
tQuick.Layouts\x0d\x0a\
\x0d\x0aimport \x22../../\
components/btns\x22\
 as Btns\x0d\x0aimport\
 \x22../../cores\x22 a\
s Cores\x0d\x0aimport \
\x22../../datas\x22 as\
 Datas\x0d\x0aimport \x22\
../../Api\x22 as Ap\
i\x0d\x0aimport \x22../Ba\
se\x22\x0d\x0a\x0d\x0aBaseCard \
{\x0d\x0a  id: root\x0d\x0a \
 Layout.fillWidt\
h: true\x0d\x0a  impli\
citHeight: contr\
olRow.implicitHe\
ight + 2\x0d\x0a\x0d\x0a  re\
adonly property \
string runState:\
 Datas.CodeDatas\
.runState\x0d\x0a  rea\
donly property b\
ool hasProgram: \
Array.isArray(Da\
tas.CodeDatas.li\
nes) && Datas.Co\
deDatas.lines.le\
ngth > 0\x0d\x0a\x0d\x0a  fu\
nction resolvedR\
unState() {\x0d\x0a   \
 var stateValue \
= root.runState\x0d\
\x0a    if (stateVa\
lue === undefine\
d)\x0d\x0a      return\
 \x22-\x22\x0d\x0a    if (st\
ateValue === nul\
l)\x0d\x0a      return\
 \x22-\x22\x0d\x0a    if (st\
ateValue === \x22\x22)\
\x0d\x0a      return \x22\
-\x22\x0d\x0a    return s\
tateValue\x0d\x0a  }\x0d\x0a\
\x0d\x0a  function fal\
lbackMessage(val\
ue, defaultText)\
 {\x0d\x0a    if (valu\
e === undefined)\
\x0d\x0a      return d\
efaultText\x0d\x0a    \
if (value === nu\
ll)\x0d\x0a      retur\
n defaultText\x0d\x0a \
   if (value ===\
 \x22\x22)\x0d\x0a      retu\
rn defaultText\x0d\x0a\
    return value\
\x0d\x0a  }\x0d\x0a\x0d\x0a  funct\
ion startProgram\
() {\x0d\x0a    Api.Ap\
iClient.startRun\
(\x0d\x0a      functio\
n() {},\x0d\x0a      f\
unction(_, err) \
{ Cores.CoreErro\
r.showError(fall\
backMessage(err,\
 qsTr(\x22\xe5\x90\xaf\xe5\x8a\xa8\xe5\xa4\xb1\
\xe8\xb4\xa5\x22))) }\x0d\x0a    )\
\x0d\x0a  }\x0d\x0a\x0d\x0a  funct\
ion stopProgram(\
) {\x0d\x0a    Api.Api\
Client.stopRun(\x0d\
\x0a      function(\
) {},\x0d\x0a      fun\
ction(_, err) { \
Cores.CoreError.\
showError(fallba\
ckMessage(err, q\
sTr(\x22\xe5\x81\x9c\xe6\xad\xa2\xe5\xa4\xb1\xe8\xb4\
\xa5\x22))) }\x0d\x0a    )\x0d\x0a\
  }\x0d\x0a\x0d\x0a  functio\
n isRunningOrPau\
sed() {\x0d\x0a    ret\
urn [\x22RUNNING\x22, \
\x22PAUSED\x22].indexO\
f(root.runState)\
 !== -1\x0d\x0a  }\x0d\x0a\x0d\x0a\
  ColumnLayout {\
\x0d\x0a    anchors.fi\
ll: parent\x0d\x0a    \
spacing: 10\x0d\x0a\x0d\x0a \
   RowLayout {\x0d\x0a\
      id: contro\
lRow\x0d\x0a      Layo\
ut.fillWidth: tr\
ue\x0d\x0a      spacin\
g: 5\x0d\x0a\x0d\x0a      La\
bel {\x0d\x0a        t\
ext: qsTr(\x22\xe6\x8c\x87\xe4\xbb\
\xa4\x22)\x0d\x0a        fon\
t.bold: true\x0d\x0a  \
      color: Cor\
es.CoreStyle.tex\
t\x0d\x0a        Layou\
t.fillWidth: tru\
e\x0d\x0a      }\x0d\x0a    \
  Item {\x0d\x0a      \
  Layout.fillWid\
th: true\x0d\x0a      \
}\x0d\x0a\x0d\x0a      Btns.\
ActionButton {\x0d\x0a\
        text: qs\
Tr(\x22\xe5\x90\xaf\xe5\x8a\xa8\x22)\x0d\x0a  \
      enabled: D\
atas.StatusDatas\
.controlEnabled \
&& root.hasProgr\
am && root.runSt\
ate !== \x22RUNNING\
\x22\x0d\x0a        onCli\
cked: startProgr\
am()\x0d\x0a      }\x0d\x0a\x0d\
\x0a      Btns.Acti\
onButton {\x0d\x0a    \
    text: qsTr(\x22\
\xe5\x81\x9c\xe6\xad\xa2\x22)\x0d\x0a      \
  danger: true\x0d\x0a\
        enabled:\
 Datas.StatusDat\
as.controlEnable\
d && isRunningOr\
Paused()\x0d\x0a      \
  onClicked: sto\
pProgram()\x0d\x0a    \
  }\x0d\x0a\x0d\x0a      Btn\
s.ActionButton {\
\x0d\x0a        text: \
qsTr(\x22\xe5\xa4\x8d\xe4\xbd\x8d\x22)\x0d\x0a\
        danger: \
true\x0d\x0a        en\
abled: Datas.Sta\
tusDatas.control\
Enabled && isRun\
ningOrPaused()\x0d\x0a\
      }\x0d\x0a      B\
tns.ActionButton\
 {\x0d\x0a        text\
: qsTr(\x22\xe9\x87\x8d\xe6\x96\xb0\xe6\x89\
\xa7\xe8\xa1\x8c\x22)\x0d\x0a        \
danger: true\x0d\x0a  \
      enabled: D\
atas.StatusDatas\
.controlEnabled \
&& isRunningOrPa\
used()\x0d\x0a      }\x0d\
\x0a    }\x0d\x0a  }\x0d\x0a}\x0d\x0a\
\
\x00\x00\x0b\x8a\
i\
mport QtQuick\x0d\x0ai\
mport QtQuick.Co\
ntrols\x0d\x0aimport Q\
tQuick.Layouts\x0d\x0a\
\x0d\x0aimport \x22../Bas\
e\x22\x0d\x0aimport \x22.\x22 a\
s CodeViews\x0d\x0aimp\
ort \x22../../datas\
\x22 as Datas\x0d\x0aimpo\
rt \x22../../cores\x22\
 as Cores\x0d\x0a\x0d\x0aBas\
eCard {\x0d\x0a  id: r\
oot\x0d\x0a  signal re\
questBack()\x0d\x0a  L\
ayout.fillWidth:\
 true\x0d\x0a  readonl\
y property bool \
programEmpty: co\
deModel.count ==\
= 0\x0d\x0a  implicitH\
eight: contentCo\
lumn.implicitHei\
ght + 16\x0d\x0a\x0d\x0a  pr\
operty var codeM\
odel: Datas.Code\
Datas.model\x0d\x0a\x0d\x0a \
 property int cu\
rrentIndex: Data\
s.CodeDatas.curr\
entIndex\x0d\x0a  prop\
erty string runS\
tate: Datas.Code\
Datas.runState\x0d\x0a\
  property bool \
codeConnected: D\
atas.CodeDatas.c\
onnected\x0d\x0a\x0d\x0a  fu\
nction statusCol\
or(status) {\x0d\x0a  \
  switch (status\
) {\x0d\x0a    case \x22R\
UNNING\x22:\x0d\x0a      \
return Cores.Cor\
eStyle.accent\x0d\x0a \
   case \x22OK\x22:\x0d\x0a \
     return Core\
s.CoreStyle.succ\
ess\x0d\x0a    case \x22F\
AIL\x22:\x0d\x0a    case \
\x22ERROR\x22:\x0d\x0a      \
return Cores.Cor\
eStyle.danger\x0d\x0a \
   default:\x0d\x0a   \
   return Cores.\
CoreStyle.muted\x0d\
\x0a    }\x0d\x0a  }\x0d\x0a\x0d\x0a \
 function ensure\
CurrentVisible()\
 {\x0d\x0a    var cur \
= Datas.CodeData\
s.currentIndex\x0d\x0a\
    if (cur >= 0\
 && cur < codeMo\
del.count)\x0d\x0a    \
  list.positionV\
iewAtIndex(cur, \
ListView.Center)\
\x0d\x0a  }\x0d\x0a\x0d\x0a  funct\
ion updateStatus\
es() {\x0d\x0a    Data\
s.CodeDatas.upda\
teStatuses()\x0d\x0a  \
  ensureCurrentV\
isible()\x0d\x0a  }\x0d\x0a\x0d\
\x0a  function sync\
CoreState() {\x0d\x0a \
   Cores.CoreCut\
ting.updateRunSt\
ate(Datas.CodeDa\
tas.runState, Da\
tas.CodeDatas.cu\
rrentIndex)\x0d\x0a  }\
\x0d\x0a\x0d\x0a  function r\
efreshProgram() \
{\x0d\x0a    var comma\
nds = Cores.Core\
Cutting.commands\
\x0d\x0a    if (!Array\
.isArray(command\
s) || commands.l\
ength === 0) {\x0d\x0a\
      var fallba\
ck = Datas.CodeD\
atas.lines\x0d\x0a    \
  if (!Array.isA\
rray(fallback))\x0d\
\x0a        fallbac\
k = []\x0d\x0a      Da\
tas.CodeDatas.se\
tProgramList(fal\
lback)\x0d\x0a    } el\
se {\x0d\x0a      Data\
s.CodeDatas.setP\
rogramList(comma\
nds)\x0d\x0a    }\x0d\x0a   \
 updateStatuses(\
)\x0d\x0a  }\x0d\x0a\x0d\x0a\x0d\x0a  Co\
lumnLayout {\x0d\x0a  \
  id: contentCol\
umn\x0d\x0a    spacing\
: 10\x0d\x0a    anchor\
s.fill: parent\x0d\x0a\
    CodeViews.Co\
deHead {\x0d\x0a      \
width: parent.wi\
dth\x0d\x0a      codeC\
onnected: root.c\
odeConnected\x0d\x0a  \
    runState: ro\
ot.runState\x0d\x0a   \
   currentIndex:\
 root.currentInd\
ex\x0d\x0a      onBack\
Requested: root.\
requestBack()\x0d\x0a \
   }\x0d\x0a\x0d\x0a    Item\
 {\x0d\x0a      width:\
 parent.width\x0d\x0a \
     Layout.fill\
Width: true\x0d\x0a   \
   Layout.fillHe\
ight: true\x0d\x0a    \
  clip: true\x0d\x0a  \
    ListView {\x0d\x0a\
        id: list\
\x0d\x0a        anchor\
s.fill: parent\x0d\x0a\
        anchors.\
margins: 4\x0d\x0a    \
    model: codeM\
odel\x0d\x0a        cl\
ip: true\x0d\x0a      \
  focus: true\x0d\x0a \
       delegate:\
CodeRunOneItem{}\
\x0d\x0a        Scroll\
Bar.vertical: Sc\
rollBar { }\x0d\x0a   \
   }\x0d\x0a    }\x0d\x0a  }\
\x0d\x0a\x0d\x0a  Component.\
onCompleted: {\x0d\x0a\
    refreshProgr\
am()\x0d\x0a    syncCo\
reState()\x0d\x0a  }\x0d\x0a\
\x0d\x0a  Connections \
{\x0d\x0a    target: D\
atas.CodeDatas\x0d\x0a\
\x0d\x0a    function o\
nCurrentIndexCha\
nged() { syncCor\
eState(); update\
Statuses() }\x0d\x0a  \
  function onRun\
StateChanged() {\
 syncCoreState()\
; updateStatuses\
() }\x0d\x0a  }\x0d\x0a\x0d\x0a  C\
onnections {\x0d\x0a  \
  target: Cores.\
CoreCutting\x0d\x0a   \
 function onComm\
andsChanged() { \
refreshProgram()\
 }\x0d\x0a    function\
 onActiveIndexCh\
anged() { update\
Statuses() }\x0d\x0a  \
  function onSel\
ectedIndexChange\
d() { updateStat\
uses() }\x0d\x0a    fu\
nction onRunStat\
eChanged() { upd\
ateStatuses() }\x0d\
\x0a  }\x0d\x0a}\x0d\x0a\
\x00\x00\x03l\
\x00\
\x00\x0b\xe1x\xda\x9dV\xebo\xda0\x10\xff\x9e\xbf\xc2\
K\xa5\x0a\xa4\xc9\xe3Q\xba*\x1a\x9bZ\xba\x07R\x85\
Z\xba\xc7g\x938`\xd5\xb1\x91\xed\xb4e-\xff\xfb\
\xceN\x80\x04B\x0a\xb3\x10q\xee\xfd\xbb;\x9f\xc3\x92\
\xb9T\x06\xdd\x99\xbb\x94\x85\x0f\x1e+\xbd\xe2\x81\x14F\
I\xae\xb7\xe97d!S\xa3\xbd\x15\xdd\xc7\xf8\xc3\x15\
\xd1\xd4\xdf\x10|D4\x1a\xc8\x88\xfef\xf4I\x17\x05\
\xe1\x17\x11C\xb4\x93\xb8\xb6\xbb-n(\x15\xd5\xb9>\
\xec<ohhrM9\x9d\x12C\xd1\x8b\x87`\xb1\
(@QN\xb2lGT\x94DR\xf0\x05\x9a+9\
\xa7\xca,\xd0DJ\x8e\x98\x1e\xa7B01\x0d2w\
\xd8\x86\x95\xedT*\xee\x8d\xb5\xda\xef\xf7\x91?\xfe5\
\x1a\x0dG\xdf\xfdzc\x97\xa1a\x8f4\xc8\x82\xc3\xf6\
\x7f\x90\x1a\x03\xe61q\x9c\xa1\x88\xe8\xb33\xc8\xec\xae\
\xde\xd8=`\x08\x0d\x054\xef\xd6a\xa2\xd3\xd3\x0a\xe3\
:\x97<\xca\xfc-\xd1&@\x8d\xfaP?\xf7Q\xab\
i\x9d6\x9cE\xf4\xa9\x1eZ\xd3\xb9|b\x91\x99\x05\
\x883m\xb0\xdb;\xea\x8c\xb2\xe9\x0c<v;\xd9\xab\
|\xa4\xea\xab \x13n\x11\x1a\x95RG\x8ee\x98\xea\
[\xc9Y\xb8\x08\xa0\xa7\xf0H~\xb3\x14\xc7\x93b\x00\
\xf4\x07+\x9fU\xdaU;F\x8dM~\x9ak\xba]\
\xfb2\xe5b\xcd\x10e\x0aK\xcf=\xc6\xc0#b\xca\
i\xd1>x\x9b\x90\xf0a\xaad*\x22+\xb1f\x11\
\x11\xce\xa4\xd28f\x9c\x07hN\x14\x15\x1b\xa6\x22\x11\
Ku\x80\xce\xd7\x94Pr\xa9\xca\xad\x89W-S\x0a\
\x1b\xd6\x17\x8b\x1d\x226\x85\xfa\xdc\x9b\x05\xa7\x90\xed\x10\
\xdc\xbcG\xfeI\xa7\xd3r\xcbonkCY\xb7\xbc\
\xaczi[\xb2\xd6\x15\x13\xb1\xb4\x8e\xda\xbd}\x8e*\
}\xd9\xc6\xaa\x10\xacu\xa5S\x80\xa5\xf5\x9b\xde\x9cC\
\xdf(\x22t\x96o\xbf\xb9\x11\x9bH\x15Q\x85\xf3\xf6\
\xab\xcc3z}E{R\x03\xd1\xb5q\x07\xcc\xb7\xb6\
\x0d\xd6\x15\x0e\xb4\xaa+\xb4/\xf8\xc6~\xf7U\xf9\xdf\
\x81\xbb\xb6+\xe7$df\xb1?\xae\x16\xee\xf5\xbc\xe3\
\x22h\xe1\xb3\x8ewH\xdc\xee\xf4\xe6*\xdd^5\xd6\
}\xbd\xe1\x94:\x176\xd3\xb8}\xd1\x84\x02\xae\xf5\xaf\
\xe8\x8c<2\xa9\xe0\xa8g\xc7\x05\xbd@V\xe0y)\
XB\x0c\x03\xf2\x0b\x8aR\xe5\xb6\x01jwZh\x09\
\x87\xb7J\xbdX\xbb\xff\xb7\x92'\x19\xe4Gi2\xa1\
\x07XX\x8d\x12\xf9\x94\xdd\x84\x85QR;/V\xcc\
\x84\xa8)\x13086\x85\xd06\x08{E\xb57\xad\
Y5\xaa\x0a\xb3\xb7{^\xa2\xaefo\xa7\x5c\xdd\xd5\
\x8c:+Q\x8f\x99S\xd9\xa9>\xfc\x04\x1c3-\x0e\
\x1b\x17\xddn\xfd\xb8@\x01\xda\xd5V1\x09i\xa1\xef\
\xec\xba!\x13\xca\xb7\xb2Y,\x8c\x85D\xd5P\xecT\
n\xb5\x0c}\x86\x14'\xf0\x01\xc11\x8b\x9ew\xf8o\
\x8c\x11\xff$\x07R\x11\xb15\xbdc/\x86/0\x1c\
\x93\x84q\x18\x02~\x22\x85\xb4\x8dB\xfd\x92\xe0\xa6\xad\
\x97\x1b\xb8UP\xb3nu\xbd\xf9'\xeb\xa1\xf5\x9d\x5c\
\x05p'\xa2\x1c\xdd\x9b\x91\x1f\x145$\x9c\xfd\x05A\
\xc2/9\x9b\x8a\x04\xd2\x1d\xa0\x9f`\x0a\xbb\xf7\x1b\x1a\
\x97\x8dR\xce\x22\x9aK|\xb5\xfb\xb1\xed\xf7C\xa1\x17\
qi\xf8\xe4\xcb?7\xb6\x90))M\xcev\xc3\xa4\
QTh\xeeb\x9cH\x1e\x1d\x7f\x0bU\xd5d\xaeh\
L\x15\x8c\xdb\xbc0\x1f/\x8eI\xd6\x8f\x81k\x5c\xaf\
\xdc\x11Ko\xe9\xfd\x03)\x15k\xfc\
\x00\x00\x00t\
C\
odeView 1.0 Code\
View.qml\x0aCodeHea\
d 1.0 CodeHead.q\
ml\x0aCodeFoot 1.0 \
CodeFoot.qml\x0aCod\
eRunOneItem 1.0 \
CodeRunOneItem.q\
ml\x0a\
\x00\x00\x17\x0d\
\x00\
\x00sYx\xda\xdd=\xfbs\x1b\xc7y\xbf\xe3\xafX\
\xc1c\x0f \x81\x10\x00\xd1\xb2M\x8b\xf2\xc8\x8c\x95h\
\xc6r\x1dQ\xb5\x0d\xb0\x9c\xce\x118\x92'\xdd\x03\xbe\
;\x88\x04\x15\xce\xa4\xee\xb8\x92\x93\xa8r\xa7\xb1\xddF\
\xaa\xad\xa4N[g\x12\xc7\x8e\xd3J\xf5#\xfdg\x0c\
J\xfa\xa9\xffB\xbf}\xde\xbe\xeep\x90\xc8X*G\
\x12\x81\xddo\xbf\xd7~\xfb=\xf6nW^0\x8c\xe2\
\x14\xfd0\xfd\xe1\xc8\xeb_\xacx\xca\xd7\xe6R\x14\xa6\
q\xe4'z\xfb\xcb\xce8\x1a\xa5I\x85\xb7W\x9b\xcd\
\xa3/:\x89[\x95\x1b\xe0O?\x8a\xdd\xa4\x8a\x9c\x04\
-\xe1OZ\xef\xc0I\x1d\xda\xfb=\xfcI\xeb=5\
\xf4H\x1f\xfc\xaeT0\xf2%'\x1e\xa0\xcb\x15\x84\xbc\
\xc1\x02\x8a\xa3(\xad\xc0g\xcaIs\xdd\xf3\xfd\xd7\xbd\
A\xba\xb9\x80\xd2x\xe4\xaa\x1d?p\xbd\x8d\xcdT\xf4\
\x00\x19\xdf\xeb{)o\xee\x83\x90n\x98\xb2\x01j/\
:\x82:\xf3\x98N\xec:\x83(\xf4\xc7h\x18GC\
7N\xc7\xb8\xc5G\x7f\xed\x0e\x13\xcf\x8f\xc2\x05\xd4v\
\xe7\x9e\x038\xd1\xbd\x16E>\xea;\x81\x1b;\xe7\xdc\
7Gn\x92\x9e\xea\xa7\xde%w\x01\xad;~\xe2\xca\
\xa0\xc3\xc8\x0bS\xc0G\xa0\xdc\xc1\xab\xde\xb6\xeb/\x80\
\xae\x9b\xa4\xa36\xd7n\xa0\xb9v]\x1e\x91\xa4\xb1\x17\
n\xc0/'\x1d%\xe7\xddm\x90\xa2Z5\xa8\xd3\xee\
3\xc9Kq\x1c\xc5\x16\xba\x0c\xcb\x10\xd3;\xeb\xc0\x97\
m\x1b*\x06EE\x99\x0e\x16\xc1$&\xee@\x034\
53\x8acP:\x91\xf55\xc7\xc7Sj\xf0G4\
,\x03\xbe\xb1\x80Z\x85\x00]\x0c\x90Gk\x89HP\
\x86\x18\x85,\xa2F!\xbaS!zE\x0c\x9du\xfa\
\x9b^\xe8\x96\xe1\x88\x81\x16\xb1\xc4@\xba\xd3A8S\
/{Iz6\x1a\xb8>YUt]%\x0e\xd8\xbf\
KZ\xa1m\x17\x83\xad\x8fB\xb0\xdc(D\xc9f\xb4\
u\xd6M\x12g\xc3\xad\xa50\xb3\x0d\xe4Q\xdb\xaa3\
\x04\x99=\xa2E\x84!\xd0\x8f~D\xcd\x04\xa9\xc6\x08\
\xdd\x87\x0e\xb1\xc1\x06\x99p\x14\xac\xb9\xf1\xf9\x08\xe3\xa9\
]r\xfc\x91\xdb@\x03\xb7\xef\x05\xa0 N\xc9[G\
\xb4\x0b-..\xc2\x08\xdf\xc7\xa4\xb2\x96Q8p\xd7\
A\xd4A\x9d\x80\xe3\xf5\x9b\x8e\xe2\x903\x83\x87\x03\xfd\
\xd3^\xe8\xa5.ET\xb7C^rb\xd0%PO\
0k\x8b\xa8\xc69A\x87\x142\xe8\x05\xc1#Z@\
\xf3\x15\x09\xd3+D\x1eF\xa5\x99F\xa7\xc1R\x075\
\x81\xb4n(`\xe8\xc4\x89{\xdas\xfdAm\x1d\xff\
+\x0b}\x88\xb4`a\xc9\x87&\xd1r\x91\xc4X7\
B\x12X\x93A\xe0\x0e@\x8ee\xb2\x5ck\x19\x12\xe0\
\x0c:kuA\x89\xc16}7\xdcH7\x09\x8dV\
\x11n\xa6|..\x1b^\x975\xe1%\xaf8\xaf0\
E\x80\xc2\xc8\xb4-\xd0\x81\xa6\xb1\xb9tI\xd7\x88\x13\
TT@[\x14V\xc8\x17\xc3\xa7`+\xa4>_\xed\
|#c\x93\xe0jn\xd7\x0d\x98\xae\x0e3\xa60\xc4\
[\xbeqZR\xbej\xb0\x0a\x9d\x06:&\x8d\xea\x96\
\x1b\xd5e\xa3T}\xf4}\xd7\x89\xa9F\xb82l\xf2\
r/b\x0a\xdc\xb2\x8a\xd8\xca\x13\x8a\xd9\xbf\x85q\xd2\
cL\x16\xf5w\xb5Kn?\x8d\xe2\x06\x9eTO5\
\x5c\xda\x83-\xf7\x90\xd2\x89,\xfeY\x11D\x03\xc8d\
\xd1:\xbay\x1d=\xb9\x83\xe2\xb0\x89\xca;\xbbE\x9d\
={\xa7d\x85\xbb\x95\x5c\x99tc\xcc\x04\xe2>\x82\
\xe8H3\xc7L:\x15jl\x81\xea\x19P;\x0c\xca\
\x22\xb7\xcd\x02\x19K\xc2pm*\xc9\x1f\xd7\xd5\xc6\xf5\
J\x8e\xebYM\x1e\xac\x8aE\xac\x871+9\xca\xda\
\xed\x8a\x07W\xd3~xL\xcd\xed\x91M+`h\xec\
\x16\xc2z\xbb\x85\xbd3Z\x97&\x9an^\x92\x5cE\
\xf6%\x09Yd`\x92\xc4V\x0b\xb3\x8ao\x9br\xce\
\x96\xb0\x15\xabj\x0aFv\xf5\x91\xbd\xb2#\xedv\x16\
8\xc3\xf3\x11u\xad~\xd4w\xb0\xdb&\xbf\xbb\xb2\xa1\
Q\x83>\x13@\xf2\xd3\xa4\xb9\x0c\xc9\x00h\xc39\xa8\
\x0e\xc6E\xc1q\xe8@\x08q\x07\xa4D\x01\x16ed\
r\x97\x0e\xcf\x8a\x10\xeb\x00\xda'\xf8S(\x9c\x00\xab\
\xc4KBEsbJ\x04\x8f\xd6\xd7a\xc9as\xa9\
y\x98\x12\xae\xfe\x00\x81\x1b7\xb7\x08\xd69E\x8c:\
:\x8a:\xda\xd8\xaee\xec&%>\xa72\xa3\x8e\xf6\
\xc2\xc4\x1b\x10C\xa5\x13\x00\xd0\x8c\x19\x0d\xa4\xcbA\xba\
\x02\xa4+T\xc0\xb1\x9c\xa0\xc2\xf3\x11\xca\xd77\xd0I\
u2$\xc0\x93\x1a\x8b\x05\xaaJ\xa2Q\xdcwm\xd3\
I{\x96\xbd\x1d\x97i\xed$\x90\x7f\xa1\x18d\x01Y\
\x8d\x80\xc2Ym@B\xc1\xf4[H\x86\xc1, \xd3\
v\x88\xb5m\x03z\xae\x9f\xc3\x8apG\xed\xac\x0d\xc7\
bDW\x8c`\x9c\x1e\xb5Pa:\x145\xedp\xbb\
\x018\xcc\xa5\xc8\x8a`\x1a\x15\x96I-R#)\xc8\
\xabf\x16\x985[RA\xb3\xf0\x96\x1d\xa4ZkC\
\x8f`\x0c\xea\xd6\xcdf\x1cA6-\xd1\x05\x87\xd9@\
\xf6\x9e1\xab\x1b\xe4\xda\xe8\xcd\xe4|\x5c\xab\xde\xfb\xfd\
\xed\xbd\xcf\xdf\xba{\xe3\xce\xde\xcd/'\xff\xf2\xee\xde\
\xad+\xdf\xde\xf9]\xb3\xd9\xac\x02.\x12\x84\xea\xd2j\
'fT=z\x89T\x04G\x09+}?\x1a\x0d\x8e\
\x12R/l/V\xd1\x11\x8d\xeb\xe664U\x9f\x1a\
\xdb\xba\xc6\x04\xf5\xa9\xa1\xd7\x84\xbfK\xbe\x07\x1e\xb0\xb9\
\xe1\x82\xda\x81P\x83i\x8b\xeb\x1c\x1a\xc7~\xe4H\x81\
3O}r\xe8\xe4N\x87\x0cEO=\x85\xd8\xc7&\
\x1d*#\xa32B;\xa0P\xa14\x10\x88'\x00r\
\x19m/\xf0\x08\x03`D\xf7c\xa5e\x0c-;J\
\xcbN\x9d\x05\xc6\x8c\xb5\xac\xbas\xfb\x80\x03\xb3\xa84\
\x8d\xcd\xa6\x9d\xba\xca6R\xf3\xda\x06\xb1\x9f\xba\x0a`\
L\xfb\xe4\xf6\x1f\xee\xfd\xfd\xed\xc9\xf5\xf7\xe5\x99G\xb5\
'\xdb\x0d\xf4d\x07\xfe\x1e\xabW\xebM'\xde\xa8\xa9\
e.f\x12\x07\xa7\x9c\xbeqA\xdf\x0e\xe9S\x8c\x8a\
\xffH+\x82\xfedZ\xca>eBb\x17g\xe01\
E\xa4\x92\xdd\xfb\x9f\x9fOn|\xb8\xf7\xdeg{\xd7\
>\xdd\xfb\xe0\xd6\xde{W\xb1e\xcb*\xda5L\x8d\
\x06\xce\x06\x0a(\xbeYM\xeeA9%+q\xf2\xf1\
\xe7\xf7\xfe\xf8\xeb\xff\xfd\xfa\x17O\xb6a&\xd8$P\
\x86\xe8g\xc6\x14\xdd\xb3\xd0E!\xbf-U\x993\x04\
\x0d\xbb,\xbdx5J<\x22'\x17\x8c.n\xbaF\
\x16\xe9.gs\x99\x90\xa4\x9f}'I\x19\xc7\x92c\
c\x03pJ\xcb\xd7\xcb\x90a\xce4f\xb1\xbco\xfe\
q\xf2\xce5<\x15`v_\xfe\x84Z\x1e\x9d\x1f]\
\x1c#\xa1$\x8cF\x89\xb4B9E\xd1\x1dl\xcb\x15\
q\xc2\x93H\xd25V\xbb\xc6R\xd7\x8e\xda\xb5S\xb7\
l\xc0\x04\xb0>\xb1\xb4Y\xc3Xo\x90\xd7\xa6)\xba\
\x22\xf1\xad\xaf'__\xb7[\xa4!\xb7Tb\x10\xbf\
\x13l\x13g\x13\x8c\x89\x87\x01\xe6we\x04\xf6\xd5\xfe\
\xcd7\x93\xb7\x7f-s0u\xb5\x07yK=\xc8[\
\xe7\x81\xb1\xc8\xb5-\xa3\xd8\x1d:\xb1\xbbD\xb3]\x16\
8\x15+\xdc&s+6\x96\xa4\x8a\xbf\xaeFu\x1d\
\xa8\xab\x01\xf55Lre)A\x8dmP\x06\xae\x1d\
\x1bTO\x83\x0a4\x8aJ\xa5\xa1Y\xa1\x09\xa6\xd3\x0c\
v\xac`2Q\x12\xda\xb6\x95\xadE\xac\x1a\xf6U\xcb\
\x0b/\xa3\xe8\x22\xdb\xbd\x15\x8em\x01e9\xc0\xf5w\
\xbf\xfd\xd3\x8d\xc9\xdf^\xbf\xfb\xc7[\xd4<\xaa<X\
\x91\xb2B%\xd3\x1f\xab_w\x1e\x8a\xaa\x1c\x82\x14\xaa\
\x81J5P\xa9\x06\x0fGU^\x0a\x82*G\xc0\xf0\
a4x]\xf1\x08A\xb7\x9d\x17\xa4x0d\x1b\xfe\
\x90)\xaam]h\x1b7\xb4\xb8\x01\x80\xfdm\xbd\x11\
 \xfb\x06d\x0f\x1aw\xb2\xc6@l\xac\x07\xdbFk\
\x97x\x02\xbd\xb5\x87\x1d\x83\x12\x17v\x8d\xf5\xe8\x0c\x06\
\xb6EHW)\x8e\x05\xf6\x05+\x05\x01\x06\xda\x8c.\
\xda\x1d\x9f\x00`\xd30\xcd\xd1e\xfb\xfaMg8t\
\xc3A\x86\x81\xf6\x15\xb8\xb8\xbd\xf7?\x9b\xfc\xea\xc3\xbd\
[\xb7\xf7n\xfe\x16=\xf1d\x9b\x07O\x09g\x1f\x12\
\xe34\xdf?\xc5n\x10]r\x99\x98^8p\xb7\xe5\
\x5c\x9e4du\x1a\xferr\x11\x99\xe8M\xe1d\x18\
J\x83a\xcf\x17fr\xf5\xd6\xfd\x7f\xfe\xd8\x10\x86\x92\
=\x82\xda\xf9B\x90-X*C\x22\xe6U\xe1\x12\x03\
\xd4\x8a\x14y\xe7\xed\xbb\x9f|Iiku\x80\xf6\x14\
.\xdb\xfe\xd1\x1f\xbcI=\xc6\xb36\xfb\xee,\x8e\xe7\
\xfb\xafzl\xd0`\xba1\xf6\xba2<\xae3\xe49\
\xe0\xfb\xf8$\xbe\x92\x01\xcd!\xdb\x1c\x1f+\x0d]\xb4\
+\x86\xb04O\x1a\xd3\xe7\x1b\x93c\xb5\xa5K\x22\xb5\
\xdc\xd2\xd3\x82\xb6\x16\xe2)h 6\xa1\xc6Z\x93\x8c\
\x90\xaf\xf8\xf2i\xc0\x03\x98U\x1a\x9d\x8acg\x5c\x0b\
\xb0\xfadw\xe1{\x09\x9e\xd1\x95U\xd2\xb2\x1e\xc5\xf8\
\x99W\x8c<\xbc\xe7\xf8<\xfc:\x81\x82l\x86\x9eG\
G\x8ex|\x9a\xf0\xc8\xe6p\x94lR\xa4tN\xea\
\xca\xb3\x18\x0cbZ8X\xd4(u\x89A\xf5%#\
'\xbb\x11\xd4\xf0q\x19\xcd\x18\x96f]\xf2\x5c\x0c\x8e\
=7*\xca\xda bL\xde\xbez\xff\xca\x95\xfb7\
\xfe.[\x13\xd3\xf3Tl,\xe7\xdcd\xe4\x93]\x11\
\xca2\xb1\xb1\xf3\x11\xb3\x1b\xc6\x83\x94h\xb0\xeaB\x1d\
D\xa1\xcfG\xdc>\x94a\xe6\x82\x94\x08\x93\xbd\xc6\xbc\
\xe5)\x13\xcb\x00\x09\x1bl\xc52\x16\xe0#\xe3\x9bs\
 \x93\x08\x08\xce\x86\x8a\x8e6\xd6\xf3\xd7?oT\x09\
\xb3 \x91d\xe6Dr\x1c\x99\x1a+\xc9\xf8\x864\x1b\
@\xad(\x170\xdb\x19-\x83&\x1f\x92\xe0\xe1\x9c\x17\
\xe3\xb0B\xc9\xc6%\xe0/D^X\xab\x22(\xe7\xc0\
\xacd\x11\x5c\xf2\x0c\x1a\xe7W2CY+'AZ\
\xeay\xab\xc4nr\xd2\x8a\x19%\xce\x9a\xef\x16\xaf`\
u\xb5\xd0E,\x96\x0cYv\xc2\xbd&+\xdej%\
\xdb\xe0\xc8\x8a\xa3\x849T\xadfb\xcd]\xdc,m\
\x01\xc8\x00\xcc\xa9\x1a\x03\x99k\xcdi\xef\xd5\xb3\x9a\x1b\
\xbf<\xe3\x85#^\xa3S\x91\xe9L\xb1u\x94e\x9d\
\xac\x93=P>\xc17\xf1\x8d\xe4\x10gZ\xd8\xa2\x17\
H\x0a\x9a\xe5_)y\x9b\x84\xf9\x8e+_L>\xfb\
\x87\xfb7\x7f|\xef\xdf\xfe\x06\x1dC\xdf\xde\xf9\xcd\xde\
\xcdw\xa0\xe2\x13~$\xc3\xa5\xa6\xa94\x13\x9f;I\
scD\xe1\xbf\xbds\xed\xde\x7f}!\x8fr\xe9;\
3b\xc7Pv@q\xb4%-$\xf2\x5c\x1d\x5c\xbd\
\x9b&\xdaTK\xd3\xac\x88n\x99\xe5\x11\x80R\x98l\
\x921\x19\xaa\xc9\x95\x91\x08\x99\xec\x13\x04)(1[\
\xda\x9fU\xaeP\xc6\x0f\x1d=\x12\xd3l\x22\x16c\x8b\
)\x14#\xee\x16!.\xa6P\x8c\xb8W\xd7]\xbf\x13\
;\x01Y\x11\x91\x7f\xc9}\xd9u\x92t\xf9\xcd\x11$\
\xb1I\x0d\xd3np4\x0d\xf4\x9c\x9cK\x93Q\x0fa\
l\xba\xcd|\xfe\xd6\xbd\x7f\xffW\xba\x9f4\x83\xa5}\
pk\xef\x8b\xf7\xe8\xd8\xb2\x96FY\xc3f\xc5\xbaV\
\xa8,+\xad\xd5\x06S\xc6J;\xfb\xd8Y]mh\
\x80\xc7\xb2\xde\xf9\xec\xe3\xd3&\xe0\xf1\xac\xf7\x99\xec\xe3\
\xb3\xab\xd4\x1a3S\x8f\x89\xfee\x17H\x1d\xe0\xb9 \
a\x0b\xbc\x81\xe4 E\x96\x07\x0dM\xb0(\xa0\x87F\
\xab\x1a\x8fn\xc7\xebz\x90\x02H\xab\x02\xcf\x9d]^\
@\x22\xb1R\xb6G\x80\xa9\x06\x9aW\x13\x9c\xcbbb\
9):\xa5\xf4\xcd%1W\xa2|r\xa5\xb7\xe4,\
\x15\xdd\x94\x94\xe1;q\xfb\x0f\xea\xbe\xf3\x03\x02O\x8b\
\x8d\xa1<9\xce\xeb\xd8\xaf\x980\xbf_1a~\x86\
\x98@\x0dl\xee$\xdd\xb9xlb\x82(\x89FY\
-$\x5c\xa75@\x14{s1\xf9\xc5\xee|6\xc2\
S\x88\x95\x8b\x1de\x09O!\xf6\x10\xf1\xa4\xdd\xd9\xcf\
\x80\xa2\x1b\x5c\xb9\x80\xa2\x8f\xfas\x04\x14\xf1\xf1\x98\x19\
2\x94\x80\x22>*\x81\xc4\x18\xf3l\xd6\xfb\x9cDR\
&\xdf.\x8e9K\xac\xe0\x223z\x00QG\xd3\xf2\
w\x1fur\xaa\xc4\xb3JyH\xbf\x99\x0f\xc8i;\
q\xda\x0a\xe0\x83\xdb.\xf8W\xa8\xda\xef}\xfa\xcb\xbb\
\x9f~0y\xe7\xda\xb7w>\x06G{\xf7\xa3O\xee\
\xff\xd3\x7f\x96H\x86\xb8\xed\xde\xfc\xcd\xdd\x9f\x7f\xb4w\
\xf5\xdd\xb2\x86+U\xce\xc2t\x85c\x90%\x03KV\
l\xd5\x0e\xd4.\x03\xd4!@\x92-\x8aH\x0e\xce\x81\
\xfaq\xfc\x01\x0a\x19\xec\xbd\xe1c\xe6\xbf\x05d?\xf2\
)$\xfe\xc0 \xe1\xa3\xfc\xe4\x93\x84\xfbQ \xbdI\
&\x8d\xbfHG_\xe4c/\xca\x0fx\xf1\xa8#\x8b\
*\xd3\xc0\xc6\xea\xca\xc5UtX\xde\xc0\x80\x86\x15\xa0\
\xba*\x85h\xaaN\x0a\x8e\xbb\xb0\x13\x1c\x05\xc6\xb6v\
\xfeR\xe2(\xc4b\xd2l\x89[\x92\x80\xab\xc8\xb6D\
\xd6C\xa5\x8c\xa9P\xd3\xa2\xd62\xf9\xf4g\x8a\xcd\xb8\
\xea\xc9\x06\x94\x9f\xb7i\x99*K\xad\x84\xd3\x90\xd7M\
`[!\xadL\x17Q\xea\xf8b\xb2\xe8\x1c\x8f\xc2T\
\xb4\xec_\xba'\x9e\xdb\xf1\x02_n\x1fg\xed]\xb9\
=v\x07^?u\x07\xf8e\xaa@\xac\x88\x161\x08\
\xbc\x11\x99\xb5\xb5I\xdbXi\xeb\xac\xdapu3\x5c\
m\x0b\xae\xb6\x05W;\x0fW/\xc3\xd5\xb1\xe0\xeaX\
pu$\x5cT\xfb`\xf4\xe4u\x9ca\xb4U\x93$\
\x9eCI\x96\x22t\xea\xd3\x87t\xa5!\xddrCz\
\xd2\x90\x9e4\x84\x1a\x01\x0c9&\xad\x1df<\x04K\
\xf2f\x9c\xd6(\xe2\xa3\xb4%p\xb6k\x90+\xd1\x0d\
\xf6zq\xc5!\xc5\xbb\xc7\xc6v\xfb\xd4v\xd9\x8c\xc8\
\x1dc\xa9C\xb6^\xf2<Xh\xb7\xa4Y\xf7-f\
\xdd\xd7\xcd\x1a\xb7\xed(m\xc7\xca\x9az\xdfb\xea}\
\xdd\xd45\xfc\xed<\xfc\x16\xf3\xef[\xcc\xbf\xaf\x9b\xbf\
\x86\xbf#\xe1\x9f\xba$\xb2g\x1d\xe5\xd7D\xf60\xa4\
\xfc\xa2\x08\xc4K\xb6\x07\xb8*\xa6f\xea\xa3\xf0b\x18\
m\x85\xcaQ\xa1C\xa4<\xc3I\x10\xaf\xca\xe03\xa9\
8X\xe1\x89_\xe5\xe55\x03{pQ\xf0\xf6'>\
\x08\xc4\xc9\x88F'u\xd4\x02\xd0I\xd7\x8a7\x01B\
m1\x01\x06X@\xd9\x18i\xd4\x05:\xea\x02\x1fu\
!K\x03\xe8\xa8\x95\x0b\xabR\x02\x01\xa4)\xa6\x96\xa4\
v9{9C\x1eK\xf1\x14\xe6\x0c{\x08(i\x84\
e4g\xe4\xe7\x85\xa2\xd2\x85\x81\x18t\x85\x03\xc8\x96\
N\xb5\x88\x84:\x0d \xc1\x86C\xe9;\x5c&GO\
\x8ab\x87\x12ZqV%i\xd7\xe0+\xb6(\xe8=\
\xcc\x88\x98i\xd3\x1a\xc5\xbd\xc6q\xaf\xc9i\x13\xd6\x98\
\xb3\xba\xb2\x96\xa1\xc1D\xd6V-\xc9\x0f\x9b}jt\
`\xdbN\xbc<NR7\xa8\x01\x8e\x06f&\xcf@\
eX^\x09\xd0\xf7\xe5-\xfe\x9a\x9e^\xa0\xbdS\xcc\
\x8e\x0e`\x93\x94\x1d\x85\xa3o\xe2K\xc6\x1c\x16!r\
F\x1b3Z\xe6h\x83\xda\x13s?\xdej3\xf1\xbd\
\xbe[\x13\xef\x93S\x08ZoSn\xe0k\xddf}\
ZF\x1c\x1a\x191}\xc6w)\xa2O\xb3|\xa9\x15\
\x5c\xc3k$~\x11G\xe1\xac%5L\x16g\xaf\xe4\
\x9f\xbana\xd4T1\x9d#\xa8\xcd\x93\xf5\xd0H\xd6\
\xc5\xf95\x1d\xb3H\x8e\xeb\xca[\xaf\x18\xf2$cF\
}cT0\x08 R3\x97\x06\xf0\x19\xef_\xeeJ\
{{l\xf8\x09q\xac8\xa3\xabO#\x7f\x80\x87\x11\
\xe3\xf9\xb6\xd4\x14i0\x04\x9aX\x0e\x02&\xad!\xd1\
\xc4\xfa\x95\xd2\x807\xe0%\x1c\x0c5.\xc5\xdcP1\
\x15\xf5\xdb|\x16\xb4\x13\xaf\xb5h\xba->\x14\x1c\xd7\
\xd1E\x81\xd42\x85\x1d\xe1\xa7:\xd2\xf4udq\xb1\
.($S\x85\xa4|m7\x92\xca\xb0\xee\x90SC\
T\x02<R\xab\x8f0Ba\x0a\x14\xb8n\x9d\x17\x0b\
\xfeL\x01\x1d\xa1\x81N\xa6\x82\x8e\xe2\x8a\x04\xf9\x0b\x10\
\xe3\xe7\x169c\x87%\xfdtVs\xaa2\xf04\xa3\
\x94\x1eK\xd5\xd7\xb2T6\x86J\xd9\xc8\xc7\xe0\x12\x91\
J\x0f\xa5a\xb8\xaa9\xbb\x11{\xf3S\xf5l\xd6\x9d\
\x14\xdb\xc9\x5c{\x1a*\x9d\xa8\xf5\xc1=&S^m\
\x90\x1d\x9d%\xeb\xa4k[\xf8#\xd9>\x9dX\xdev\
\xb5GQ\x18.\xe1\x96\xec\x92\x8c\xa6~L\xdd\xec\x81\
\x10qa5\x93W=\xff\xab\x1e\xff=^\xcf^\xc4\
\x08\xc53t\x82\x98=\x93F\xd5z\xdd\x0c3\x14\x9a\
\x82\xfcUX5cKt\xc9\x8d}gL\xcft\xd6\
\x14\x95\x1b\x87A5\xed\xcf\xb5[\xad,\xed\xdfb'\
W\x18Bz\x0eE \xdb\x12\x87\x88\x0a\x91\xec\xf7!\
\x18\x95\x09\x19{!+\xacA=y\x0b\xd9\xa4\x84\xa0\
\x0e\x0b\x8ac\xcf\xd7h\xf7a4\xba\xc9\x8f\xe9p\x95\
n\xaa\xe7\xb36s\xcf`\xd9\x94\xba\xaf\x87~4N\
\x14\x0a3k\xb6+4\xcb\x0fr\x1d\xce\x08\x10\xdd.\
\x81\xff\x08Bz\x9d\x86t\xb3\x80r\xcd\x06iu\xc2\
\xfef\x14'\xe4\x8e\x0e|4\x09\xd3P:\x02\xc8\xee\
\xbc0Y@mzT,\x19:}/\xdc\x80\xef\xe4\
\xfe\x02\x84\xceE[\x0a\x9d\x82\xfb@\xd4\xf1\x9d\x8a\x80\
_\x13\xf7\x1f\xe8;\x9d{\xb7\xaeL>\xfd\x05}?\
\xa9*?\xde\xf2\xf1\xa6\x13\xb9\xd1\xa4\x89\xff]N\xc7\
\xbe\x9b\xbdoC]N\x98\xd2\xcd\x19<\x15\x0b\xa8\xd3\
R\xbb\xd6\x22\x7f\xa0\xedt\xb2\x0fg cD\x97s\
\xe4\xc8\xc0\x8a\xf8\x9e\xdc\xf8\x13\xdeC\xfb\xfc\xab\xc9\x87\
?\x9d\xcew0\x82\x02N\xe7b)\x0a\xd6\xa2\x17\xa3\
m9\xc6\x02\xc3\xe4h\xdf\xf9\xf1\xd0%\xfd\xa2\x8b1\
\x0b\xe5\xe0\xba\x0b\x962`\x1c\xb7%\xa9\xc9{h2\
\xf1\xbf<\xd3t|\xff\x0cG\x98qIm\x8d\x94\x0c\
*\xb3N\xea6Yo\xe7{\xcb\x9b\xac\xac\x10\x03\xa3\
\x90\x9c\x1a\x01(|\x99\x06?q\xe2\x0d\xb6\xd5\x14m\
:F|\xb2m\xb0]0\x04\xc4\x84\x86M\xc2\xfb2\
Y\x0a\xb5\xba%\xafc\x1f^\x1c\xa5i\x14\xe6M\xd5\
\xd5\xdb\xf8\xe5Z2a\xd2T\xb9!~\xa4\x01r\x1c\
\xb2\x1c\x8b\x91$^\x82$\xfc\x22\x86\x9b\x81E\x9eE\
\x90_\xcbC\xdfK_\xf3\xdc\xadr\x0b(\xefR\x1d\
\xc5vu\xb3\xb0\xa3*\xba\xa1\xa7\xd0\xaa\x9e\xee\xb4*\
\x95lj\x0c_\xc3\x12\xab<\xdf\xa2y\x82g+R\
\xeb9(\x5c\x9cp\xc3w\xb5c`S\x04)#\x8c\
\x04\x13x\xa1\x17\x8c\x02\x0evLZ%\xc4\xe9:\x03\
o\x04>\xef\xb8\xd2\x9a\xb3x\xd7\x9c\xfe\xc5\x0dr(\
Q\x81^\x8b\xe2\x81\x1b7\xf3\x06\x91\xde\x8a2B\x9b\
:m\xc9\x8b\xd3\xbc\x1a\xc0\x14-\x13\xc6}o\xa8Z\
\x89 \x891\x1b4Y\xb0\xc8B\x9a\xd1_\x82(x\
Y\xe8\xc4o\xa6.\xb0\x13\xda\xaf\x82\x0a\xdc\xf8\x92{\
*\x19\xc2$\x9f\xf6\xcc\x11N2\x06\xc4q\x14FX\
\xfb\xc6\xe4\xd1w=\xfb\x9b\xee\x82v(M\x98\x14Y\
f\xf9.k -Fm\xf0\xae\xa1\x1a\xdblP\xcd\
\xb0\xf4\xc2\xe8\x03g\x99wj;\xef\xb4yv\x06[\
\xfe\x19/\xe4\x1f\xe1\xce=\x86nG\xb5E\x17K\xe1\
iw\xf9g\x93\xdf\xc8Ux\xda]\xfe\xc1\x07f\xd7\
\xf0\xc1\x91,\xcd|\xea)$eG\xf0\xcdrr\x7f\
Q=\xb9_1\xf0\xe6y\x02E\xae\xb6\xa5\x8b\x8b@\
\xcdRN\x025S\x9a\x1e\x8c\xe5\x9f\x08\xfb\xab\x14\xa6\
\xa6\xd5<\xf6\xb4\xa5_\xe8\x01\xdf\x8b\xd642W\xcb\
\x08\xb0\x17\xb1\xdd:G\x04j\xd0\xc1Z\x8dQ7\xc6\
\xee>\xa0\xba\x98J\xb6\xacS\x9fi\xae\xfd(jk\
,k\x8brjQWw?\xd5\xd5\x9e/R\x92\xad\
\x93G\x8eg,},\x220\xdc\x9d|\x88\x1cU;\
\xfd\xbe\xcd\xcd\x8a\xa9\xa9>\xd1b?\xd5\xfd2O\x9b\
5\x82\x0f\xdab\xf7\x12t\xec\xd3d\x9b\x14\x18\xb5\xc9\
\xef&\xe8X&h\xca\x84\x9d\x85\x88\xe0\x9e\x8a]\xc7\
2]\xa5\x82\x91H\xe7J\xb8\x22c\xc6\xb1,/q\
\x04\xf6\xb04\x8a\x93(^\xdet\x86.\xb96p)\
\x8e\x92d\x894\x1a\xb0R\xce(r\xe4\x00\xcbW\xb7\
\xda\xa28oAv/#|\xfe@\xdc\x95B\x86\xe1\
S\xeb\xf4\xc3\xb8n\x19\x9f\xbd\x88b\xc7\x9fs,\xe4\
\xee[\xff=\xb9\xf2\x15}{\x8f&\xc7\x93\x9f}9\
\xf9\xe8#\xfd|\x88f\xff\xfai\xf7\xbc\x19V\xce%\
Q\xee*e8\x9b\xdc\xfe\xc3\xfd\x1f\xbf\xb3\xf7\xd3O\
\xe8+\x0a\xfc\x9c\xaf\xf5\x8c\xef\x90\xde\xd1\x80\x9f\x85\xe5\
\xf6\x8eI\xaf\xf5\xe4>\x97(\xe7:\x8cz\x09+\xce\
\xfb\xa6\xd8\xb7^G\x96Lwi\x0d\x93\xdd\xf7\xa7t\
n\xc5\xce\x90\xe6^\xb8\xab\xf9:8\x96\xd7\xa1\xc9\x96\
\xcf\xaa\xb7\x02\xbe`\xb8\x9d\x01\xb8I7F\xd3]\xff\
n~\x01\x96S#<dub\xecE\xe0\x9f\xefC\
*>T\xcbf\xd0\x95\x97\xfa\xd9\xcb-\xe4\x90\xfe\xfd\
+W\xf6n\xdd\xae\xd6+S\x95\xae\x94\xa19\xb5N\
\xa9\x19\x13\xfc\x1eW\xdd\xdb\xf7co`\xc5Y\x0a+\
\x99H\xe0\xca\xa8Wx\xc7rFV3\xedhK\xf4\
\xcdW\x0c\xca\xc4*-/\xe1\xa37\xaa\xf5\xe7\x0b\xf3\
\x01c%`#$\x87\xbbs2j\xe9(\xbc\xd1\x9f\
S\x83>\xd721\x85\xc3Qz\xd6M7\xa3\xc1\x0f\
 cM\x88'>\x13l\x9e&\x9b\xe6\xc0\x17\xbd\x04\
!\xf9\x8b\xd0\x1fW\x8a\x97n\x81\xf4\xdd\x83\x91\xbe\xfb\
\x08I?m\x03l6\xe8\x12\xaae\xc7\x0b\xf6\xdf\xb0\
\xe4\x9b\x11\x1e]\xcbb\xe2w\x0fH\xfc\xee\xe3!~\
\xef\x80\xc4\xef}\xa7\xe2\x97\x90\x9f\xbde\xb9\xff\xd6\xaf\
\xdc\xd2\xf1\xe8\xce?\x93\xbf{P\xf2w\x1f\x0f\xf9{\
\x07%\x7f\xef\x91\x91_[\x0e\xe6\xb3\xa3\x99\xf2\x1e\xfb\
\x0e\xb2u\xc3\xdfzV\xe9\xf7_M\xae\xbf\xaf^\x95\
RT\xac\xe5]4Un'\xb1t|,\xc5\xfb\xde\
\xed\xaf&?\xb9\xc5OU\x15q-]\x832\xc54\
\xcb\x11V\xae\xcf\xc8/\xb3\x8d\xeb+\xf0V`\xa1v\
\x95\x9b=f\xa8\xa4,z\x9f^\x03P\x01&W?\
\xb8\xf7\xcb\xff(S\x03L\x7f\xca\xb0oUB\x99\xc7\
\x18IN\xda\xbe_\x0b\xeax\x99\xb0\xf5\xc44\x7f\xf5\
|\x9e\x8b\xe9\xcc\xcf\x92p\xd7\xf0\x85`\xf5\x07&\xd6\
\xee\xb4f\xc9B\x08\xb5\x06\xday\x08\x82\xcf\xb4fq\
\xfb\x07Cp\x96\x14^\xf7\xca\xb9[\xa3\xa5\x8c\xa8\x8c\
\xfdf\x1b\xa5\xf3\x95\xc2\xbd\xcc\x8e\xb1\x979\xfbs5\
\xfa\xbf,(OX\xd50I}\xd5\xcb\xf46\x96\x07\
\xd8[\x94\x9e\xaf\xe9]\xec\x99\xbb\xfc_:\x180\xd0\
\xe8n8)\xf8\xa6\xfd\xdc\xc3?v<\x7f\xa7\x98\xeb\
\xa3\xe9%\xec\xf6+b./\x80\xdaO\x93\x9fv\xab\
\x8a`\x12\xd2\xd8\x09\x13J\xaf:u\xbb\x9a\x8f\xed\xb4\
\xaaS7\xbf[\x15\x0bH\xbe\xf3\x9aa.\xac\xef\xae\
\x1c\xb7o{\xe6z\xbb\xfc}9=(\x8a\xbb\x85r\
\xa0\xca\xbc\xa8R*+\xeb\xcc[\xe1w\x1f\x98ss\
/\x94\x1cN\xc0\x17\xda6\x10\xbe\xcf\xd6\x04\x90O\x22\
\x1c\x98\xa0\xedN\xeb %\x95\xce&\xe5\x88*\x1dE\
*\x84\xe8\xfdY\xb4\xf1\xcc\x81jC>\x96\x92#\xac\
|\x0a\xa5\x18\xe4;V\x88\xb5y\xc6\xdc{J\x22l\
\xa9!\xc8\x95c\xd5<\xb1\xa5\xfc\xd6\xb8\x01n\x161\
f\xe0\x88\xde\xadW\x86#\xcb\x85\x80\xa5mm\xf7\xa1\
\x1e~<P\xca~\xef\x9b\xdf\xee]\xfb\x15?\xe5\xfc\
\x08l\xdb\xe7L\x8ab\x1e\xe4\x88v.\xe7\xd3*&\
~f\xcb^0\xe9\x17\xc5\x15\xe5t\x05\xe9\xf5\xdcI\
DS\xdf\x19\xb7\x1f\xf0\xd2\xb7>\x91\x9d%K\x14\xcb\
\x9b\xa7\x8a\xcf\xb6\xac\xea\xd4n\x82\xd3\x93I\xd7\x19\xe0\
\xbd\x07+%\xf5Q\xd8K\x03/m\xbe\x12\x19\x0f\xc3\
\xd8K\xa1\xebN\xe0a<\xd5\xa5(L\x22\xdfI\x8c\
\xf4S\xbc\xed\xa5\xa4k\x96\xbc\xf5\xf9,\xc7-\xce\xb7\
\x0b\x8a\x11\x98\x1bZ%<\xcas\xa3_\xbf\xf7\xff~\
r\xb2\x85\xf3\x18L\x8eqA\xe1\xe3>=\xc5\x0f\x9c\
\xf9\xbf\xbb\x95\xdd\xca\xff\x01y.{\xc1\
\x00\x00\x00<\
i\
mport QtQuick\x0d\x0a/\
/\xe6\x98\xbe\xe7\xa4\xba\xe5\xae\x9e\xe6\x97\xb6\xe7\x9a\x84\
\xe8\xbf\x90\xe8\xa1\x8c\xe7\x8a\xb6\xe6\x80\x81\x0d\x0aIt\
em {\x0d\x0a\x0d\x0a}\x0d\x0a\
\x00\x00\x02\xbd\
\x00\
\x00\x09\xb1x\xda\xbdUMk\x13A\x18\xbe/\xf4?\
LC\x0f\xad\xd6iS\xf4\x12\xe8\xc5\x14\xb5P\x0fm\
Zz\xed\xb8;\x9b\x0c\xce\xce\xac\xb3\xefZc\x09\xb4\
P\xc1\x0fDD\xc5\x83\xa2\xe8A\xbc\xf5\x22-\x085\
\x7f\xa6\x9b\xe2\xbfp>\xb2K\x13L\x93@IH\x96\
y\xdf\xe7\x9dg\xe7\x99\xf7#,\x8a\xa5\x02\xb4\x0e\xeb\
)\xf3\x1fz\xac\xc7\xc4U)@I\x9e\xf4\xfb\xd7H\
S\xa6\x90x\xb9\xbf\x84\xf1\xc2m\x92\xd0\xd2E\x87\xfe\
\xfaR\xd1\xa4\x84H\x82\xaaf\xd5\x87\x06\x04\x88CW\
\xcc\xaa@\x1fX\xa6\x85\x85\xec\xf9~\xf6\xec\xe4\xac\xfd\
\xadsp\xe4\x19\xfa*Q\x01\xda\xf3\x10bA\x05)\
)A/\xddQp\xc88\xdff\x014*\x08TJ\
5\xa0(\x09\xa4\xe0M\x14+\x19S\x05M\xc4\x04\xa0\
\x98\x04\x01\x13\xf5\x0a*/\x19\x9e(\xe6\xccgp\x8f\
\xb2z\x03*\xc8\xd7z\xa9\x80\xaa\xe4i$p/\x8a\
\xae\xe7\x9b\xd15\xb4\xe4\xfd\xf7\x0d\x09(\x83\x83\x94\xfc\
\xbe\x0c(\xaf8exS;VE(\x8d\x85\x0bt\
\x18\xc5\x0a#\x11\x05\xaa\x06\xb2\xe4\x01\xc3\x88\xd6\xa8\xa8\
\x9b\x9b\x19@\xe3\xe0a$[\x09\xa9\xd3\x81\x1c\x16\x1d\
z\x0e\x16R`\xd1`\x96<`\x18Q\x0d\x08\xa4\xc9\
@\x1a\x07\x9b\x14\x85\xa9\xf0\x81I\x81B\xa9\x22\x02\xdb\
\x0c\x1a[\x82\xc1\xecc\xc2S:\x8fR\xbd\x9e\xb3\x15\
\xa5k!D\xb3\xd3\xd6?gms\x04H\x95@\x8f\
\x92M5[\xbaQ\x9a+\xc2l\x14Z^^F\x85\
\xfb\x92\xe8i\xfb\x96\xde(\xcbPD\x98\x00\xccm\x16\
,\xeb\xe2\xc0\xe8\xaecgf\xcf\xfaZhf\xcfl\
n\xedh\xb4e\x04\xdfU,p-\x91\xcb\x0a\xfa\xca\
\xdaz\x89\xf0\x1bR%8\x22\xaa\xce\x84\xbe\xc9ni\
\xf7\x80\x9c\x86`\x10\xa5\xf7Z\xa3\x07U\xaee\xba\xb0\
\xb5,\xee\xdb\xb7h\xca\xa5\x0bf-&\xbem\xbb[\
N\x86\xdc-<\xe5E\xcf\xfaL\x067\xe4\xee*\xd0\
\xa8{\xf4K\x9a\xdb|\x80\x01\xa7\x9b\xf4\x89>\x84\xbb\
t7/\xb2/\xaf\xb27'EZ\xec=\xb9(3\
1p_!X_\xd1\x91\xf3\xa8\xd4\xbbQ_\x99\xd4\
\xfdg\xa7\x176\xcf\x1a49\xc5\xa0\xf9.\x86\xdd\xd1\
\x17\x8cc\xa9\x07L\x8d=\xd5\xe5]\xbei\xd1\xd6U\
);\xff\xf4+\xfbs8\xb6\xa6|>hYQ4\
\x920\xe2\xfb:\x9b\x93\x94\xf6\xf7C;\xfb\xfdcl\
inf\x8d.l\xd2\x19;;m\x9f\xbf\xff\xd9\xf9\
x\xac\xf5\x8d-\xce\x0eS\xad\xad1\x924\xa6\x0f;\
\xd1\x8c}?\xec|\xfe\x9a\x1d\xb5\xb3\xb7\xa7\xe3\xe7\xad\
;\xe1GV\xb7K\x94\xc8\x07\xd3\x84\x04f\xa7\xef\xb2\
\x17\xaf\xcf_\x1ew\xf6\x0f\xc6\x16\xe8\xfe{\xae|\x90\
\x98_k\xca\x9b\xf2\xfe\x014w?\x13\
\x00\x00\x05K\
\x00\
\x00\x15;x\xda\xbdWMo\x1bE\x18\xbe\xfbWL\
\xf7P\xad\x95tI\xa9\xc4\xc1%E\xc1\x80\x88D\xa3\
\x96D\xf4#\xcaa\xb3;\x8e\xa7\xdd\x9dYfg\x1d\
\xafQ$\xca\xa5\x85r\xe4\x88\x90\x90**.@\x0f\
\xa8@\x90\xfag\xea\xa4\xfc\x0b\xde\x99\xd9\x8fY{\xd7\
\xb1\xe3@\x1cy\xbd\xef\xe7\xf3\xbc\xf3\xf1\xce\x900b\
\x5c\xa0\xdb\xe2vB\xbc\x87-Ryu\xba\x8c\x0a\xce\
\x82xR\xfe\x89\x9b\xb2D\xc4\xad\x5cn9\xce[\xef\
\xbb1\xb6L\x01\xfc{\x8c\xe3\xd8Bn\x8c\xba\xf2W\
\xa1\xddW\xb6\xd2\xa3\xebr\x1f}\xd1B\x88\xf8\x1d\xc4\
\x19\x13\xf0SGwz$\x08\xee\x10_\xf4;H\xf0\
\x04\x83\x82c\xd7g4HQ\xc4Y\x84\xb9H\x11\xa1\
\x02E\xae\xef\x13z\xd0AW\xdf\x96q\xc2( \x1e\
\x11\x1fcr\xd0\x17\x1d\xe4\x01\x05LE\x97\x05IH\
\x9d\xaa\x16\xad\xa0wj\xc3\x0e\x5c\x0e\x8ea\xe8R@\
\xa5\xa0;\xf2\xbb\x9b\x08\x01\x99\x1c\x9f\xc4Q\xe0\xa6]\
mQ\x1ba\x9f\xb1\x00\xf5\xdd\xb8\x9bG\xc9\xc2\xa1\xcb\
\x97\x91H#\xccz\x85d}}\x1dYl\xff\x01\xf6\
\x84\xd5H2K\xb9I}<\x9c\x01I\xe9[\x10\xa5\
\x97PO\x10FQ\x8f\xf1\xd0\x15[I\xb8\x8f\xb9=\
p\x83\x04\xaf\xa2\x84\x12\xb1\x8a|\xec\x91\xd0\x0d\xe2\xb6\
\xaa?T\xae\x87\xb4\x81B\x94@\xa4\x1e\xa1\xd8o+\
\xa5\xc4%\x12N\xd1\xe7\xf1\x0e\xb7\xad+V\xbb\xc6\x87\
&A\xb0\x80\xb9e\x9diL\xe2-w\xcb6\xd1\xb7\
\xdb3\x9d\xe4\xc8E\x1c\x98\xc5\x92\xfc:\xb2s\x96\xe8\
R\x85\x14z\xaf\xe0\x8f:\xe8Z\xe1K\x93\x10\xbc*\
\x09\x0b\x9d\xc0C\x01\xca2\xfc\x8du\xb4\x06\x81\xc0\xc7\
\x11\xec#2\xc4\xbe](\xdb\x10v[p\x18\x1b\x1b\
\xf4:H\x86X\x96_\xce\x03\xf9t\x02L\x0fD\x1f\
\xddP\x91T\x86\x15d\xc1gE\x9bu\x94\x0c\xbc\x8f\
jFu\x07T\x19\xc8\xffo\x0c\x8dJd\xfc4\x02\
\x07^B\xbbBT\x9a\xe5\x04elI\x11\xe2\xcc&\
u\x8b\xc1|\xb7#\xf9m\xb2R\x82\xf9gYi>\
\x7f\x11\xb2uY\xbaZ\xb1\x2289M\x8d\xe2k\x98\
\xf5\x11.\x19\xeb\xba1\xb7\x92\x17\x15\xa02r@F\
\xf83YR\x1b\x9cW\x11uC\x5c\xacQ$\x93\xcb\
\xe1\xe2\x88\xc0\x00\xac]\x87\xc7\xbb\xda$+\xf4u\xb4\
\xb2BJs=^\x0fq\x0a\xd6\xcal\x97\xec\x15*\
\x09Y\xaa\x08E\x90JNIx\xec\x82d\xaf\xbaZ\
\xa64j\x08\x8c\x1c\x05\xb1\xdc\xaa\xd0\x1c\xb5\xaa\xcfb\
\x09d\xa1[ZY\xcc\xac!0\x97P\xab\x85P\x05\
]E\xbb\xd6\xd0ZE\xd6]k\xaf\x9c\x8a\xe9l\x87\
T:\xdc3\x1dF\xb3\x1dF\xd2\xe1\xbet(\xf7\x13\
\x97\x8b\x18\x5cv\xf7\x8a\x81V0\xa7jTHe}\
*\x82r\xabS\xc1\x9c(\x89\xfb\xb6u\xb7#\xd7\xb9\
\xeczNe\x9b\x96n\x80\x22\x0c\x01\xcb\xb5v9\xbd\
\xd2\xda\xac\xe9d\xd6tv\xd6{\x0dY\xd3\x86\xac\xa3\
\xda\xac\xa3\xc9\xac\xa3\xd9Y\xef7d\x1dMd5\xf7\
\x0f\xed_\xd9!\xb5\xe8\x01\x8c\x96m!d\xc9]\x16\
\xd6\xd1\xd4V\xe2%\x9c\xab\xae\xafZ\xacmn$\x0a\
B\xd9\x99'V\xa6\xd2zEc/\xe4\xd3\x1d73\
\xda\x10:\xa2\xd9\x80\xdb\xd3x\xb4\xf1&\xed1\xb5o\
\xe4\x80\xd4A#\x843\xc0\x14\xe2\x02\xafTCy\xe1\
\x91\xe7\x90\x11&\xdaY\x0d\x09c\x97\x9a\xf0\xad\x8d\x9d\
\x9fF\x16\x8d\xeb\x99e\xac\xd9Zk\xeb\x005\xfc\x00\
G\xa2\x7f\xce:x\x99\xfbL\xb0\xa6\xe1\xec\x91\xf4\xd9\
!\xeda\x0c\xa8T\xea&\xd07\xdd\xe12\xa0\xc3\xcc\
\xfdL\xd0\xb9\xe1|\xa0w\x5c~\x80k0\xa7\x01\x81\
\x1c|\x89\xd9\x96\x87\xd8\x180R/\xcc\x96f]\xe1\
+fz\xb9\xc2*\x9fs\x96\x00W\x16\x0c\xf0\xb6\x80\
\xc5\xae\x8f\x03\xe7c\x10\xcb\x005\xe8\x94\xdc<.\x0e\
\x08K\xe4\x0e?]\xe6\x5c9\x9d\xa7p\x83d\xf9o\
\x07Om(\xa6\xcad/\xb7\xcd&\xe2\x1fR\x7f\x19\
\xda\xd3 2i\x9d1g\xfbL\xdcra^N\x0a\
\x9aG\xb70\xd9\xads@W\xd0\xd5\xbd3\xa9f\x8b\
j\x07NLK\xccQy\xe0\x9ac\x93*\xcd\x9a\xe6\
\x9e\xbe\x1f\xea\x9bg\xde,\xfc\x89\xdb\xa3\x92\xba\xd4\xeb\
3.\xbbR\x0fn\x97\xd0\x8e@\xad^*Z\xae/\
\x9f\x99Z\xbdU\xf4!\xacZB\xe3N~yU\xca\
8r=}\x91]S\xef\xb2[|\xca\x0e7\x05\x0e\
\x8b\xb3V\xe3\xddX\xfe\x09\x22\x02U\xcdNF\xf0\xe4\
\xdb\xc7\xaf\x8f\x9f\xbd~\xf5\xe3\xc9\xa3_\x8b\xae\xac\x8e\
\xeb\xda\xca\xecveo2\xed\x809\xe3\xe6\x85s[\
\xa4\x01v\x08\x18\x9bfw\xb8\x1b\xddd>\xee \x19\
\xc2\x91\xaf\xad\xf2\xd8\xb7<\x91\xd3\x17\xc7\xe3\x1f\x9e\x9e\
E\xa1\x9cLsP\xc8\xae \x17\x87q\xfc\xe4\xf1\xf8\
\xeboN^\xbe\x18\xff\xf5S#\xd2\xca\xd9\xc7\xc4^\
\xb6\xc4\xf244\x07\x0b\xd7\xf3t\xcb\xba8\x1e'\xdf\
\x7f9~\xf6\xfc\xbc<\xca.\xb9\x10\x8f\x0b\x1f\x8d\x93\
\xdf\xbe;\xfd\xfb\x8f\x7f\x1e\xbdz\xf3\xcb\xcf\xcd\xf3\xa6\
\xd2%\x17\x87\x09\x105*\xf3*\xd4\x884\xb3Y\x9e\
\xdb\x9b\xdf_\x8e\x9f?=clt\x07Q\x82\x9a~\
\xba\x10\xd9\xe6E\xbeA\xd3\xc3>\xe6\xd8\xbc\xc6]\xc0\
j?~r\xfa\xd5\x9f\x0b\xf3+\xdb\xe6\x7f\xc3\xce\xe0\
x\xd4:j\xfd\x0b\xc8\xd8\xb2\xea\
\x00\x00\x13\xa5\
i\
mport QtQuick\x0d\x0ai\
mport QtQuick.Co\
ntrols\x0d\x0aimport Q\
tQuick.Layouts\x0d\x0a\
\x0d\x0aimport \x22../Bas\
e\x22\x0d\x0aimport \x22../.\
./cores\x22 as Core\
s\x0d\x0aimport \x22../..\
/datas\x22 as Datas\
\x0d\x0aimport \x22base\x22\x0d\
\x0a\x0d\x0a// \xe6\x8a\xa5\xe8\xad\xa6\xe7\x8a\xb6\xe6\
\x80\x81\xe6\xa6\x82\xe8\xa7\x88\x0d\x0aBaseCa\
rd {\x0d\x0a  id: root\
\x0d\x0a  Layout.fillW\
idth: true\x0d\x0a  re\
adonly property \
var status: {\x0d\x0a \
   var payload =\
 Datas.StatusDat\
as.lastMessage\x0d\x0a\
    if (payload \
=== undefined)\x0d\x0a\
      payload = \
{}\x0d\x0a    if (payl\
oad === null)\x0d\x0a \
     payload = {\
}\x0d\x0a    return pa\
yload\x0d\x0a  }\x0d\x0a  re\
adonly property \
var indicatorEnt\
ries: [\x0d\x0a    ({ \
key: \x22camera\x22, l\
abel: qsTr(\x22\xe7\x9b\xb8\xe6\
\x9c\xba\x22) }),\x0d\x0a    ({\
 key: \x22spindle\x22,\
 label: qsTr(\x22\xe4\xb8\
\xbb\xe8\xbd\xb4\x22) }),\x0d\x0a    \
({ key: \x22device\x22\
, label: qsTr(\x22\xe8\
\xae\xbe\xe5\xa4\x87\x22) }),\x0d\x0a   \
 ({ key: \x22interl\
ock\x22, label: qsT\
r(\x22\xe4\xba\x92\xe9\x94\x81\x22) }),\x0d\
\x0a    ({ key: \x22se\
rver\x22, label: qs\
Tr(\x22\xe6\x9c\x8d\xe5\x8a\xa1\xe5\x99\xa8\x22) \
})\x0d\x0a  ]\x0d\x0a\x0d\x0a  fun\
ction _isEmptyVa\
lue(value) {\x0d\x0a  \
  if (value === \
undefined)\x0d\x0a    \
  return true\x0d\x0a \
   if (value ===\
 null)\x0d\x0a      re\
turn true\x0d\x0a    r\
eturn value === \
\x22\x22\x0d\x0a  }\x0d\x0a\x0d\x0a  fun\
ction _lightCont\
ainers() {\x0d\x0a    \
var message = st\
atus\x0d\x0a    var bu\
ckets = []\x0d\x0a    \
if (message.stat\
usLights)\x0d\x0a     \
 buckets.push(me\
ssage.statusLigh\
ts)\x0d\x0a    if (mes\
sage.lightStates\
)\x0d\x0a      buckets\
.push(message.li\
ghtStates)\x0d\x0a    \
if (message.ligh\
t_status)\x0d\x0a     \
 buckets.push(me\
ssage.light_stat\
us)\x0d\x0a    if (mes\
sage.lightState)\
\x0d\x0a      buckets.\
push(message.lig\
htState)\x0d\x0a    if\
 (message.lights\
)\x0d\x0a      buckets\
.push(message.li\
ghts)\x0d\x0a    if (m\
essage.extras)\x0d\x0a\
      buckets.pu\
sh(message.extra\
s)\x0d\x0a    buckets.\
push(message)\x0d\x0a \
   return bucket\
s\x0d\x0a  }\x0d\x0a\x0d\x0a  func\
tion _keyCandida\
tes(key) {\x0d\x0a    \
return [\x0d\x0a      \
key,\x0d\x0a      key \
+ \x22_status\x22,\x0d\x0a  \
    key + \x22_ligh\
t\x22,\x0d\x0a      key +\
 \x22_state\x22,\x0d\x0a    \
  key + \x22Status\x22\
,\x0d\x0a      key + \x22\
Light\x22,\x0d\x0a      k\
ey + \x22State\x22\x0d\x0a  \
  ]\x0d\x0a  }\x0d\x0a\x0d\x0a  fu\
nction _rawLight\
Value(key) {\x0d\x0a  \
  var containers\
 = _lightContain\
ers()\x0d\x0a    for (\
var i = 0; i < c\
ontainers.length\
; ++i) {\x0d\x0a      \
var bucket = con\
tainers[i]\x0d\x0a    \
  if (!bucket)\x0d\x0a\
        continue\
\x0d\x0a      if (type\
of bucket !== \x22o\
bject\x22)\x0d\x0a       \
 continue\x0d\x0a     \
 var keys = _key\
Candidates(key)\x0d\
\x0a      for (var \
j = 0; j < keys.\
length; ++j) {\x0d\x0a\
        var cand\
idate = keys[j]\x0d\
\x0a        if (buc\
ket[candidate] !\
== undefined)\x0d\x0a \
         return \
bucket[candidate\
]\x0d\x0a      }\x0d\x0a    \
}\x0d\x0a    return un\
defined\x0d\x0a  }\x0d\x0a\x0d\x0a\
  function _norm\
alizedValue(key)\
 {\x0d\x0a    var raw \
= _rawLightValue\
(key)\x0d\x0a    var t\
ext = \x22-\x22\x0d\x0a    v\
ar tone = \x22unkno\
wn\x22\x0d\x0a    if (_is\
EmptyValue(raw))\
 {\x0d\x0a      // lea\
ve defaults\x0d\x0a   \
 } else if (type\
of raw === \x22bool\
ean\x22) {\x0d\x0a      t\
ext = raw ? qsTr\
(\x22\xe6\xad\xa3\xe5\xb8\xb8\x22) : qsT\
r(\x22\xe6\x8a\xa5\xe8\xad\xa6\x22)\x0d\x0a   \
   tone = raw ? \
\x22ok\x22 : \x22error\x22\x0d\x0a\
    } else {\x0d\x0a  \
    var str = St\
ring(raw).trim()\
\x0d\x0a      if (str.\
length === 0) {\x0d\
\x0a        // keep\
 defaults\x0d\x0a     \
 } else {\x0d\x0a     \
   var upper = s\
tr.toUpperCase()\
\x0d\x0a        switch\
 (upper) {\x0d\x0a    \
    case \x22ON\x22:\x0d\x0a\
        case \x22RU\
N\x22:\x0d\x0a        cas\
e \x22RUNNING\x22:\x0d\x0a  \
      case \x22READ\
Y\x22:\x0d\x0a        cas\
e \x22OK\x22:\x0d\x0a       \
 case \x22NORMAL\x22:\x0d\
\x0a        case \x22G\
REEN\x22:\x0d\x0a        \
case \x22ACTIVE\x22:\x0d\x0a\
        case \x22UP\
\x22:\x0d\x0a        case\
 \x22TRUE\x22:\x0d\x0a      \
    text = qsTr(\
\x22\xe6\xad\xa3\xe5\xb8\xb8\x22)\x0d\x0a     \
     tone = \x22ok\x22\
\x0d\x0a          brea\
k\x0d\x0a        case \
\x22WARN\x22:\x0d\x0a       \
 case \x22WARNING\x22:\
\x0d\x0a        case \x22\
YELLOW\x22:\x0d\x0a      \
  case \x22ATTENTIO\
N\x22:\x0d\x0a          t\
ext = qsTr(\x22\xe9\xa2\x84\xe8\
\xad\xa6\x22)\x0d\x0a          \
tone = \x22warn\x22\x0d\x0a \
         break\x0d\x0a\
        case \x22OF\
F\x22:\x0d\x0a        cas\
e \x22FAULT\x22:\x0d\x0a    \
    case \x22ERROR\x22\
:\x0d\x0a        case \
\x22ALARM\x22:\x0d\x0a      \
  case \x22FAIL\x22:\x0d\x0a\
        case \x22RE\
D\x22:\x0d\x0a        cas\
e \x22DOWN\x22:\x0d\x0a     \
   case \x22STOP\x22:\x0d\
\x0a        case \x22F\
ALSE\x22:\x0d\x0a        \
  text = qsTr(\x22\xe6\
\x8a\xa5\xe8\xad\xa6\x22)\x0d\x0a       \
   tone = \x22error\
\x22\x0d\x0a          bre\
ak\x0d\x0a        defa\
ult:\x0d\x0a          \
text = str\x0d\x0a    \
      tone = \x22cu\
stom\x22\x0d\x0a         \
 break\x0d\x0a        \
}\x0d\x0a      }\x0d\x0a    \
}\x0d\x0a    return {\x0d\
\x0a      raw: raw,\
\x0d\x0a      text: te\
xt,\x0d\x0a      tone:\
 tone\x0d\x0a    }\x0d\x0a  \
}\x0d\x0a\x0d\x0a  function \
colorForTone(ton\
e) {\x0d\x0a    switch\
 (tone) {\x0d\x0a    c\
ase \x22ok\x22:\x0d\x0a     \
 return Cores.Co\
reStyle.success\x0d\
\x0a    case \x22warn\x22\
:\x0d\x0a      return \
Cores.CoreStyle.\
warning\x0d\x0a    cas\
e \x22error\x22:\x0d\x0a    \
  return Cores.C\
oreStyle.danger\x0d\
\x0a    case \x22custo\
m\x22:\x0d\x0a      retur\
n Cores.CoreStyl\
e.accent\x0d\x0a    de\
fault:\x0d\x0a      re\
turn Cores.CoreS\
tyle.muted\x0d\x0a    \
}\x0d\x0a  }\x0d\x0a\x0d\x0a  impl\
icitHeight: cont\
entColumn.implic\
itHeight + 5\x0d\x0a\x0d\x0a\
  GridLayout {\x0d\x0a\
    id: contentC\
olumn\x0d\x0a    colum\
ns: 3\x0d\x0a    colum\
nSpacing: 5\x0d\x0a   \
 rowSpacing: 5\x0d\x0a\
    anchors.left\
: parent.left\x0d\x0a \
   anchors.right\
: parent.right\x0d\x0a\
    anchors.marg\
ins: 2\x0d\x0a\x0d\x0a    Re\
peater {\x0d\x0a      \
model: root.indi\
catorEntries\x0d\x0a\x0d\x0a\
      delegate: \
RowLayout {\x0d\x0a   \
     readonly pr\
operty var state\
Info: root._norm\
alizedValue(mode\
lData.key)\x0d\x0a\x0d\x0a  \
      spacing: 2\
0\x0d\x0a\x0d\x0a        Inf\
oTitleLabel {\x0d\x0a \
         text: m\
odelData.label\x0d\x0a\
          horizo\
ntalAlignment: T\
ext.AlignLeft\x0d\x0a \
       }\x0d\x0a\x0d\x0a    \
    RowLayout {\x0d\
\x0a          Layou\
t.fillWidth: tru\
e\x0d\x0a          spa\
cing: 2\x0d\x0a\x0d\x0a     \
     Rectangle {\
\x0d\x0a            wi\
dth: 14\x0d\x0a       \
     height: 14\x0d\
\x0a            rad\
ius: 7\x0d\x0a        \
    color: root.\
colorForTone(sta\
teInfo.tone)\x0d\x0a  \
          border\
.color: color\x0d\x0a \
           borde\
r.width: 1\x0d\x0a    \
      }\x0d\x0a\x0d\x0a     \
     InfoValueLa\
bel {\x0d\x0a         \
   text: stateIn\
fo.text\x0d\x0a       \
     color: root\
.colorForTone(st\
ateInfo.tone)\x0d\x0a \
           horiz\
ontalAlignment: \
Text.AlignLeft\x0d\x0a\
            Layo\
ut.fillWidth: tr\
ue\x0d\x0a          }\x0d\
\x0a        }\x0d\x0a    \
  }\x0d\x0a    }\x0d\x0a  }\x0d\
\x0a}\x0d\x0a\
\x00\x00\x04\xad\
\x00\
\x00\x12Jx\xda\xd5X\xebj\xdcF\x14\xfe\xbf\xd0w\
\x98\x0a\x1a$\xb2\x95/\xbd\x10\x16\x9c\xd0l)\x094\
&\xb1M\xaf\x143\x96fw\x87\x8cf\x94\xd1\xc8\xf1\
\xc6,$\xbf\xd2\xe4G\x9f\xa04\x14z\xa1\xa5\x17(\
\xa5-\x0di^&\xbe\xf4-z\xe6\x22Y\xd2*\xbb\
[CL\x8b\xcd\xaet.3\xdfw\xce\x99\xa3\xa3\xa5\
I*\xa4B7\xd4\x8d\x9cF7;\xb4v\x1b\xf6\x05\
WR\xb0\xac)\x7f\x17\x8fE\xae\xb2N!\xf7\xc2p\
\xe92\xce\x88W\x15\xc0\x7f$$\xc9<\x843\xd4\xd7\
W\x0dm\x8c\x15\xb6\xda\xb7\xf5UU\xdb\x1fa\xa9\x9c\
\xa7\xb9,\x95;f\x9b\xce\xd2\x12:\xfe\xe9\xaf\x83\xaf\
\xee\x1f=\xfc\xed\xf0\xee\xbdgO\xbf<\xbc\xf7sG\
c\xe8c\x19\xa3\xfd\x0eB4\xee!)\x84\x82K\x8b\
7\x1cP\xc6\xde\xa7\xb1\x1a\xf5\x90\x929\xd16I\xca\
hD\x95\x93^\xc3j\x14&x\xcf\x8f\x04\xcb\x13\xee\
\xdcjF]\x14\x19@\x1b\xe2v]\x11\xc0r\x92\xe0\
Xp6F\xa9\x14)\x91j\x8cv\xb1D\x99\xc2*\
\xcfz\x06\x142\x92\x14\x8f\x99\xc01Z\xb3\xcc\xc3M\
ca\xaf\x19\xce\xd45\x92exH\x8c=\x1d \xbf\
\xb4_[C9\x8f\xc9\x80r\x12\x07F\xad7U\xb9\
\xe4h\x7f\xd2j\xces\xc6\xda-\xdd\x9d3\x06\xd1\xa4\
\x03\x1f\x83\x9cG\x8a\x0a\x8e\x06B&X\xad\xe7\xc9\x0e\
\x91\xfe.f9\xe9\xc2\xdeTuQL\x22\x9a`\x96\
\x05\x8e\x91\xde\xd2\x18\xcc\xc4w+\xdb\x92\xbe\xf7\xaa\x17\
\xb4\xf8\xb4\x80\x9ce\xeeys\x8di\xb6\x8e\xd7\xfd*\
\xfa \x98\xe9d\xd2\x22\x81Y\xa6\xc9\xaf!\xbf`\x89\
^\xae\x91B\x97J\xfe\xa8\x87VK_\x9e'\xe0U\
\xdb\xb0\xd4)\xb2\xa7@y\xb2\xfc\xc55\xb4\x0c\x0b\x81\
O\xa8\xc4;t\x8f\xc4~\xa9\x0c`\xd9M%)\x1f\
\xfa\xa0\x0f\xaa\xa9\xd2\xe1G\xe7\xce\x99\xef\x90\x11>T\
#t\xd1\xacdv8\x8f<\xf8;o\xcdzF\xf6\
\x9c\xacn\x81\xca\x81<\xbb\x1cV\x22\xe1\xf8U\xc2\xe4\
<\xb4\xbe`\xa6\x17\xd5\xdc`\x81\xe7\xb1\x81\x9e\x22\xd8\
.\xb9.2\xaa\xef}\xbcG\xcb\xaa4\x09u\x0a\xd8\
\xd2\x1e\xc2\xb0\x90\x9c\x9c\x95\xd2d\x06\xefR\xde\xee\xd6\
B\xbd\xeeQ\x1c5\xe7\xf4\xb1\xc6\xf9\xc9\x14\x9b\x14Z\
\xeb{:$P\x0cP`r\xdcE\x03\xcc\xd8\x0e\x8e\
nV\xd3\xe4\x94\xf5\xba\xd4eQUhHM\xd9\xd4\
\xb1q\xca*\xc4b\xc3\x02\xdc\x88\xd0\xe1H\xf5Pk\
C\xbcb\x94\xda\xac_Q\x17P\xe3\xba\x97\x11\xde\xb6\
}6\xc5\x92p\x15\x9a;#\xcfR\x1cAE\xf4\xd0\
\x1b\xe6\x16\x9akm\xad\x19\x1d\xbc\xe6\xbd\xb2\xdc)\xed\
w\x08+\xbd\x91)\x9f\x9e+\xc8\xe3\xa7_\x1c~\xf6\
\xb5}p\x94!A\x1a\xac\x90=\xfb\xa4\x0a\xf5\xe7\xa6\
\x1a3\x12&\xb9rY\xac\xe0\x80\xd3: R\x92\xd8\
\x81y\xf3ug1)\x00l\x90Ha>d\xa4\x02\
\xc2\xb1\x07\x94\x85\xa4\x08oE$qL\xf5\xd3\xe2\xb5\
&\xb0\xe9GE$8\x87m \xfb\x97\xa6`gy\
\x14\xc1S\x04M\x13\x8a\x01\x16\x91M\xbc\xed\x01\x9b\xbd\
\xa7\x0d\xe7\xc1\xef\xbf\xd8\x88z\xbauY\xd9\xe1\xe7\xdf\
\x17\xb2\xb3\xa5qU\x91\x04\xed\xcf.\x97F\xf0W\xe6\
\x05\xc1R\xb2\xf5\xd2C\xaf\xacxA\x88\xe5\xd0\xaf\xb4\
R\xd7\x5c\xf4\x17\x09\xe6V\x94ke\x16w\x05}\xcb\
!Z\xb4\xf0/\x94e7ur\xd0\xbc`T\x16)\
DW\xf9@\xc0J6\x98\x95\xa8\xcd\x0d\xab\xa2\x8a\x91\
\xadJ\xd4>\xa8\x14\x80\xee\xc9\xd0\xdd\xac\xba6^4\
\xfb\xb8\xb7\xe7\x05]\xe8W]\xb4z\xe2>y\x01\xf0\
><\x1d\xbc\xf1\x19\xc1\xfb\xe8t\xf0\xee\xcc\x807\xf9\
\xafV\xca\xb3?\x1e\x1f?\xf9\xf5\xf8\xc9\x0f\x7f\xdf}\
\xb4\x10\xed\xe2\xd0\xa5\x94\xc7\x8cl\xcb4\xb1\xa4\x97\xa7\
\x9c\xfb\xed\xe7\x10Ck\xe1\xea\x85&\xf0\xf0\xc1\x8fG\
\x8f\xbe;\x0d\x1d%\xe4-=r7\xd28\x9b\x11\x05\
\xe0\xff\x9f\x8c\x1f|z\xff\xe0\xc1CH\xf7\xc1\x9f\xdf\
,\x14\xa2\x93\x01\xc9\x05k@H\xbc-\xa1\xe9v\x8b\
\xf9.\xca\x95\x02\xc0\xdbY\x0a\xaa\xb39\xa4G\xdf>\
^\xb4d\xa7\x08(\x89w\x09\xb3hK\x0e\x89\xd0\xc7\
x\x1e\x85\x99i5\xc3W\xf1\x9e\xbah\xb2\x9b\xb3\xcd\
\x95b8\xb9\xb0<]\x10+\xab\x9dRh_\xd1\xc3\
\x8d41W\xb5x\x9a\xb7p\xa7\xf87a^\x04\x0c\
\xc0!\x92\x92\xacm\xa8\xb0\x9a\xb7*ak\xc2\xdd2\
'\xac\x1d\xb1:\xd1\x9d=\xe8\xcb-\xb9v\x14\x8a\xb1\
\xbcoG&(\x93\xccaW0\x92\x90\xb6\x89\xcdh\
\xcbw\x0c\xc1\xddo\x0b0\x9f\x12\xba\x0b/\x9e\xdbA\
\xc9\xbe\xc8S(I\x8a)W~Qu\x95p4t\
\x13\x83h\xd2y\xa9\xf3\x0f-%\x8f\x22\
\x00\x00\x07\x1c\
i\
mport QtQuick\x0aim\
port QtQuick.Con\
trols\x0aimport QtQ\
uick.Layouts\x0a\x0aim\
port \x22../Base\x22\x0ai\
mport \x22../../cor\
es\x22 as Cores\x0aimp\
ort \x22../../datas\
\x22 as Datas\x0aimpor\
t \x22base\x22\x0a// \xe8\xbf\x90\xe8\
\xa1\x8c\xe7\x8a\xb6\xe6\x80\x81\xe4\xbf\xa1\xe6\x81\xaf\x0aB\
aseCard {\x0a  id: \
root\x0a  Layout.fi\
llWidth: true\x0a  \
readonly propert\
y int padding: 5\
\x0a  implicitHeigh\
t: contentColumn\
.implicitHeight \
+ padding * 2\x0a\x0a \
 readonly proper\
ty string runSta\
te: Datas.Device\
InfoData.runStat\
e\x0a  readonly pro\
perty string run\
Mode: Datas.Devi\
ceInfoData.runMo\
de\x0a  readonly pr\
operty string se\
rialNumber: Data\
s.TaskDatas.late\
stRecordId\x0a\x0a  fu\
nction stateColo\
r(state) {\x0a    v\
ar normalized = \
state\x0a    if (no\
rmalized === und\
efined)\x0a      no\
rmalized = \x22\x22\x0a  \
  if (normalized\
 === null)\x0a     \
 normalized = \x22\x22\
\x0a    switch (Str\
ing(normalized).\
toUpperCase()) {\
\x0a    case \x22RUNNI\
NG\x22:\x0a      retur\
n Cores.CoreStyl\
e.success\x0a    ca\
se \x22ERROR\x22:\x0a    \
case \x22FAULT\x22:\x0a  \
    return Cores\
.CoreStyle.dange\
r\x0a    case \x22PAUS\
ED\x22:\x0a      retur\
n Cores.CoreStyl\
e.warning\x0a    de\
fault:\x0a      ret\
urn Cores.CoreSt\
yle.accent\x0a    }\
\x0a  }\x0a\x0a  ColumnLa\
yout {\x0a    id: c\
ontentColumn\x0a   \
 anchors.left: p\
arent.left\x0a    a\
nchors.right: pa\
rent.right\x0a    a\
nchors.margins: \
padding\x0a    spac\
ing: 8\x0a\x0a    Info\
RowItem {\x0a      \
Layout.fillWidth\
: true\x0a      tit\
leText: qsTr(\x22\xe8\xbf\
\x90\xe8\xa1\x8c\xe7\x8a\xb6\xe6\x80\x81\x22)\x0a   \
   valueText: ro\
ot.runState\x0a    \
  valueColor: ro\
ot.stateColor(ro\
ot.runState)\x0a   \
   valueFont.poi\
ntSize: 15\x0a    }\
\x0a\x0a    RowLayout \
{\x0a      Layout.f\
illWidth: true\x0a \
     spacing: 12\
\x0a\x0a      InfoRowI\
tem {\x0a        La\
yout.fillWidth: \
true\x0a        tit\
leText: qsTr(\x22\xe6\xb5\
\x81\xe6\xb0\xb4\xe5\x8f\xb7\x22)\x0a      \
  valueText: roo\
t.serialNumber\x0a \
       valueColo\
r: Cores.CoreSty\
le.info\x0a        \
valueFont.pointS\
ize: 15\x0a      }\x0a\
\x0a      InfoRowIt\
em {\x0a        Lay\
out.fillWidth: t\
rue\x0a        titl\
eText: qsTr(\x22\xe8\xbf\x90\
\xe8\xa1\x8c\xe6\xa8\xa1\xe5\xbc\x8f\x22)\x0a    \
    valueText: r\
oot.runMode\x0a    \
    valueColor: \
Cores.CoreStyle.\
accent\x0a        v\
alueFont.pointSi\
ze: 15\x0a      }\x0a \
   }\x0a  }\x0a}\x0a\
\x00\x00\x03\xce\
\x00\
\x00\x0d\x16x\xda\xc5V\xdf\x8b\xdbF\x10~7\xf4\x7f\
\xd8\x0a\x1a\xe4\x9c\xabs\xee\xe0\x08\xa2N\xa1.i\x03\
\xcdAr\x81\xbe\x056\xd2\xca^*\xed*\xbb\xb3\xb1\
M1\xdcC!\xbd\xbc\xa4\xf4%-\xb4\x84\x84\xd2\x10\
B\xf2\x90B\xa1-\xfdo\xeaK\xfc_tv\xf5\xc3\
\xd6%\x97\xb3\xd3\x1c\xf5\x1d\xb64\xf3}\xb3\xf3\xed\xcc\
\x8e\xc4\xb3\x5c* W\xe0\x8a\xe1\xd1W-\xde\xb8\x0d\
\xfaR\x80\x92\xa9>j\xff\x82N\xa4\x01\xdd\xaa\xec^\
\x10l~B5\xf3\x96\x0d\xf8\x1fI\xc5\xb4G\xa8&\
}{U{o8\xace\xf4\xa9\x8a\xc9\xd7-Bx\
\x1c\x12%%\xe0e\x11=Hx\x9a~\xc9c\x18\x86\
\x04\x94a\xe8P\x8c\xc6R\xa4\x13\x92+\x993\x05\x13\
\xc2\x05\x90\x9c\xc61\x17\x83\x90\x9c\xdb\xb2q\xb2<\xe5\
\x11\x87\xcf\x19\x1f\x0c!$\x11J`\x02\xfa25\x99\
\x08\x9a\xde\x8dm$\x0cK`\xd3\x85\x8eQ\xb1vN\
\x15\xf2\x03w\xd7BsbD\x04\x5c\x0a\x92H\x95Q\
\xd85\xd9\x0d\xa6\xfc[45\xacC\x8c\xe0\xd0!1\
\x8bxFS\xddv\xca0\xa7\x84\x14\x00\xd2\xeb\xf5\x10\
\x13\xb3\x84\x0b\x16\xb7\x9d\xd3\xca\x02\xa3\x04\xb9\xa9\xaf)\
\xdf\xfb\xd0k\xbf\x86#L\x9a\xae\x01\xf7\xbc\x13\xc1\x5c\
\xef\xd2]\x7f9\xfbv\xfb\x8d\xa4[T\xe1\xbe\xa32\
m\xc5\xf7\x88_\xa9$\xef7D\x91\x8fk\xfd$$\
[5W\x98\x0cY\x8d\x05k\x1f\xb01\xa0s\x11\xfe\
B\x8ft1\x10r\x02\x90\x17\xf9\x98\xc5~\xedlc\
\xd8=PXr\x1f\xfdE\x902c\xbb\xfd\xe4\xcc\x19\
\xf7\x1b\xa4L\x0c`H.\xb8Hn\x85\x0d\xe2\xe1\xdf\
F\x01\x0b\x9d\x0d\xd9\xd3\xd7T\xf5S\xa3\xa8\xbd\xf55\
\xc3\x06\x8a\x1b\x95,Mk\xd6r\x99\xb5R5\x97\x09\
\xeb\xd6\xb3\xca\xfa\xe4\x8a\x82\x04\x9a\xe2\xd6_\xa60\x0c\
2:\xf6\xbb\x9d\xe2:I\xa5T\xc7\xc4\xb3\xc4\xa14\
JW\xc4\x02\x5c\xc4\xda$\xdb;\xdd\xee\x02\x98qa\
\x80\x1d\x81\x96\xd8\x0f\x0a,rv\x96\x18\xb8\x9a\x85W\
\x90\x9d\xae\xf3\xd4\x15\xc2\xf3\xee\x8f\xb1 \x95\xa81\xf9\
\x88\x9c\xb35\xf6\xba\xb6\xb8\xe3E{ jZoP\
\x910v\xc3\x91=\xb1\xe1\x9c\xafm\xfb#\xb4!\xac\
\xa9L\xbbi\xb4\x995\x1a\xeeD\xa4k\xaeb\xf8\x14\
c\xadj\xa4\xf8\xc8hrV*\xa2\xa1T\x1a[7\
\x81z\xf2\xd8\x9b\x86W\x15\x03\xabt\xabr\x5c-\xfc\
\x19U\x03.tXMF\xe7\xd49\x8d\x8a)\xd9m\
9\xc3g\x8a\xc7\x8d\x94\x08&d3\xd1\xd5\xa9\xad\x0c\
{5\xf5|\xb5ur\xb40V\xe0c\xc6v\xe9\xbd\
$\x12yU\x8e.\x01\xcb\xea\xf5\xde0\xea\x8b\x0fp\
H\xd95<\xa6a\xd9\xba/\x9e\x7f?{\xfa\xdd\xe1\
\xfe_\xf3\xdbw\xeb3a\xbb\x06\xc7I\x81s\x0f\x9a\
\xc0~\xf7\x0d\x00f\x18\xe0>\x01\x8f0\x8e\xed\xa7&\
\x05\xb7^\xaae\xce\x1eLR\x16\x94\x83\xc1~\xa6\xef\
6\xff\xd9\xb7\xb7g\x07w\x8eM\xde>\x00\x83\xc6s\
\xe5U9\x8ae\x12)}\xa3l\xf9;\xc4\xcb\xb2\xeb\
\xdb^\x87l\xb5W\xd2F\xa3\x08i\xa7\xa4\xee\xe0\xf1\
?\x7f\xff\xf8\xf6\xd2b9\x12\x09c\xf1U\x96Q.\
\xd0\xe2\xd4\xa1\xb6\xed\xd5\xb4qTqJ\xca\xfe\xf8m\
\xfe\xf3\xc3\xf9\x93\x1ff\x7f\xfe\xbar\xdf\xa5T\xb0\xfa\
m\xe2\xff\xec:<//\xf7\xef\x1d\xde\xfb\xfd\xc4\xd2\
\xd4\xcf\xbdW\xe5\xb0\x94\xe6\x9a\xc5{,Z\xad\x18\xda\
`\xa7i}:\x8a\xe6\x0f\xbfy\xf9\xec\xc1\x7f\xed\xb7\
\xf2(5\xdbm\x9d\xc34\xa2JT\x03\xf6\xddW\xed\
\xa7\xfd\xd9/\x8f\x0e\x0f\x9e\xbe\xb8\xff\xf8\xed5\x82T\
7\x0d\xbbL\xc7(n\xf7\xec\x1a\x87)\xa6b\xc0\xd4\
iJ\x9b\xef\xdf?\xf68\xad\x22\x0d_W.\xdai\
A\x81\xb9\xcam\xea\xd5\xd5\xe5\x0a\xdfP\xd5\xa4\x96W\
}O[\xd3\xd6{\xad\x7f\x01\xaa\xb2\x1cb\
\x00\x00\x02\x01\
i\
mport QtQuick\x0d\x0ai\
mport QtQuick.Co\
ntrols\x0d\x0aimport Q\
tQuick.Layouts\x0d\x0a\
\x0d\x0aRowLayout {\x0d\x0a \
 id: row\x0d\x0a  spac\
ing: 2\x0d\x0a\x0d\x0a  prop\
erty alias title\
Text: titleLabel\
.text\x0d\x0a  propert\
y alias valueTex\
t: valueLabel.te\
xt\x0d\x0a  property a\
lias titleColor:\
 titleLabel.colo\
r\x0d\x0a  property al\
ias valueColor: \
valueLabel.color\
\x0d\x0a  property ali\
as valueWrapMode\
: valueLabel.wra\
pMode\x0d\x0a  propert\
y alias valueEli\
de: valueLabel.e\
lide\x0d\x0a  property\
 alias valueFont\
: valueLabel.fon\
t\x0d\x0a  InfoTitleLa\
bel { id: titleL\
abel }\x0d\x0a  InfoVa\
lueLabel { id: v\
alueLabel }\x0d\x0a}\x0d\x0a\
\
\x00\x00\x00\xf8\
i\
mport QtQuick\x0d\x0ai\
mport QtQuick.Co\
ntrols\x0d\x0aimport Q\
tQuick.Layouts\x0d\x0a\
import \x22../../..\
/cores\x22 as Cores\
\x0d\x0a\x0d\x0aLabel {\x0d\x0a  f\
ont.pointSize: 1\
5\x0d\x0a  Layout.pref\
erredWidth: 50\x0d\x0a\
  Layout.alignme\
nt: Qt.AlignLeft\
 | Qt.AlignVCent\
er\x0d\x0a  color: Cor\
es.CoreStyle.mut\
ed\x0d\x0a}\x0d\x0a\
\x00\x00\x01`\
i\
mport QtQuick\x0d\x0ai\
mport QtQuick.Co\
ntrols\x0d\x0aimport Q\
tQuick.Layouts\x0d\x0a\
import \x22../../..\
/cores\x22 as Cores\
\x0d\x0a\x0d\x0aLabel {\x0d\x0a  L\
ayout.fillWidth:\
 true\x0d\x0a  Layout.\
alignment: Qt.Al\
ignHCenter | Qt.\
AlignVCenter\x0d\x0a  \
color: Cores.Cor\
eStyle.text\x0d\x0a  e\
lide: Text.Elide\
Right\x0d\x0a  horizon\
talAlignment: Te\
xt.AlignHCenter\x0d\
\x0a  verticalAlign\
ment: Text.Align\
VCenter\x0d\x0a  font.\
bold: true\x0d\x0a}\x0d\x0a\
\x00\x00\x00D\
i\
mport QtQuick\x0d\x0ai\
mport \x22../../../\
components/Card\x22\
\x0d\x0aCardHead {\x0d\x0a\x0d\x0a\
}\x0d\x0a\
\x00\x00\x03O\
i\
mport QtQuick\x0aim\
port QtQuick.Con\
trols\x0aimport QtQ\
uick.Layouts\x0aimp\
ort \x22cores\x22\x0aimpo\
rt \x22../../cores\x22\
 as Cores\x0aimport\
 \x22../Log\x22 as Log\
Views\x0aimport \x22..\
/Charts\x22 as Char\
tViews\x0aimport \x22.\
./Control\x22 as Co\
ntrolViews\x0aimpor\
t \x22mix\x22\x0a// Foote\
r management vie\
w: align log str\
eam with elevati\
on chart and PTZ\
 manual control.\
\x0aSplitView {\x0a\x0a  \
id: root\x0a  spaci\
ng: 5\x0a  Layout.f\
illWidth: true\x0a \
 property FootVi\
ewCode footViewC\
ode: FootViewCod\
e{}\x0a  LogViews.L\
ogView {\x0a    id:\
 logView\x0a    Spl\
itView.fillWidth\
: true\x0a    Split\
View.fillHeight:\
 true\x0a    SplitV\
iew.minimumWidth\
: 320\x0a  }\x0a\x0a  Cha\
rtViews.Elevatio\
nAreaChart {\x0a   \
 visible: false\x0a\
    id: elevatio\
nChart\x0a    Split\
View.preferredWi\
dth: 400\x0a    Spl\
itView.fillHeigh\
t: true\x0a    Spli\
tView.minimumWid\
th: 300\x0a\x0a  }\x0aCon\
trols{\x0a    Split\
View.preferredWi\
dth: 400\x0a    Spl\
itView.minimumWi\
dth: 300\x0a    Spl\
itView.fillHeigh\
t: true\x0a  }\x0a}\x0a\
\x00\x00\x03\xfb\
i\
mport QtQuick\x0aim\
port QtQuick.Con\
trols\x0aimport QtQ\
uick.Layouts\x0aimp\
ort \x22head\x22\x0aimpor\
t \x22../../cores\x22 \
as Cores\x0aimport \
\x22cores\x22\x0a\x0aColumnL\
ayout {\x0a  id: ro\
ot\x0a  spacing: 5\x0a\
\x0a  InfoViewCore \
{\x0a    id: infoCo\
re\x0a  }\x0a\x0a  proper\
ty InfoViewCore \
infoViewCore: in\
foCore\x0a\x0a  InfoHe\
adView {\x0a    Lay\
out.fillWidth: t\
rue\x0a    infoView\
Core: infoCore\x0a \
 }\x0a\x0a  ScrollView\
 {\x0a    Layout.fi\
llWidth: true\x0a  \
  Layout.fillHei\
ght: true\x0a    co\
ntentWidth: avai\
lableWidth\x0a    c\
ontentHeight: co\
lumnContent.impl\
icitHeight\x0a    C\
olumn {\x0a      id\
: columnContent\x0a\
      width: roo\
t.width\x0a      sp\
acing: 4\x0a\x0a      \
Repeater {\x0a     \
   model: infoCo\
re.selectedViews\
\x0a        delegat\
e: Loader {\x0a    \
      width: col\
umnContent.width\
\x0a          sourc\
e: modelData.sou\
rce\x0a          as\
ynchronous: true\
\x0a          onLoa\
ded: {\x0a         \
   if (item) {\x0a \
             ite\
m.width = column\
Content.width\x0a  \
            if (\
item.hasOwnPrope\
rty(\x22Layout\x22))\x0a \
               i\
tem.Layout.fillW\
idth = true\x0a    \
        }\x0a      \
    }\x0a        }\x0a\
      }\x0a    }\x0a  \
  ScrollBar.vert\
ical: ScrollBar \
{ }\x0a  }\x0a}\x0a\
\x00\x00\x05\xb6\
i\
mport QtQuick\x0aim\
port QtQuick.Con\
trols\x0aimport QtQ\
uick.Layouts\x0a\x0aim\
port \x22head\x22\x0aimpo\
rt \x22cores\x22\x0aimpor\
t \x22../Code\x22\x0aimpo\
rt \x22mix\x22\x0a// Make\
 CodeManageView \
follow the same \
core-driven stru\
cture as InfoVie\
wCore/InfoManage\
View\x0aColumnLayou\
t {\x0a  id: root\x0a \
 spacing: 5\x0a\x0a  p\
roperty CodeView\
Core codeCore: C\
odeViewCore{ }\x0a \
 // Expose core \
if needed by con\
sumers\x0a  propert\
y var infoViewCo\
re: codeCore\x0a\x0a  \
// Head with fil\
ter menu, reusin\
g existing compo\
nents\x0a  InfoHead\
View {\x0a    title\
: qsTr(\x22\xe8\xbf\x90\xe8\xa1\x8c\x22)\
\x0a    Layout.fill\
Width: true\x0a    \
infoViewCore: co\
deCore\x0a  }\x0a\x0a  //\
 Content area: r\
ender selected v\
iews\x0a  ScrollVie\
w {\x0a    Layout.f\
illWidth: true\x0a \
   height: flick\
.height\x0a    Flic\
kable {\x0a      id\
: flick\x0a      cl\
ip: true\x0a      c\
ontentWidth: wid\
th\x0a      content\
Height: columnCo\
ntent.implicitHe\
ight\x0a\x0a      Colu\
mn {\x0a        id:\
 columnContent\x0a \
       width: fl\
ick.width\x0a      \
  spacing: 10\x0a\x0a \
       Repeater \
{\x0a          mode\
l: codeCore.sele\
ctedViews\x0a      \
    delegate: Lo\
ader {\x0a         \
   width: column\
Content.width\x0a  \
          source\
: modelData.sour\
ce\x0a            a\
synchronous: tru\
e\x0a            on\
Loaded: {\x0a      \
        if (item\
) {\x0a            \
    item.width =\
 columnContent.w\
idth\x0a           \
     if (item.ha\
sOwnProperty(\x22La\
yout\x22))\x0a        \
          item.L\
ayout.fillWidth \
= true\x0a         \
     }\x0a         \
   }\x0a          }\
\x0a        }\x0a     \
 }\x0a    }\x0a    Scr\
ollBar.vertical:\
 ScrollBar { }\x0a \
 }\x0a\x0a  CodeTaskFl\
ip{\x0a      Layout\
.fillWidth: true\
\x0a      Layout.fi\
llHeight: true\x0a \
 }\x0a  CodeContorl\
{}\x0a}\x0a\
\x00\x00\x04\xe6\
i\
mport QtQuick\x0aim\
port QtQuick.Con\
trols\x0aimport QtQ\
uick.Controls.Ma\
terial\x0aimport \x22.\
./../../cores\x22 a\
s Cores\x0a\x0aMenu {\x0a\
  id: control\x0a  \
modal: false\x0a  f\
ocus: true\x0a  pad\
ding: 10\x0a  impli\
citWidth: 220\x0a  \
implicitHeight: \
Math.max(content\
Item.implicitHei\
ght + padding * \
2, 48)\x0a  closePo\
licy: Popup.Clos\
eOnEscape | Popu\
p.CloseOnPressOu\
tside\x0a\x0a  propert\
y var infoViewCo\
re: null\x0a  prope\
rty Item anchorI\
tem: null\x0a\x0a  x: \
anchorItem ? anc\
horItem.mapToIte\
m(null, anchorIt\
em.width - width\
, anchorItem.hei\
ght).x : 0\x0a  y: \
anchorItem ? anc\
horItem.mapToIte\
m(null, 0, ancho\
rItem.height).y \
: 0\x0a\x0a  backgroun\
d: Rectangle {\x0a \
   radius: 8\x0a   \
 color: Qt.light\
er(Cores.CoreSty\
le.surface, 1.05\
)\x0a    border.wid\
th: 1\x0a    border\
.color: Cores.Co\
reStyle.border\x0a \
 }\x0a\x0a   Column {\x0a\
    spacing: 6\x0a \
   Repeater {\x0a  \
    model: contr\
ol.infoViewCore.\
views\x0a      dele\
gate: CheckDeleg\
ate {\x0a        wi\
dth: control.imp\
licitWidth - con\
trol.padding * 2\
\x0a        implici\
tHeight: 30\x0a    \
    text: modelD\
ata.title\x0a      \
  Material.accen\
t: Cores.CoreSty\
le.accent\x0a      \
  checked: contr\
ol.infoViewCore \
? control.infoVi\
ewCore.isSelecte\
d(modelData.key)\
 : false\x0a       \
 onToggled: {\x0a  \
        if (cont\
rol.infoViewCore\
)\x0a            co\
ntrol.infoViewCo\
re.setSelected(m\
odelData.key, ch\
ecked)\x0a        }\
\x0a      }\x0a    }\x0a \
 }\x0a}\x0a\
\x00\x00\x02\xfe\
i\
mport QtQuick\x0aim\
port QtQuick.Con\
trols\x0aimport QtQ\
uick.Layouts\x0aimp\
ort \x22../../../co\
res\x22 as Cores\x0aim\
port \x22../../../c\
omponents/Card\x22\x0a\
import \x22../../..\
/components/Base\
\x22\x0a\x0aCardHead {\x0a  \
id: headRoot\x0a  L\
ayout.fillWidth:\
 true\x0a  property\
 alias title: ti\
tle_id.text\x0a  pr\
operty var infoV\
iewCore: null\x0a\x0a \
 RowLayout {\x0a   \
 anchors.fill: p\
arent\x0a\x0a    CardT\
itleLabel {\x0a    \
  id:title_id\x0a  \
    text: qsTr(\x22\
\xe4\xbf\xa1\xe6\x81\xaf\x22)\x0a    }\x0a \
   Item { Layout\
.fillWidth: true\
 }\x0a\x0a    ItemDele\
gateBase {\x0a     \
 id: settingsBut\
ton\x0a      text: \
qsTr(\x22\xe6\x98\xbe\xe7\xa4\xba\xe8\xae\xbe\xe7\
\xbd\xae\x22)\x0a      onCli\
cked: {\x0a        \
filterMenu.ancho\
rItem = settings\
Button\x0a        f\
ilterMenu.infoVi\
ewCore = headRoo\
t.infoViewCore\x0a \
       filterMen\
u.popup()\x0a      \
}\x0a    }\x0a  }\x0a\x0a  F\
ilterMenu {\x0a    \
id: filterMenu\x0a \
   infoViewCore:\
 headRoot.infoVi\
ewCore\x0a  }\x0a}\x0a\
\x00\x00\x06\x86\
i\
mport QtQuick\x0d\x0ai\
mport QtQuick.Co\
ntrols\x0d\x0aimport Q\
tQuick.Layouts\x0d\x0a\
import \x22../../..\
/enums\x22 as Enu\x0d\x0a\
import \x22../../..\
/cores\x22 as Cores\
\x0d\x0aimport \x22../../\
../components/Ba\
se\x22 as BaseCompo\
nents\x0d\x0aimport \x22.\
./../../componen\
ts/Card\x22\x0d\x0aCardBa\
se {\x0d\x0a  id:root\x0d\
\x0a  height: Cores\
.CoreStyle.cardH\
eadHeight\x0d\x0a  Lay\
out.fillWidth: t\
rue\x0d\x0a  property \
int viewMode: 0\x0d\
\x0a  RowLayout {\x0d\x0a\
    anchors.fill\
:parent\x0d\x0a    spa\
cing: 8\x0d\x0a    Bas\
eComponents.Card\
TitleLabel {\x0d\x0a  \
    text: qsTr(\x22\
\xe6\x8e\xa7\xe5\x88\xb6\x22)\x0d\x0a    }\x0d\
\x0a    Item{\x0d\x0a    \
  height: 1\x0d\x0a   \
   Layout.fillWi\
dth: true\x0d\x0a    }\
\x0d\x0a    RowLayout \
{\x0d\x0a      spacing\
: 6\x0d\x0a      Repea\
ter {\x0d\x0a        m\
odel: Enu.AppEnu\
ms.controlsModel\
s\x0d\x0a        deleg\
ate: BaseCompone\
nts.ItemDelegate\
Base {\x0d\x0a        \
  readonly prope\
rty bool selecte\
d: root.viewMode\
 == index\x0d\x0a     \
     text: model\
Data\x0d\x0a          \
onClicked: root.\
viewMode = index\
\x0d\x0a          back\
ground: Rectangl\
e {\x0d\x0a           \
 anchors.fill: p\
arent\x0d\x0a         \
   radius: 10\x0d\x0a \
           color\
: selected ? Cor\
es.CoreStyle.acc\
ent : (parent.ho\
vered ? Qt.light\
er(Cores.CoreSty\
le.surface, 1.1)\
 : \x22transparent\x22\
)\x0d\x0a            b\
order.width: 1\x0d\x0a\
            bord\
er.color: select\
ed ? Cores.CoreS\
tyle.accent : (p\
arent.hovered ? \
Qt.lighter(Cores\
.CoreStyle.accen\
t, 1.2) : Cores.\
CoreStyle.border\
)\x0d\x0a            o\
pacity: selected\
 ? 0.3 : 1.0\x0d\x0a  \
        }\x0d\x0a     \
     contentItem\
: Label {\x0d\x0a     \
       text: par\
ent.text\x0d\x0a      \
      font.bold:\
 selected\x0d\x0a     \
       color: se\
lected ? Cores.C\
oreStyle.text : \
(parent.hovered \
? Cores.CoreStyl\
e.accent : Cores\
.CoreStyle.muted\
)\x0d\x0a            h\
orizontalAlignme\
nt: Text.AlignHC\
enter\x0d\x0a         \
   verticalAlign\
ment: Text.Align\
VCenter\x0d\x0a       \
     padding: 4\x0d\
\x0a          }\x0d\x0a  \
      }\x0d\x0a      }\
\x0d\x0a    }\x0d\x0a  }\x0d\x0a\x0d\x0a\
}\x0d\x0a\x0d\x0a\
\x00\x00\x05\x14\
i\
mport QtQuick\x0aim\
port \x22../../Task\
\x22 as TaskViews\x0ai\
mport \x22../../Cod\
e\x22 as CodeViews\x0a\
\x0a// Flipable con\
tainer toggling \
between task sta\
tus overview and\
 code viewer.\x0aFl\
ipable {\x0a  id: f\
lipable\x0a  readon\
ly property bool\
 showingCode: !s\
howingTask\x0a  pro\
perty bool showi\
ngTask: true\x0a\x0a  \
transform: Rotat\
ion {\x0a          \
 id: rotation\x0a  \
         origin.\
x: flipable.widt\
h/2\x0a           /\
/ origin.y: flip\
able.height/2\x0a  \
         axis.x:\
 0; axis.y: 0.5;\
 axis.z: 0     /\
/ set axis.y to \
1 to rotate arou\
nd y-axis\x0a      \
     angle: 0   \
 // the default \
angle\x0a       }\x0a\x0a\
       states: S\
tate {\x0a         \
  name: \x22back\x22\x0a \
          Proper\
tyChanges { targ\
et: rotation; an\
gle: 180 }\x0a     \
      when: !fli\
pable.showingTas\
k\x0a       }\x0a     \
  transitions: T\
ransition {\x0a    \
       NumberAni\
mation { target:\
 rotation; prope\
rty: \x22angle\x22; du\
ration: 800 }\x0a  \
     }\x0a     fron\
t:TaskViews.Task\
View {\x0a         \
       enabled:f\
lipable.showingT\
ask\x0a            \
  id: taskView\x0a \
             anc\
hors.fill: paren\
t\x0a              \
onRequestCodeVie\
w: flipable.togg\
le()\x0a          }\
\x0a   back: CodeVi\
ews.CodeView {\x0a \
             ena\
bled:flipable.sh\
owingCode\x0a      \
        id: code\
View\x0a           \
   anchors.fill:\
 parent\x0a        \
      onRequestB\
ack: flipable.to\
ggle()\x0a         \
   }\x0a\x0a  function\
 toggle() {\x0a    \
flipable.showing\
Task = !flipable\
.showingTask\x0a  }\
\x0a}\x0a\
\x00\x00\x02!\
i\
mport QtQuick\x0d\x0ai\
mport QtQuick.Co\
ntrols\x0d\x0aimport Q\
tQuick.Layouts\x0d\x0a\
import \x22../../Co\
ntrol\x22 as Contro\
lViews\x0d\x0aimport \x22\
../../../compone\
nts/Base\x22 as Bas\
eComponents\x0d\x0aimp\
ort \x22../../../co\
res\x22 as Cores\x0d\x0a\x0d\
\x0aColumnLayout {\x0a\
  visible: Cores\
.CoreState.isUse\
Model && Cores.C\
oreControl.allow\
DirectControl\x0a  \
ControlViewHead{\
\x0d\x0a    id:cvh\x0d\x0a  \
}\x0d\x0a  StackLayout\
 {\x0d\x0a    currentI\
ndex: cvh.viewMo\
de\x0d\x0a    Layout.f\
illWidth: true\x0d\x0a\
    Layout.fillH\
eight: true\x0d\x0a   \
 ControlViews.Cy\
linderControl {\x0d\
\x0a\x0d\x0a    }\x0d\x0a    Co\
ntrolViews.PTZCo\
ntrol {\x0d\x0a      i\
d: ptzControl\x0d\x0a\x0d\
\x0a    }\x0d\x0a  }\x0d\x0a}\x0d\x0a\
\
\x00\x00\x07\x91\
i\
mport QtQuick\x0a\x0a/\
/ Shared selecti\
on logic for man\
age view cores.\x0a\
QtObject {\x0a  id:\
 root\x0a\x0a  propert\
y var views: []\x0a\
  property var s\
electedKeys: []\x0a\
  property var s\
electedViews: []\
\x0a\x0a  signal selec\
tionChanged()\x0a\x0a \
 function _asLis\
t(value) {\x0a    i\
f (Array.isArray\
(value))\x0a      r\
eturn value\x0a    \
if (value === un\
defined || value\
 === null)\x0a     \
 return []\x0a    i\
f (typeof value \
=== \x22object\x22 && \
value.length !==\
 undefined) {\x0a  \
    var temp = [\
]\x0a      for (var\
 i = 0; i < valu\
e.length; ++i)\x0a \
       temp.push\
(value[i])\x0a     \
 return temp\x0a   \
 }\x0a    return []\
\x0a  }\x0a\x0a  function\
 isSelected(key)\
 {\x0a    if (!key)\
\x0a      return fa\
lse\x0a    var keys\
 = _asList(selec\
tedKeys)\x0a    ret\
urn keys.indexOf\
(key) !== -1\x0a  }\
\x0a\x0a  function set\
Selected(key, en\
abled) {\x0a    if \
(!key)\x0a      ret\
urn\x0a    var keys\
 = _asList(selec\
tedKeys).slice()\
\x0a    var index =\
 keys.indexOf(ke\
y)\x0a    if (enabl\
ed && index === \
-1) {\x0a      keys\
.push(key)\x0a     \
 selectedKeys = \
keys\x0a      updat\
eSelected()\x0a    \
} else if (!enab\
led && index !==\
 -1) {\x0a      key\
s.splice(index, \
1)\x0a      selecte\
dKeys = keys\x0a   \
   updateSelecte\
d()\x0a    }\x0a  }\x0a\x0a \
 function toggle\
(key) {\x0a    setS\
elected(key, !is\
Selected(key))\x0a \
 }\x0a\x0a  function g\
etView(key) {\x0a  \
  if (!key)\x0a    \
  return null\x0a  \
  var list = _as\
List(views)\x0a    \
for (var i = 0; \
i < list.length;\
 ++i) {\x0a      if\
 (list[i].key ==\
= key)\x0a        r\
eturn list[i]\x0a  \
  }\x0a    return n\
ull\x0a  }\x0a\x0a  funct\
ion updateSelect\
ed() {\x0a    var l\
ist = _asList(vi\
ews)\x0a    var key\
s = _asList(sele\
ctedKeys)\x0a    va\
r next = []\x0a    \
for (var i = 0; \
i < list.length;\
 ++i) {\x0a      va\
r entry = list[i\
]\x0a      if (keys\
.indexOf(entry.k\
ey) !== -1)\x0a    \
    next.push(en\
try)\x0a    }\x0a    s\
electedViews = n\
ext\x0a    selectio\
nChanged()\x0a  }\x0a\x0a\
  function reset\
Selection(keys) \
{\x0a    if (!Array\
.isArray(keys) |\
| !keys.length)\x0a\
      return\x0a   \
 selectedKeys = \
keys.slice()\x0a   \
 updateSelected(\
)\x0a  }\x0a\x0a  Compone\
nt.onCompleted: \
updateSelected()\
\x0a  onSelectedKey\
sChanged: update\
Selected()\x0a  onV\
iewsChanged: upd\
ateSelected()\x0a}\x0a\
\
\x00\x00\x03\xce\
i\
mport QtQuick\x0a\x0aB\
aseCore {\x0a  id: \
root\x0a\x0a  views: [\
\x0a    {\x0a      key\
: \x22runState\x22,\x0a  \
    title: qsTr(\
\x22\xe8\xbf\x90\xe8\xa1\x8c\xe4\xbf\xa1\xe6\x81\xaf\x22),\
\x0a      source: Q\
t.resolvedUrl(\x22.\
./../DriveInfo/R\
unStateInfoView.\
qml\x22)\x0a    },\x0a   \
 {\x0a      key: \x22t\
oolInfo\x22,\x0a      \
title: qsTr(\x22\xe5\x88\x80\
\xe5\x85\xb7\xe4\xbf\xa1\xe6\x81\xaf\x22),\x0a   \
   source: Qt.re\
solvedUrl(\x22../..\
/DriveInfo/ToolI\
nfoView.qml\x22)\x0a  \
  },\x0a    {\x0a     \
 key: \x22driveMetr\
ics\x22,\x0a      titl\
e: qsTr(\x22\xe8\xae\xbe\xe5\xa4\x87\xe7\
\x8a\xb6\xe6\x80\x81\x22),\x0a      s\
ource: Qt.resolv\
edUrl(\x22../../Dri\
veInfo/DriveInfo\
View.qml\x22)\x0a    }\
,\x0a    {\x0a      ke\
y: \x22statusLights\
\x22,\x0a      title: \
qsTr(\x22\xe7\x8a\xb6\xe6\x80\x81\xe6\x8c\x87\xe7\
\xa4\xba\x22),\x0a      sour\
ce: Qt.resolvedU\
rl(\x22../../DriveI\
nfo/StatusLightA\
larmView.qml\x22)\x0a \
   },\x0a    {\x0a    \
  key: \x22torqueCh\
art\x22,\x0a      titl\
e: qsTr(\x22\xe6\x89\xad\xe7\x9f\xa9\xe8\
\xb6\x8b\xe5\x8a\xbf\x22),\x0a      s\
ource: Qt.resolv\
edUrl(\x22../../Cha\
rts/TorqueChart.\
qml\x22)\x0a    },\x0a   \
 {\x0a      key: \x22e\
levationChart\x22,\x0a\
      title: qsT\
r(\x22\xe9\xab\x98\xe5\xba\xa6\xe5\x89\x96\xe9\x9d\xa2\x22\
),\x0a      source:\
 Qt.resolvedUrl(\
\x22../../Charts/El\
evationAreaChart\
.qml\x22)\x0a    }\x0a  ]\
\x0a\x0a  selectedKeys\
: [\x22statusLights\
\x22, \x22driveMetrics\
\x22, \x22toolInfo\x22, \x22\
runState\x22]\x0a}\x0a\
\x00\x00\x00\x1f\
i\
mport QtQuick\x0d\x0a\x0d\
\x0aItem {\x0d\x0a\x0d\x0a}\x0d\x0a\
\x00\x00\x03$\
i\
mport QtQuick\x0a\x0a/\
/ Core object pr\
oviding selectab\
le subviews (mir\
rors InfoViewCor\
e API)\x0aBaseCore \
{\x0a  id: codeCore\
\x0a\x0a  views: [\x0a   \
 {\x0a      key: \x22c\
uttingStats\x22,\x0a  \
    title: qsTr(\
\x22\xe5\x88\x87\xe5\x89\x8a\xe7\xbb\x9f\xe8\xae\xa1\x22),\
\x0a      source: Q\
t.resolvedUrl(\x22.\
./../DriveInfo/C\
uttingStatistics\
View.qml\x22)\x0a    }\
,\x0a    {\x0a      ke\
y: \x22singleCutSta\
tus\x22,\x0a      titl\
e: qsTr(\x22\xe5\x8d\x95\xe6\xac\xa1\xe5\
\x88\x87\xe5\x89\x8a\xe7\x8a\xb6\xe6\x80\x81\x22),\x0a \
     source: Qt.\
resolvedUrl(\x22../\
../DriveInfo/Sin\
gleCutCommandSta\
tusView.qml\x22)\x0a  \
  },\x0a    // {\x0a  \
  //   key: \x22cod\
eEditor\x22,\x0a    //\
   title: qsTr(\x22\
\xe4\xbb\xa3\xe7\xa0\x81\xe7\xbc\x96\xe8\xbe\x91\x22),\x0a\
    //   source:\
 Qt.resolvedUrl(\
\x22../../Code/Code\
View.qml\x22)\x0a    /\
/ },\x0a    // {\x0a  \
  //   key: \x22cod\
eControls\x22,\x0a    \
//   title: qsTr\
(\x22\xe8\xbf\x90\xe8\xa1\x8c\xe6\x8e\xa7\xe5\x88\xb6\x22)\
,\x0a    //   sourc\
e: Qt.resolvedUr\
l(\x22../../Code/Co\
deContorl.qml\x22)\x0a\
    // },\x0a  ]\x0a\x0a \
 selectedKeys: [\
\x22codeEditor\x22, \x22c\
uttingStats\x22, \x22s\
ingleCutStatus\x22]\
\x0a}\x0a\
\x00\x00\x0a\xdf\
i\
mport QtQuick\x0d\x0ai\
mport QtQuick.Co\
ntrols\x0d\x0aimport Q\
tQuick.Layouts\x0d\x0a\
\x0d\x0aimport \x22../../\
cores\x22 as Cores\x0d\
\x0aimport \x22../../d\
atas\x22 as Datas\x0d\x0a\
import \x22../../wo\
rks\x22 as Works\x0d\x0ai\
mport \x22../../com\
ponents/btns\x22 as\
 Btns\x0d\x0aimport \x22.\
./../components/\
Base\x22 as BaseCom\
ponents\x0d\x0aimport \
\x22../../component\
s/Card\x22\x0d\x0a/* \xe6\x97\xa5\xe5\
\xbf\x97\xe5\x88\x97\xe8\xa1\xa8\xe8\xa1\xa8\xe5\xa4\xb4\x0d\x0a\
 * \xe6\x8f\x90\xe4\xbe\x9b\xe8\xbf\x9e\xe6\x8e\xa5\xe7\
\x8a\xb6\xe6\x80\x81\xe6\x8c\x87\xe7\xa4\xba\xe3\x80\x81\xe7\xad\
\x89\xe7\xba\xa7\xe7\xad\x9b\xe9\x80\x89\xe4\xb8\x8b\xe6\x8b\x89\
\xe6\xa1\x86\xe4\xbb\xa5\xe5\x8f\x8a\xe8\x87\xaa\xe5\x8a\xa8\xe6\
\xbb\x9a\xe5\x8a\xa8\xe5\xbc\x80\xe5\x85\xb3\xe3\x80\x82\x0d\x0a\
 */\x0d\x0aCardHead {\x0d\
\x0a  id: root\x0d\x0a  h\
eight: Cores.Cor\
eStyle.cardHeadH\
eight\x0d\x0a  Layout.\
fillWidth: true\x0d\
\x0a\x0d\x0a  property bo\
ol autoScroll: t\
rue\x0d\x0a\x0d\x0a  ListMod\
el {\x0d\x0a    id: le\
velOptions\x0d\x0a    \
ListElement { te\
xt: qsTr(\x22\xe5\x85\xa8\xe9\x83\xa8\
\x22); value: \x22ALL\x22\
 }\x0d\x0a    ListElem\
ent { text: qsTr\
(\x22INFO \xe5\x8f\x8a\xe4\xbb\xa5\xe4\xb8\x8a\
\x22); value: \x22INFO\
\x22 }\x0d\x0a    ListEle\
ment { text: qsT\
r(\x22WARN \xe5\x8f\x8a\xe4\xbb\xa5\xe4\xb8\
\x8a\x22); value: \x22WAR\
N\x22 }\x0d\x0a    ListEl\
ement { text: qs\
Tr(\x22ERROR\x22); val\
ue: \x22ERROR\x22 }\x0d\x0a \
 }\x0d\x0a\x0d\x0a  RowLayou\
t {\x0d\x0a    anchors\
.fill: parent\x0d\x0a \
   spacing: 10\x0d\x0a\
\x0d\x0a    BaseCompon\
ents.CardTitleLa\
bel {\x0d\x0a      tex\
t: qsTr(\x22\xe6\x97\xa5\xe5\xbf\x97\x22\
)\x0d\x0a    }\x0d\x0a\x0d\x0a    \
Rectangle {\x0d\x0a   \
   width: 10\x0d\x0a  \
    height: 10\x0d\x0a\
      radius: 5\x0d\
\x0a      color: Da\
tas.LogDatas.con\
nected ? Cores.C\
oreStyle.success\
 : Cores.CoreSty\
le.danger\x0d\x0a    }\
\x0d\x0a\x0d\x0a    Label {\x0d\
\x0a      text: Dat\
as.LogDatas.conn\
ected ? qsTr(\x22\xe5\xb7\
\xb2\xe8\xbf\x9e\xe6\x8e\xa5\x22) : qsTr\
(\x22\xe6\x9c\xaa\xe8\xbf\x9e\xe6\x8e\xa5\x22)\x0d\x0a \
     color: Data\
s.LogDatas.conne\
cted ? Cores.Cor\
eStyle.success :\
 Cores.CoreStyle\
.danger\x0d\x0a    }\x0d\x0a\
\x0d\x0a    Label {\x0d\x0a \
     text: qsTr(\
\x22\xe6\x98\xbe\xe7\xa4\xba\xe7\xad\x89\xe7\xba\xa7\x22)\x0d\
\x0a      color: Co\
res.CoreStyle.mu\
ted\x0d\x0a    }\x0d\x0a\x0d\x0a  \
  BaseComponents\
.ComboBoxBase {\x0d\
\x0a      id: level\
Combo\x0d\x0a      mod\
el: levelOptions\
\x0d\x0a      textRole\
: \x22text\x22\x0d\x0a      \
valueRole: \x22valu\
e\x22\x0d\x0a      Layout\
.preferredWidth:\
 150\x0d\x0a\x0d\x0a      fu\
nction syncFromF\
ilter() {\x0d\x0a     \
   var value = S\
tring(Datas.LogD\
atas.levelFilter\
 || \x22ALL\x22).toUpp\
erCase()\x0d\x0a      \
  var idx = 0\x0d\x0a \
       for (var \
i = 0; i < level\
Options.count; +\
+i) {\x0d\x0a         \
 if (String(leve\
lOptions.get(i).\
value || \x22\x22).toU\
pperCase() === v\
alue) {\x0d\x0a       \
     idx = i\x0d\x0a  \
          break\x0d\
\x0a          }\x0d\x0a  \
      }\x0d\x0a       \
 if (currentInde\
x !== idx)\x0d\x0a    \
      currentInd\
ex = idx\x0d\x0a      \
}\x0d\x0a\x0d\x0a      onAct\
ivated: {\x0d\x0a     \
   var element =\
 levelOptions.ge\
t(currentIndex)\x0d\
\x0a        Datas.L\
ogDatas.levelFil\
ter = element ? \
element.value : \
\x22ALL\x22\x0d\x0a      }\x0d\x0a\
\x0d\x0a      Componen\
t.onCompleted: s\
yncFromFilter()\x0d\
\x0a    }\x0d\x0a\x0d\x0a    Co\
nnections {\x0d\x0a   \
   target: Datas\
.LogDatas\x0d\x0a     \
 function onLeve\
lFilterChanged()\
 {\x0d\x0a        leve\
lCombo.syncFromF\
ilter()\x0d\x0a      }\
\x0d\x0a    }\x0d\x0a\x0d\x0a    I\
tem { Layout.fil\
lWidth: true }\x0d\x0a\
\x0d\x0a    BaseCompon\
ents.CheckDelega\
teBase {\x0d\x0a      \
text: qsTr(\x22\xe8\x87\xaa\xe5\
\x8a\xa8\xe6\xbb\x9a\xe5\x8a\xa8\x22)\x0d\x0a    \
  checked: root.\
autoScroll\x0d\x0a    \
  onCheckedChang\
ed: root.autoScr\
oll = checked\x0d\x0a \
   }\x0d\x0a\x0d\x0a    Btns\
.ActionButton {\x0d\
\x0a      text: qsT\
r(\x22\xe6\xb8\x85\xe7\xa9\xba\xe6\x9c\xac\xe5\x9c\xb0\x22\
)\x0d\x0a      onClick\
ed: Works.LogsWo\
rk.clearLocalLog\
s()\x0d\x0a    }\x0d\x0a\x0d\x0a  \
  Btns.ActionBut\
ton {\x0d\x0a      tex\
t: qsTr(\x22\xe6\xb8\x85\xe7\xa9\xba\xe6\
\x9c\x8d\xe5\x8a\xa1\xe5\x99\xa8\x22)\x0d\x0a    \
  onClicked: Wor\
ks.LogsWork.clea\
rServerLogs()\x0d\x0a \
   }\x0d\x0a  }\x0d\x0a}\x0d\x0a\
\x00\x00\x137\
i\
mport QtQuick\x0d\x0ai\
mport QtQuick.Co\
ntrols\x0d\x0aimport Q\
tQuick.Layouts\x0d\x0a\
\x0d\x0aimport \x22../../\
datas\x22 as Datas\x0d\
\x0aimport \x22../Base\
\x22\x0d\x0aimport \x22../..\
/cores\x22 as Cores\
\x0d\x0a\x0d\x0a/* \xe6\x97\xa5\xe5\xbf\x97\xe8\xa7\x86\
\xe5\x9b\xbe\xe5\x8d\xa1\xe7\x89\x87\x0d\x0a * \xe8\xb4\
\x9f\xe8\xb4\xa3\xe5\xb1\x95\xe7\xa4\xba WebSo\
cket \xe6\x8e\xa8\xe9\x80\x81\xe7\x9a\x84\xe6\x97\
\xa5\xe5\xbf\x97\xe4\xbf\xa1\xe6\x81\xaf\xef\xbc\x8c\xe5\x8f\xaf\
\xe6\x8c\x89\xe7\xad\x89\xe7\xba\xa7\xe7\xad\x9b\xe9\x80\x89\xe5\
\xb9\xb6\xe9\x80\x89\xe6\x8b\xa9\xe6\x98\xaf\xe5\x90\xa6\xe8\x87\
\xaa\xe5\x8a\xa8\xe6\xbb\x9a\xe5\x8a\xa8\xe3\x80\x82\x0d\x0a \
*/\x0d\x0aBaseCard {\x0d\x0a\
  id: root\x0d\x0a\x0d\x0a  \
property bool au\
toScroll: true\x0d\x0a\
  property int m\
axRows: 1000\x0d\x0a  \
property real pr\
eservedBottomOff\
set: 0\x0d\x0a\x0d\x0a  // \xe5\
\xb0\x86\xe5\x90\x8e\xe7\xab\xaf\xe4\xbc\xa0\xe6\x9d\xa5\xe7\x9a\
\x84\xe5\xad\x97\xe7\xac\xa6\xe4\xb8\xb2\xe4\xb8\xad ``\
n`` \xe8\xbd\xac\xe6\x8d\xa2\xe4\xb8\xba\xe7\x9c\x9f\
\xe5\xae\x9e\xe6\x8d\xa2\xe8\xa1\x8c\xef\xbc\x8c\xe6\x96\xb9\xe4\
\xbe\xbf\xe9\x98\x85\xe8\xaf\xbb\xe3\x80\x82\x0d\x0a  f\
unction normaliz\
eMsg(s) {\x0d\x0a    i\
f (s === undefin\
ed || s === null\
) return \x22\x22\x0d\x0a   \
 const literal =\
 String.fromChar\
Code(96) + \x22n\x22\x0d\x0a\
    return Strin\
g(s).split(liter\
al).join(\x22\x5cn\x22)\x0d\x0a\
  }\x0d\x0a\x0d\x0a  ColumnL\
ayout {\x0d\x0a    anc\
hors.fill: paren\
t\x0d\x0a    anchors.m\
argins: 4\x0d\x0a    s\
pacing: 6\x0d\x0a\x0d\x0a   \
 LogHead {\x0d\x0a    \
  autoScroll: ro\
ot.autoScroll\x0d\x0a \
     onAutoScrol\
lChanged: root.a\
utoScroll = auto\
Scroll\x0d\x0a    }\x0d\x0a\x0d\
\x0a    Item {\x0d\x0a   \
   Layout.fillWi\
dth: true\x0d\x0a     \
 Layout.fillHeig\
ht: true\x0d\x0a      \
Frame{\x0d\x0a        \
anchors.fill: pa\
rent\x0d\x0a      }\x0d\x0a \
     ListView {\x0d\
\x0a        id: lis\
t\x0d\x0a        ancho\
rs.fill: parent\x0d\
\x0a        anchors\
.margins: 1\x0d\x0a   \
     clip: true\x0d\
\x0a        spacing\
: 2\x0d\x0a        mod\
el: Datas.LogDat\
as.filteredLogs\x0d\
\x0a\x0d\x0a        deleg\
ate: ItemDelegat\
e {\x0d\x0a          w\
idth: list.width\
\x0d\x0a          prop\
erty string rawL\
evel: level !== \
undefined ? leve\
l : (Level !== u\
ndefined ? Level\
 : \x22\x22)\x0d\x0a        \
  property strin\
g levelText: Str\
ing(rawLevel).to\
UpperCase()\x0d\x0a   \
       property \
string loggerNam\
e: String(name !\
== undefined ? n\
ame : (logger !=\
= undefined ? lo\
gger : \x22\x22))\x0d\x0a   \
       property \
real timestampVa\
lue: Number(ts !\
== undefined ? t\
s : (timestamp !\
== undefined ? t\
imestamp : 0))\x0d\x0a\
          proper\
ty string stampT\
ext: (time !== u\
ndefined && Stri\
ng(time).length \
> 0)\x0d\x0a          \
                \
            ? St\
ring(time)\x0d\x0a    \
                \
                \
  : (timestampVa\
lue > 0 ? new Da\
te(timestampValu\
e * 1000).toLoca\
leString() : \x22\x22)\
\x0d\x0a          prop\
erty var stampPa\
rts: stampText.l\
ength > 0 ? stam\
pText.split(/\x5cs+\
/) : []\x0d\x0a       \
   property stri\
ng stampDisplay:\
 stampParts.leng\
th > 0 ? stampPa\
rts[stampParts.l\
ength - 1] : \x22-\x22\
\x0d\x0a          prop\
erty color textC\
olor: {\x0d\x0a       \
     switch (lev\
elText) {\x0d\x0a     \
       case \x22ERR\
OR\x22:\x0d\x0a          \
    return Cores\
.CoreStyle.dange\
r\x0d\x0a            c\
ase \x22WARN\x22:\x0d\x0a   \
         case \x22W\
ARNING\x22:\x0d\x0a      \
        return C\
ores.CoreStyle.w\
arning\x0d\x0a        \
    case \x22DEBUG\x22\
:\x0d\x0a             \
 return Cores.Co\
reStyle.accent\x0d\x0a\
            defa\
ult:\x0d\x0a          \
    return Cores\
.CoreStyle.succe\
ss\x0d\x0a            \
}\x0d\x0a          }\x0d\x0a\
          readon\
ly property colo\
r backgroundColo\
r: Qt.rgba(textC\
olor.r, textColo\
r.g, textColor.b\
, 0.12)\x0d\x0a       \
   readonly prop\
erty string mess\
ageText: normali\
zeMsg(\x0d\x0a        \
                \
                \
          msg !=\
= undefined ? ms\
g :\x0d\x0a           \
                \
                \
       (message \
!== undefined ? \
message : \x22\x22))\x0d\x0a\
\x0d\x0a\x0d\x0a          im\
plicitHeight: co\
ntentRow.implici\
tHeight + 2\x0d\x0a\x0d\x0a \
         RowLayo\
ut {\x0d\x0a          \
  id: contentRow\
\x0d\x0a            an\
chors.fill: pare\
nt\x0d\x0a            \
spacing: 10\x0d\x0a\x0d\x0a \
           Label\
 {\x0d\x0a            \
  text: stampDis\
play\x0d\x0a          \
    color: Cores\
.CoreStyle.muted\
\x0d\x0a              \
Layout.preferred\
Width: 92\x0d\x0a     \
       }\x0d\x0a\x0d\x0a    \
        Label {\x0d\
\x0a              t\
ext: levelText.l\
ength > 0 ? leve\
lText : \x22-\x22\x0d\x0a   \
           color\
: textColor\x0d\x0a   \
           font.\
bold: levelText \
=== \x22ERROR\x22 || l\
evelText === \x22WA\
RN\x22 || levelText\
 === \x22WARNING\x22\x0d\x0a\
              La\
yout.preferredWi\
dth: 70\x0d\x0a       \
     }\x0d\x0a\x0d\x0a      \
      Label {\x0d\x0a \
             tex\
t: loggerName.le\
ngth > 0 ? logge\
rName : \x22-\x22\x0d\x0a   \
           color\
: Qt.tint(Cores.\
CoreStyle.muted,\
 Qt.rgba(textCol\
or.r, textColor.\
g, textColor.b, \
0.25))\x0d\x0a        \
      Layout.pre\
ferredWidth: 150\
\x0d\x0a              \
elide: Label.Eli\
deRight\x0d\x0a       \
     }\x0d\x0a\x0d\x0a      \
      Label {\x0d\x0a \
             tex\
t: messageText.l\
ength > 0 ? mess\
ageText : \x22-\x22\x0d\x0a \
             col\
or: Cores.CoreSt\
yle.text\x0d\x0a      \
        Layout.f\
illWidth: true\x0d\x0a\
              wr\
apMode: Text.Wor\
dWrap\x0d\x0a         \
   }\x0d\x0a          \
}\x0d\x0a        }\x0d\x0a\x0d\x0a\
        ScrollBa\
r.vertical: Scro\
llBar { }\x0d\x0a     \
 }\x0d\x0a    }\x0d\x0a  }\x0d\x0a\
\x0d\x0a  Connections \
{\x0d\x0a    target: D\
atas.LogDatas\x0d\x0a \
   function onLo\
gReceived(item) \
{\x0d\x0a      if (roo\
t.autoScroll && \
Datas.LogDatas.m\
atchesFilter(ite\
m))\x0d\x0a        lis\
t.positionViewAt\
End()\x0d\x0a    }\x0d\x0a\x0d\x0a\
    function onF\
ilteredAboutToUp\
date() {\x0d\x0a      \
if (!root.autoSc\
roll) {\x0d\x0a       \
 var bottomOffse\
t = list.content\
Height - list.co\
ntentY - list.he\
ight\x0d\x0a        ro\
ot.preservedBott\
omOffset = Math.\
max(0, bottomOff\
set)\x0d\x0a      }\x0d\x0a \
   }\x0d\x0a    functi\
on onFilteredUpd\
ated() {\x0d\x0a      \
if (root.autoScr\
oll) {\x0d\x0a        \
list.positionVie\
wAtEnd()\x0d\x0a      \
} else {\x0d\x0a      \
  Qt.callLater(f\
unction() {\x0d\x0a   \
       var conte\
ntHeight = list.\
contentHeight\x0d\x0a \
         var vie\
wHeight = list.h\
eight\x0d\x0a         \
 var maxY = Math\
.max(0, contentH\
eight - viewHeig\
ht)\x0d\x0a          v\
ar targetY = Mat\
h.max(0, maxY - \
root.preservedBo\
ttomOffset)\x0d\x0a   \
       list.cont\
entY = targetY\x0d\x0a\
        })\x0d\x0a    \
  }\x0d\x0a    }\x0d\x0a  }\x0d\
\x0a}\x0d\x0a\x0d\x0a\
\x00\x00\x03}\
i\
mport QtQuick\x0d\x0ai\
mport QtQuick.Co\
ntrols\x0d\x0aimport Q\
tQuick.Layouts\x0d\x0a\
\x0d\x0aItem {\x0d\x0a    id\
:root\x0d\x0a    signa\
l requestCodeVie\
w()\x0d\x0a    propert\
y var stageModel\
: []\x0d\x0a    proper\
ty var taskConte\
xt: null\x0d\x0a    La\
yout.fillHeight:\
 true\x0d\x0a    Layou\
t.fillWidth: tru\
e\x0d\x0a    clip: tru\
e\x0d\x0a\x0d\x0a    ScrollV\
iew{\x0d\x0a        co\
ntentWidth: root\
.width\x0d\x0a        \
contentHeight: r\
oot.enabled?col.\
height:0\x0d\x0a      \
  Behavior on co\
ntentHeight {Num\
berAnimation{dur\
ation: 900}}\x0d\x0a  \
      ColumnLayo\
ut{\x0d\x0a           \
 id:col\x0d\x0a       \
     x:4\x0d\x0a      \
      width: roo\
t.width-8\x0d\x0a     \
       spacing: \
10\x0d\x0a            \
anchors.margins:\
 4\x0d\x0a            \
Repeater {\x0d\x0a    \
            mode\
l: stageModel\x0d\x0a \
               d\
elegate: TaskIte\
m {\x0d\x0a           \
         Layout.\
fillWidth: true\x0d\
\x0a               \
     taskContext\
: root.taskConte\
xt\x0d\x0a            \
        onReques\
tCodeView: root.\
requestCodeView(\
)\x0d\x0a             \
   }\x0d\x0a          \
  }\x0d\x0a\x0d\x0a        }\
\x0d\x0a    }\x0d\x0a}\x0d\x0a\
\x00\x00\x07\xd2\
\x00\
\x00\x1cZx\xda\xbd\x19\xdbn\x1cE\xf6\xdd_Q\x9e\
\x15hFq\x1a\x87\xe5i\xd8\x80`l/\xd6\x06'\
1\xf6\xf2`Y\xa8\xdd]3\xd3q_\x86\xeaj\xcc\
\xc8\xf8\x81\xdd\x88,!\x5c\xb5\x88K\x90H\xa4\x00\xab\
H\x9bp\xd9%\x81, \xf1-\x9e\x89\xfd\x17\x9cS\
U\xdd]U\xd33c\xe2h-\xcb\xae:\xf7:\xb7\
\xaeK\x10\xf5\x12\xc6\xc9y~>\x0b\xbc\xed\x99\xc0\x98\
:\xad$\xe6,\x09S\x1b~\xc6\xed'\x19Ogr\
x\xcdq\x1e{\xd6Mi\x8d\xb8)\xc1\xc1_\x03\xba\
\x93\xeaX\xf8\xf5\x12FSA\xd1\xc2\x91\x85\xf5]\xee\
J\xec\x02\x8e,\xec\x85\xf4\xb1v\xc4\x9d\x0b\x92b)\
\xe2\x16~'a\xdb\x12\xf7\x22\x8eff\x0a#\x1c\x1c\
\xb5\x5c\xe6\x93\xdd\x19B\x02\xbfIX\x92p\x18\xa6A\
'vC\xc2\xe8\xcb\x19My+\xf1\x05}\xbd1\x03\
8\xb9>\xa7\x1d\x84\xe1\x8b\x81\xcf\xbbM\xc2YF\x91\
?\xea\x85\x81\x17p\x05\xf5\xc0?4\x06\xe60\x8bb\
\xc7@\x92\x13\xe4\xf1'4\x8e\xe7h\xd0\xe9\xf2q,\
\x12+y\x80\x89Q\xd7O\xe2\xb0Oz,\xe9Q\xc6\
\xfb\xe4\x15\x97\x91\x94\xbb\x1d\xfa<\x18\x1a6\xc9\x06P\
\x11\xb2K\xb6i\xbfIj\x9e\xdb\xe3\x19\xa3\xb59\xc2\
\x03\x1e\xd2&y9]c\xf5\xda\xe1\xa5K\x87W\xdf\
\xd8\xbfwop\xf9z\xad1G\xd2l\xcb\xc0\x0f?\
\xfcz\xf8\xf6-IEN>E\xee\xdf\xfah\xf8\xdd\
\x87\x83\x1b\x17\xef\xbf\xf7\x06\xd2\xa3\x19\xfd\xa5\xd0\xed\x94\
*V\x11T#{s\x86~\xfa*\xf52>\xa2\x7f\
\xf8\xe6W\x07\xd7\xafL\xd0\x7f\xe5\xd2\xfe\xbd\x1b\xfbw\
/\xef\xff\xef\x1a\xea?\xb8s{\xf0\xf3E\xc9e\xeb\
W*\xaa\xf5{2OG\xf4_\xbb~xs\x82~\
\xb9\xf2\xc1\xd5\x9f\x07\x7f\x7f\x17\xf5\x03\xf1\xc1\xed\xd7G\
V.\x85\xe7\x9aA\xf1&\xc6\xa8\x9d\xc5\x1e\x0f\x92\x98\
@\xb6n/%\xec/\xb4_\x07k\x1a\x22\xcf \xbd\
v\x02\xeeu\x89\x0e\xf2 \x13\xcbX5\x05\x0cc\x0d\
\xd3Xf\xbd\xb3\x06\xb2\xe4H\x91!\x80\xbc\xf6\x1a\xd9\
\xdd\xd3D\xe4\xee\x9e\x22B\x91U\x8a\xc8=6\xcd\x0a\
If\x89\xf0i\xdb\xcdBn\xf1*$\xfe\xdd3\x1c\
\xd4uS\x14PGG\xe5\xbe\x08\xda\xa4>\xcb\x95X\
\xde\xef\xd1\xa4-\x1cIfO\x9f&\xb5d\xeb\x02\xf5\
x\xada*h\xbbaJ\x0bn\xa4v\x02_0d\
1\x98\x14\xc4\xd4'\x8f>JtD\x9c\x85\xa1%E\
U\xb2&\x84QhM\xfeK#\xb2\xd0\xb2\x12\xbfl\
\xa1\xc7\x89\xb5\x8c5]!JXdR]\x0c\x0dw\
\x08\x08j\x95#\xa7H\xc2\xb1~\xc0\xae\xd0\x06\x02r\
\x9aX,\x85T;\xa2\x10\x8c\xb3;\xf19\xd5W\xea\
\xc8\xdd\xb0\xe4\xcf\xceZL\x1bH\xb5y\xa4\xd5\xf1,\
]\xa3\xaf\xf2\xd1X\x1bI`)T\xd5\xfa\xd9\xcd\xfd\
\xbbo\x0d\xde}_\xc5\x1d\x17\xf7\x8a\x1bf\x14V'\
\xe2 \xc5[Az\xda\xc05\xf5\x19\x1aR\x18\xa0$\
\xd9\x01.\xc1\x98*&\xa4V\x1bg\xe7\xfd\xcf\xbf\xd0\
\x8c\x8c\xb3\x88\xb2\xc0\x033W\xb2h\x8b2\xa9\xabQ\
\xae=HW\xdc\x95\xba\x22k\xe4n){D\x8e)\
\x10\xa2F\xe7\xf3\xfa\xb2\xf5\xbf\xf3\xc1\xe1\xc7\x9f\xef\xdf\
\xfdwa\x9e ?5\x8e\x5c6a\x9b\xfc\xf11\xe4\
\x83;\xdf\x0en]\x19\xfe\xe3=\x93\xfc\x8f\xe3\xc8o\
|s\xf0\x9f/\x0aZ\xab3\x10\xb2\x05\x19\xb9\xadf\
e\x7f\x90~\xe3\x10\x1fp\xda\x0b\x9c\x05qG9\xcd\
\x81IT\xd7|\x87DNH\xe3\x0e\xef\x1e-\x1aY\
\x0f2\x1bS\x06\x19y\xb2\x8e\xd3\x16,A\x09\xcd}\
.\xc8\xcc\xce|nqeay\xe5\xcf\xaa'J\xd8\
\xf9\xf5\xc5\xf5\xc5\x05\xbbMV\x07Br\xac\xae\xaf\xac\
\x94R\xa6\x04C\xb2\xb4\xce>\x7f\xee\xcc\xe2Z\xa1G\
B\x17\xce\xae,VK\xb1c$\xe9\x97\x9eY>c\
\x89X\x5c]=\xbbj@\x96\x9eY?\xb36F\xaa\
\x1e\xca\xea\x16\xcf\xf3\x8a\xda\x1bS\xfb\xb0\xadI\xd8\xef\
+~\xb1\x19t\xf0\xef\x0b\xbc\x1fR'\x82O\x96\xff\
\x90\x1b\xc0\xff\xb5J\xed\x05\xed\xb8,\x86\x04\x9f\x5c\xab\
6S\x10\xb7\x93\xc9\xe5js\xa4\x99\xe7\xd14\x9d\x5c\
\xb46\x93\xef\xc6\x1d\xca\x1eR\xf1b\xf7\x84\x9eYQ\
t\xe2S+\x18\xb0\xad\xe6u&>\xb0\x05TU\xda\
\x94\xec\xd0\x9diJ\xcd\xebn\x8a\x80\xc2\xb1&wY\
\x82\xa6U\xa2\x08\xa7\x88\xd4=oJU%i\x8a\x94\
Ei\xc2dYN\xd1\xa3\x05kJ\xed\x98\xa5\xd9\x83\
\xf2\xa3\x0f\xfaU>\xa9\xb5V\x9fr7\x08\xcdj|\
I\x01'\x14eNb\xd4\xe6\x82\x80\x95\x96(\x9ar\
7\xa8\xc9\xb5\xf7\x83\x85\x1d\xbbe>\x8aE\x02H\xe2\
\x1c9\xb5\x8d2\x90\xcd|\x8a\x06\x8d\xa5\x95H\x9d\xb6\
Sn\x1fg\xa5$\xd8t*\xb4\x97D\x91\x1b\x17{\
C\xcb(\x85-\xd8\x05\xda\xf2:\x9cm\x9d\xd4m\xcb\
x\x09\x829b\x04\xa1\xe7\xf6\xc3\xc4\xf5\xf3(\xe4\xd3\
J\xff\xe7\xc8f\xee)\xa1U\x01q\xab,]]\x88\
\xd4|\x8dh\x05w\xa6\xdb\xa9\x13j\xf6Vd\x92\x99\
\x9a\xd21\x0f\x9a\x9b\x83\xaf?-6\x8d\x83\xdb?\x0c\
~\xfcg~\xd6{x)\xab\xa7\xd8q</\x050\
\x9e\x02\xfb\xc6f\xb1J\xa5\xa7\xcc 8\xf1w\xa0\xa8\
\xd3\xea\xc3\x86\x90\xe0\xf4\xb2\xb4[\x97.8\xf8\xe5\xea\
\xe0\xc7/\xc9#\xa7\x1e\x81\xc6\xeb\xb2N\xdd\x12\xd3h\
\x8cW\x15\x01\x1e\xcf \xe3d\xef\xffr}\xf8\xfa\xed\
&\x08W\xb2\x8d\x98[B4EZ\x82\xe5\x89\x11'\
|\xbc\x9e\xc1\x8dK\xc3\xef\xfe5N\x8f!b\xb2\x16\
F#\x97m\x1fS\x8f\x12bhBAr\x0f*j\
d\xbe\xdc\x03\xe8\xad\xc7\xea\xb3\x8a\xa2(t\xd9\xcaN\
\xca\xcaB\x80\xb5\xad\xad\xb0\xf8\xf0\xe3\xef\x87\xb7\xfe\xab\
Y,+\xb1\xa1}\x8bUA\x186>\xad\xa6\x17\x92\
 \xae\xd7\xc8\xafwH\xadA\x8aK\x91O\xff6\xfc\
\xe8\xda\xe1'\x17\x07\x97\xaf\xc9\x08W\xd4\xa5<\xf2>\
\x8coFqx\x06\xff\x04\xde\xf6R@C_\xb0\xce\
\x91\x8dZq\xf2\xaeA\xd3\xc8)k\x9b\xa5\xeb\xab\x8f\
\xde\xe8A\x03#\xcen6p\xbe\xd2\xb6?\x80+N\
\x14\x84G\xebRh\xee\xf2\xb1\xbdq\x9cK\x0b\xddv\
Ez4\xd3m\x9f\xb7q\x9c\x1e\xe7\x16\xa60[\x80\
\xdb\x09\xc3\xb35#\x01\x04x\xfeI\xf8\xf7'\xa5C\
%\xe3\x93\xe4\xc4\x89\xc0\xac\x97m\xda\x07bI\xb5\x11\
lju\x82\xba7\x00\xbdY\xed\xa0\x12\x95\x07\xdc\x84\
\x96\x07\xf6\xf2\xc4\x92\x13\x8c\x96\x8c\xbe\x10+\xdeAT\
\xd6\xf1\x1c\xda[x\x0c\xed\xf7\xe0\x1b\x1e\xf8\xb8-\x18\
\xcdiA\xabk)\x89\xed\xef\x04v\x1fp_\xe4\xf2\
5\xd0\x07\xdf\x9d\xa8W/\xa8\xb1^!\xa0#\xa6\xe1\
Ew/\xa0\x9e\xb4O\xb7\xaa\xe2\xe3b\xdf\xfd\x14\xcc\
x\xdb\x8d\xee\x9bL\xa0\xfaUE?\x9d\xc8\xd7\x98\xae\
\x7f\x0dRm\xa2~A\xf0\x00\xfa\x91O;\xd2\x19]\
\xb1B_\x0a\x07:7\x94\xe7\xc1\xa9\xf8\xa3\x9b\xa3\xb3\
5\x1e\xb0K\x7fv\x13\xfa\xf3\xc1O?U\xd4\xb4\x97\
1Fc\xbeZ\xf6h#;%\x162\xa1<\x1d\xb4\
$L\xdddj7\xb9\xe8%\xc5\x00-eB\xd3)\
\x89\xc6F7\x84\xb4M\x95U\xcb\x93dMf\x9c\xd8\
\xd7ZI\xd4Kb4$\x89q\x1cR8\xf04\xe5\
\xa3\x8f\x90\x88#\xdc\xc31._rZI\x1cS\xe1\
\xb6T\xf9\x08p\x1d\xca\x9b\xa3\xde\x91\xfd,wr\x12\
K\x83Z]<u\xf9\xe8b[\x0d\xa3m\x10\xd1\x05\
\xd4^i\x1f>\xeb\xc8\xe7\xa3\xbc\xc7\xfa\xd6\xa3\x8f\x80\
\xba\xb1\xd7MX*\x9e\x98\x9a\x98\x08\xb9\x019\x026\
!\x9d N\x9bd^^[\xf5\x5c\x0f\xce\xbdMr\
J\xce\xd1\x88\xe7(l\x7fvUSC\xc0\xb3\x89\xdf\
/:-\xea\xdd\x02@~\x8b\xa1=\x1e\xe1\x0b\x98S\
\x02\x14\x0560|\xf0\x83\x84*\x1e\xc9\xf0\x07=a\
\xbc\x91)\x01\xa3/g\xe5\xcd\x108\xe37J\xf1\x1b\
\xbc\
\x00\x00\x02K\
i\
mport QtQuick\x0d\x0a\x0d\
\x0a\x0d\x0aimport QtQuic\
k.Controls\x0d\x0aimpo\
rt QtQuick.Layou\
ts\x0d\x0a\x0d\x0aimport \x22..\
/../Api\x22 as Api\x0d\
\x0aimport \x22../../c\
ores\x22 as Cores\x0d\x0a\
import \x22../../co\
mponents/btns\x22 a\
s Btns\x0d\x0aimport \x22\
../../components\
/Card\x22\x0d\x0aimport \x22\
../../components\
/Base\x22 as Base\x0d\x0a\
import \x22../../da\
tas\x22 as Datas\x0d\x0ai\
mport \x22../Base\x22\x0d\
\x0a\x0d\x0a\x0d\x0aCardHead {\x0d\
\x0a  Layout.fillWi\
dth: true\x0d\x0a  Row\
Layout {\x0d\x0a    an\
chors.fill: pare\
nt\x0d\x0a    spacing:\
 4\x0d\x0a    Item{\x0d\x0a \
     width: 1\x0d\x0a \
     height: 1\x0d\x0a\
    }\x0d\x0a    Base.\
CardTitleLabel {\
\x0d\x0a      text: qs\
Tr(\x22\xe4\xbb\xbb\xe5\x8a\xa1\xe6\xb5\x81\xe7\xa8\x8b\
\x22)\x0d\x0a\x0d\x0a    }\x0d\x0a   \
 Item{\x0d\x0a      La\
yout.fillWidth: \
true\x0d\x0a      heig\
ht: 1\x0d\x0a    }\x0d\x0a  \
}\x0d\x0a}\x0d\x0a\x0d\x0a\x0d\x0a\
\x00\x00\x03\xf3\
\x00\
\x00\x0f\xb3x\xda\xd5W\xcdo\x1bE\x14\xbf\xef_\xf1\
\xb4\x87\xca\x16e\x91\xad\x0a\x85\x95\x22T\x5c\x10\x11m\
E\x13\x8b\x1c\xa0B\xe3\xdd\x17\xef(\xe3\x9d\xed\xccl\
\x1cSY\xa2\x87J\xd0;\x14\xa9'\xaeHTA*\
9\x10\xc1_\x83\x1d\xfa_0\xb3_\xde]\xdbk\xd3\
@$\xac\xc8\x9e\xf71\xef\xe37\xef\xbd\x99\xd0Q\xc4\
\x85\x82\x07\xeaAL\xbdc\x8bVH\xa7\xc7C%8\
\x93\xeb\xf8\xce=\xa2PP\xc2\xea\x0aw\xc9\x84\xc7J\
Z9\xdfv\x9cw\xf4\x9f\xc7\x05J\x1b\x88\x84\x9eY\
Y\xd6\x9e\xc2\x11<\xb6\x00\xa8\xef\x82\xe0\x5cYz-\
\xe90$\x0c\x04>\x8aQ\xaa\x1e\xf7\xf13\x8a\xe3V\
\xdb\xc8\x22\xc1#\x14j\x02'D\x80\x22\xf2\xd8\x84\x82\
\xa7\xca\x850f\xcch\x08$>\x0f\xd9\xa4\xaa*\x15\
\x19\xa2\x0b#m\x8c\xdd!\x8a\xacU46\xdd\xb2e\
\xb8q\xa3L:f\xfd\x11\x17\x9f\xe0\x04\xde_#h\
%\xde\x9cc\x9c\xb4\xc1\x85\xd6\xe3i{\xa5\xbb\x01\xe7\
\x0c\xc8\x09\xa1\x8c\x0c\x186:\x0d\x88\xeck\xb2\xe61\
\xe3\xb6\x0c\xcfx:\x22L\xe2zW\x86=it\x93\
\xc4\xbdo\xd4j\x9e\x16\x824\xb7-\xbc\xc9\x80\x8f\xcd\
\xd9\x1d\x8c\xa9\xf2\x02\x17\x0aL`ww\x17l<E\
/Vh\x9b#\xfb\x94\x84\x98T\x01\x00\x09\xbd\x80\x0b\
\xe9\x1cQ\xc6\x5c\x88\x88\xc0P%\x82\xbc\xd2\x1cdx\
B\x14\xe5\xa1\x0b\xb7\xb4dj\x0c\x04H\x87\x81\xae\x01\
\x8f\xb3x\x14\xa6\xc5\xe7\xe8\xd2c\xd4\xa3\xea\xe3D\x08\
o\xc1\x8eQ\xed\x95T2\x9f\xa6\xf6\xca;\x13\xe6\x98\
\xfa*\xc8#p\x12*\xe1\xcb\x88x4\x1c\xba\xf0\xae\
\x95\xd0\xfb|\x5c1\x06\x90\xb97\x19\x1c\xa6F\x94\x88\
1\x13\x16\xdbw\xac\x8c\xb3\x8f\x9e\x22\xe1\x90aa\xa0\
p\xde\xdd)8y\x86%\x96 >\x8d\xa5\x0b\x9d[\
\x05Kg\xc1\x85\x9b6\x97c\xbe\x0f\xd4\x84\xa1\x13\x09\
:\x22bb\x15zw\xc9\x00Y\xc9\xdf\x02wOg\
\x8bb/\xac`\x9f~\xd26;PB\xc7\xdf\xa2\xa1\
\x8f\xa7\x1a\xd3N\xbb\xa4\x91\xb9\xb7\xc7\x015'\xbb\x10\
\x1c\xe92r\x06\x9c\xf9\x15,\xcc\xe1\xe5\xbf\xd9b\xc5\
\xe9TP\xeb6\xe5\x90\x06\x98\xd6\x99\xa2\x8a\xe1rh\
ud\xcc\x96z\x9c\x11=Ev@\xbf\xd2\x1d\xd9\xd9\
\xd9*\x89-c\x92\xf1`\xcb\xb0F\xba3\xfc\x92\xda\
X\x90\xe8\x9e\xee%\x17\xfa\xa6\x1b\x0f\xb9\xf0\x0f5k\
=\x8e\xe9\x5c]S\x8a\x0b\xb5z\xbci\xb4\x22\x1b\x00\
\x8fd_\xb4\xec\xd9\xd9/\x97\x17?\xd9\xa6\xe3S\xc6\
\xe5\xcf\xdf\xce\xfexj\xb7\xebU\x97o\xab'#c\
\xcfC)a9\xcd1\x11\xa1>V\xab\x19\xe1\x22\xda\
\xbe\x1e+\x1f\xc4J\xf1\xb0\x14\xf2\x09\x954\x99\x9e\xd5\
ySK\xc9\xfe\x22\xeev\xde\xeb.j\x92\x87==\
\x1c\x8e1\xbbv\x9c\xe5\xcb\xa6\x8c\xec\xf4j\xbd\xde\xe9\
6\x03\x9e\xe2\xfa\xe7\xc5\xc5\xec\xd9\x8f\x97\xcf\xce\xe7_\
?YF\xb7\xa9D6\x9cg\xf3\xc0W\xb14E\xb5\
<\xf03Aq\xbb\xd8o\xdb\xf5\xa06Z\xee\x19\xbd\
\x95\xa6\x13Ia\xbb\xb9\x016\xd4\xc5\x95\x8a\xbd\x8c=\
\xec\xdd\xb9.\xe0\xcdz\xcf_\x01\xfcB\xd0\x04|\xc3\
\x1c\xdb*\xdf\xbf^\x9e\xcd~\xff\xee\xba\x92\x15\xa8\x1f\
~\xab\x92]\x08\xde8\xd9kk\xcf\xd7?\x9c\xcf_\
\xfez]\x90E\xfam\x87+\x10+\xf8o\x08\xd8\x06\
L\x96\xae\x9a\xfb\xbcr\xd1 \xa3\x85\xe8C\xb3\xde7\
\xcf\x92\x7fRy\xb3o^\xcc.~\x9b??\x7f\xfd\
\xfc\xd5\xbf\x0af\xabxI\xd7\xb0\x5cj=:J\x10\
l\xd7;/\xe3'\xc8\xde\x84\xcfmO\xdfh\xda\xfd\
\x97F`\xdf\x84\x9c\xeeg\xa4\xbe0b-%jA\
\xdcV\xf6\xc3\xff\xa8c\xe7/^\xcd\xbf?\xfb_\xe0\
\x16G~\x05\xb7\x8c\xceq;\xa2!\x95A\x81\x5cN\
\xdeN\xa8\xf4r(\xb6f\xd7\x90\xa1\x1e^q:T\
\xb3o\xec\x82\x8d\xdd\xe9\xa3\xd2\x98\xadh\xcf\x85`E\
\x7fnqVM\x0f\xbdi\xf2\xdf\xce\xd4\xfa\x1b\xb5\xc5\
\xd6\x90\
\x00\x00\x00h\
T\
askView 1.0 Task\
View.qml\x0aTaskBod\
y 1.0 TaskBody.q\
ml\x0aTaskHead 1.0 \
TaskHead.qml\x0aTas\
kItem 1.0 TaskIt\
em.qml\x0a\
\x00\x00\x03p\
i\
mport QtQuick\x0aim\
port QtQuick.Con\
trols\x0aimport \x22..\
/../cores\x22 as Co\
res\x0aimport \x22.\x22 a\
s Charts\x0a\x0a// \xe5\xa4\x8d\
\xe7\x94\xa8 LineChart\xef\xbc\x8c\
\xe8\xae\xbe\xe7\xbd\xae\xe9\xbb\x98\xe8\xae\xa4\xe6\xa0\xb7\xe5\
\xbc\x8f\xe4\xb8\x8e\xe5\xaf\xb9\xe5\xa4\x96 API\x0a\
GroupBox {\x0a  id:\
 root\x0a  // \xe5\xaf\xb9\xe5\xa4\
\x96\xe5\xb1\x9e\xe6\x80\xa7\xef\xbc\x88\xe8\xbd\xac\xe5\x8f\x91\
\xe7\xbb\x99\xe5\x86\x85\xe9\x83\xa8\xe9\x80\x9a\xe7\x94\xa8\xe5\
\x9b\xbe\xe8\xa1\xa8\xef\xbc\x89\x0a  prope\
rty var series: \
[]\x0a  property in\
t maxPoints: 240\
\x0a  property real\
 sampleIntervalS\
ec: 0.5\x0a  proper\
ty color lineCol\
or: Cores.CoreSt\
yle.accent\x0a  pro\
perty color grid\
Color: \x22#223\x22\x0a  \
property color a\
xisColor: Cores.\
CoreStyle.muted\x0a\
  property int y\
Decimals: 0\x0a  fu\
nction repaint()\
{ chart.repaint(\
) }\x0a\x0a  Charts.Li\
neChart {\x0a    id\
: chart\x0a    anch\
ors.fill: parent\
\x0a    title: qsTr\
(\x22\xe4\xb8\xbb\xe8\xbd\xb4\xe8\xbd\xac\xe9\x80\x9f (\
rpm)\x22)\x0a    serie\
s: root.series\x0a \
   maxPoints: ro\
ot.maxPoints\x0a   \
 sampleIntervalS\
ec: root.sampleI\
ntervalSec\x0a    l\
ineColor: root.l\
ineColor\x0a    gri\
dColor: root.gri\
dColor\x0a    axisC\
olor: root.axisC\
olor\x0a    yDecima\
ls: root.yDecima\
ls\x0a    emptyText\
: qsTr(\x22\xe6\x97\xa0\xe8\xbd\xac\xe9\x80\
\x9f\xe6\x95\xb0\xe6\x8d\xae\x22)\x0a  }\x0a}\
\x00\x00\x0bV\
i\
mport QtQuick\x0d\x0ai\
mport QtQuick.Co\
ntrols\x0d\x0aimport \x22\
../../cores\x22 as \
Cores\x0d\x0a\x0d\x0a// Gene\
ric line chart w\
ith grid, axes, \
time-based X lab\
els\x0d\x0aGroupBox {\x0d\
\x0a  id: root\x0d\x0a  p\
roperty var seri\
es: []\x0d\x0a  proper\
ty int maxPoints\
: 240\x0d\x0a  propert\
y real sampleInt\
ervalSec: 0.5\x0d\x0a \
 property color \
lineColor: Cores\
.CoreStyle.accen\
t\x0d\x0a  property co\
lor gridColor: \x22\
#223\x22\x0d\x0a  propert\
y color axisColo\
r: Cores.CoreSty\
le.muted\x0d\x0a  prop\
erty int yDecima\
ls: 0\x0d\x0a  propert\
y int xTicks: 4\x0d\
\x0a  property int \
yTicks: 4\x0d\x0a  pro\
perty string emp\
tyText: qsTr(\x22No\
 data\x22)\x0d\x0a\x0d\x0a  pad\
ding: 4\x0d\x0a  funct\
ion repaint(){ c\
hart.requestPain\
t() }\x0d\x0a\x0d\x0a  Canva\
s {\x0d\x0a    id: cha\
rt\x0d\x0a    anchors.\
fill: parent\x0d\x0a  \
  onPaint: {\x0d\x0a  \
    var ctx = ge\
tContext('2d')\x0d\x0a\
      ctx.clearR\
ect(0, 0, width,\
 height)\x0d\x0a      \
var data = root.\
series\x0d\x0a      if\
 (!Array.isArray\
(data))\x0d\x0a       \
 data = []\x0d\x0a    \
  if (data.lengt\
h === 0) {\x0d\x0a    \
    ctx.fillStyl\
e = Cores.CoreSt\
yle.muted\x0d\x0a     \
   ctx.font = '1\
2px sans-serif'\x0d\
\x0a        ctx.fil\
lText(root.empty\
Text, 8, 16)\x0d\x0a  \
      return\x0d\x0a  \
    }\x0d\x0a      var\
 n = Math.min(ro\
ot.maxPoints, da\
ta.length)\x0d\x0a    \
  var arr = data\
.slice(data.leng\
th - n)\x0d\x0a      v\
ar min = Math.mi\
n.apply(null, ar\
r)\x0d\x0a      var ma\
x = Math.max.app\
ly(null, arr)\x0d\x0a \
     if (min===m\
ax){ var pad = (\
min===0 ? 1 : Ma\
th.abs(min)*0.05\
); min -= pad; m\
ax += pad }\x0d\x0a   \
   // grid\x0d\x0a    \
  ctx.strokeStyl\
e = root.gridCol\
or\x0d\x0a      ctx.li\
neWidth = 1\x0d\x0a   \
   ctx.beginPath\
()\x0d\x0a      for (v\
ar i=0;i<=root.y\
Ticks;i++){\x0d\x0a   \
     var y = i *\
 (height/root.yT\
icks)\x0d\x0a        c\
tx.moveTo(0, y);\
 ctx.lineTo(widt\
h, y)\x0d\x0a      }\x0d\x0a\
      ctx.stroke\
()\x0d\x0a      // axe\
s + labels\x0d\x0a    \
  ctx.strokeStyl\
e = root.gridCol\
or\x0d\x0a      ctx.be\
ginPath(); ctx.m\
oveTo(0, height-\
0.5); ctx.lineTo\
(width, height-0\
.5); ctx.stroke(\
)\x0d\x0a      ctx.fil\
lStyle = root.ax\
isColor\x0d\x0a      c\
tx.font = '11px \
sans-serif'\x0d\x0a   \
   // Y labels\x0d\x0a\
      for (var y\
i=0; yi<=root.yT\
icks; yi++){\x0d\x0a  \
      var yy = y\
i * (height/root\
.yTicks)\x0d\x0a      \
  var v = max - \
yi*(max-min)/roo\
t.yTicks\x0d\x0a      \
  var txt = (roo\
t.yDecimals>0 ? \
v.toFixed(root.y\
Decimals) : Math\
.round(v).toStri\
ng())\x0d\x0a        c\
tx.fillText(txt,\
 4, Math.min(hei\
ght-2, Math.max(\
12, yy+2)))\x0d\x0a   \
   }\x0d\x0a      // X\
 time labels (ri\
ght=0s)\x0d\x0a      v\
ar totalSec = (n\
-1) * root.sampl\
eIntervalSec\x0d\x0a  \
    for (var xi=\
0; xi<=root.xTic\
ks; xi++){\x0d\x0a    \
    var xx = xi \
* (width/root.xT\
icks)\x0d\x0a        v\
ar tsec = totalS\
ec * (1 - xi/roo\
t.xTicks)\x0d\x0a     \
   var ttxt = (t\
sec<=0.05) ? '0s\
' : ('-' + tsec.\
toFixed(1) + 's'\
)\x0d\x0a        ctx.f\
illText(ttxt, Ma\
th.max(2, Math.m\
in(width-28, xx-\
10)), height-4)\x0d\
\x0a      }\x0d\x0a      \
// line\x0d\x0a      c\
tx.strokeStyle =\
 root.lineColor;\
 ctx.lineWidth =\
 1.5\x0d\x0a      ctx.\
beginPath()\x0d\x0a   \
   for (var j=0;\
j<arr.length;j++\
){\x0d\x0a        var \
x = j * (width/(\
n-1))\x0d\x0a        v\
ar yv = height -\
 (arr[j]-min)/(m\
ax-min) * height\
\x0d\x0a        if (j=\
==0) ctx.moveTo(\
x, yv); else ctx\
.lineTo(x, yv)\x0d\x0a\
      }\x0d\x0a      c\
tx.stroke()\x0d\x0a   \
 }\x0d\x0a    onWidthC\
hanged: requestP\
aint()\x0d\x0a    onHe\
ightChanged: req\
uestPaint()\x0d\x0a  }\
\x0d\x0a}\x0d\x0a\
\x00\x00\x18\xf8\
i\
mport QtQuick\x0aim\
port QtQuick.Con\
trols\x0aimport QtQ\
uick.Layouts\x0aimp\
ort \x22../../cores\
\x22 as Cores\x0aimpor\
t \x22../../compone\
nts/Base\x22 as Bas\
eComponents\x0a\x0a// \
Elevation area c\
hart with option\
al 2D/3D toggle\x0a\
GroupBox {\x0a  id:\
 root\x0a  title: q\
sTr(\x22Height Prof\
ile\x22)\x0a\x0a  propert\
y var points: []\
          // [{ \
s: Number, z: Nu\
mber }]\x0a  proper\
ty var cuts: [] \
           // [{\
 s: Number, z: N\
umber, amount: N\
umber }]\x0a  prope\
rty real base: 0\
.0          // b\
aseline depth (r\
eference plane)\x0a\
  property color\
 lineColor: Core\
s.CoreStyle.info\
\x0a  property colo\
r fillColor: \x22#2\
b77cf66\x22\x0a  prope\
rty color gridCo\
lor: \x22#223\x22\x0a  pr\
operty color axi\
sColor: Cores.Co\
reStyle.muted\x0a  \
property color c\
utColor: Cores.C\
oreStyle.danger\x0a\
  property int x\
Ticks: 4\x0a  prope\
rty int yTicks: \
4\x0a  property str\
ing emptyText: q\
sTr(\x22No path dat\
a\x22)\x0a  property i\
nt viewMode: 0  \
 // 0 = 2D, 1 = \
3D\x0a\x0a  padding: 4\
\x0a\x0a  function rep\
aint() {\x0a    if \
(chart && viewMo\
de === 0)\x0a      \
chart.requestPai\
nt()\x0a  }\x0a\x0a  Colu\
mnLayout {\x0a    a\
nchors.fill: par\
ent\x0a    spacing:\
 6\x0a\x0a    RowLayou\
t {\x0a      Layout\
.fillWidth: true\
\x0a      spacing: \
8\x0a      RowLayou\
t {\x0a        spac\
ing: 6\x0a        R\
epeater {\x0a      \
    model: [\x0a   \
         { label\
: qsTr(\x222D\x22), va\
lue: 0 },\x0a      \
      { label: q\
sTr(\x223D\x22), value\
: 1 }\x0a          \
]\x0a          dele\
gate: BaseCompon\
ents.ItemDelegat\
eBase {\x0a        \
    required pro\
perty var modelD\
ata\x0a            \
readonly propert\
y bool selected:\
 root.viewMode =\
== modelData.val\
ue\x0a            t\
ext: modelData.l\
abel\x0a           \
 onClicked: root\
.viewMode = mode\
lData.value\x0a\x0a   \
         backgro\
und: Rectangle {\
\x0a              a\
nchors.fill: par\
ent\x0a            \
  radius: 10\x0a   \
           color\
: selected ? Cor\
es.CoreStyle.acc\
ent : (parent.ho\
vered ? Qt.light\
er(Cores.CoreSty\
le.surface, 1.1)\
 : \x22transparent\x22\
)\x0a              \
border.width: 1\x0a\
              bo\
rder.color: sele\
cted ? Cores.Cor\
eStyle.accent : \
(parent.hovered \
? Qt.lighter(Cor\
es.CoreStyle.acc\
ent, 1.2) : Core\
s.CoreStyle.bord\
er)\x0a            \
  opacity: selec\
ted ? 0.3 : 1.0\x0a\
            }\x0a\x0a \
           conte\
ntItem: Label {\x0a\
              te\
xt: parent.text\x0a\
              fo\
nt.bold: selecte\
d\x0a              \
color: selected \
? Cores.CoreStyl\
e.text : (parent\
.hovered ? Cores\
.CoreStyle.accen\
t : Cores.CoreSt\
yle.muted)\x0a     \
         horizon\
talAlignment: Te\
xt.AlignHCenter\x0a\
              ve\
rticalAlignment:\
 Text.AlignVCent\
er\x0a             \
 padding: 4\x0a    \
        }\x0a      \
    }\x0a        }\x0a\
      }\x0a    }\x0a\x0a \
   Frame {\x0a     \
 Layout.fillWidt\
h: true\x0a      La\
yout.fillHeight:\
 true\x0a      padd\
ing: 8\x0a      cli\
p: true\x0a\x0a      C\
anvas {\x0a        \
id: chart\x0a      \
  anchors.fill: \
parent\x0a        v\
isible: root.vie\
wMode === 0\x0a    \
    onPaint: {\x0a \
         var ctx\
 = getContext('2\
d')\x0a          ct\
x.clearRect(0, 0\
, width, height)\
\x0a          var p\
ts = (root.point\
s && root.points\
.length) ? root.\
points : []\x0a    \
      if (pts.le\
ngth < 2){\x0a     \
       ctx.fillS\
tyle = Cores.Cor\
eStyle.muted\x0a   \
         ctx.fon\
t = '12px sans-s\
erif'\x0a          \
  ctx.fillText(r\
oot.emptyText, 8\
, 16)\x0a          \
  return\x0a       \
   }\x0a          v\
ar sMin = pts[0]\
.s, sMax = pts[p\
ts.length-1].s\x0a \
         for (va\
r i=0;i<pts.leng\
th;i++){ if (pts\
[i].s < sMin) sM\
in = pts[i].s; i\
f (pts[i].s > sM\
ax) sMax = pts[i\
].s }\x0a          \
var zMin = pts[0\
].z, zMax = pts[\
0].z\x0a          f\
or (var j=0;j<pt\
s.length;j++){ i\
f (pts[j].z < zM\
in) zMin = pts[j\
].z; if (pts[j].\
z > zMax) zMax =\
 pts[j].z }\x0a    \
      zMin = Mat\
h.min(zMin, root\
.base)\x0a         \
 zMax = Math.max\
(zMax, root.base\
)\x0a          if (\
zMin===zMax){ va\
r pad = (zMin===\
0 ? 1 : Math.abs\
(zMin)*0.05); zM\
in -= pad; zMax \
+= pad }\x0a       \
   var sRange = \
Math.max(1e-6, s\
Max - sMin)\x0a    \
      var zRange\
 = Math.max(1e-6\
, zMax - zMin)\x0a\x0a\
          functi\
on mapX(s){ retu\
rn (s - sMin) / \
sRange * (width-\
1) }\x0a          f\
unction mapY(z){\
 return height -\
 (z - zMin) / zR\
ange * (height-1\
) }\x0a\x0a          c\
tx.strokeStyle =\
 root.gridColor;\
 ctx.lineWidth =\
 1\x0a          ctx\
.beginPath()\x0a   \
       for (var \
yi=0; yi<=root.y\
Ticks; yi++){ va\
r y = yi * (heig\
ht/root.yTicks);\
 ctx.moveTo(0,y)\
; ctx.lineTo(wid\
th,y) }\x0a        \
  ctx.stroke()\x0a\x0a\
          ctx.fi\
llStyle = root.a\
xisColor; ctx.fo\
nt = '11px sans-\
serif'\x0a         \
 for (var xi=0; \
xi<=root.xTicks;\
 xi++){\x0a        \
    var sTick = \
sMin + xi/root.x\
Ticks * sRange\x0a \
           var x\
 = xi * (width/r\
oot.xTicks)\x0a    \
        var ttxt\
 = sTick.toFixed\
(1)\x0a            \
ctx.fillText(ttx\
t, Math.max(2, M\
ath.min(width-28\
, x-8)), height-\
4)\x0a          }\x0a \
         for (va\
r yi2=0; yi2<=ro\
ot.yTicks; yi2++\
){\x0a            v\
ar zTick = zMin \
+ (root.yTicks-y\
i2)/root.yTicks \
* zRange\x0a       \
     var y2 = yi\
2 * (height/root\
.yTicks)\x0a       \
     ctx.fillTex\
t(zTick.toFixed(\
2), 2, Math.min(\
height-2, Math.m\
ax(12, y2+2)))\x0a \
         }\x0a\x0a    \
      ctx.beginP\
ath()\x0a          \
var x0 = mapX(pt\
s[0].s), y0 = ma\
pY(pts[0].z)\x0a   \
       ctx.moveT\
o(x0, y0)\x0a      \
    for (var k=1\
;k<pts.length;k+\
+){\x0a            \
ctx.lineTo(mapX(\
pts[k].s), mapY(\
pts[k].z))\x0a     \
     }\x0a         \
 ctx.lineTo(mapX\
(pts[pts.length-\
1].s), mapY(root\
.base))\x0a        \
  ctx.lineTo(map\
X(pts[0].s), map\
Y(root.base))\x0a  \
        ctx.clos\
ePath()\x0a        \
  ctx.fillStyle \
= root.fillColor\
\x0a          ctx.f\
ill()\x0a\x0a         \
 ctx.strokeStyle\
 = root.lineColo\
r; ctx.lineWidth\
 = 1.5\x0a         \
 ctx.beginPath()\
; ctx.moveTo(x0,\
 y0)\x0a          f\
or (var k2=1;k2<\
pts.length;k2++)\
 ctx.lineTo(mapX\
(pts[k2].s), map\
Y(pts[k2].z))\x0a  \
        ctx.stro\
ke()\x0a\x0a          \
if (root.cuts &&\
 root.cuts.lengt\
h){\x0a            \
ctx.strokeStyle \
= root.cutColor;\
 ctx.fillStyle =\
 root.cutColor; \
ctx.lineWidth = \
1\x0a            fo\
r (var c=0;c<roo\
t.cuts.length;c+\
+){\x0a            \
  var cs = mapX(\
root.cuts[c].s)\x0a\
              va\
r cutZ = root.cu\
ts[c].z\x0a        \
      if (cutZ =\
== undefined)\x0a  \
              cu\
tZ = root.base\x0a \
             if \
(cutZ === null)\x0a\
                \
cutZ = root.base\
\x0a              v\
ar cz = mapY(cut\
Z)\x0a             \
 ctx.beginPath()\
; ctx.moveTo(cs,\
 height); ctx.li\
neTo(cs, Math.ma\
x(0, cz-6)); ctx\
.stroke()\x0a      \
        ctx.begi\
nPath(); ctx.mov\
eTo(cs-3, cz-6);\
 ctx.lineTo(cs+3\
, cz-6); ctx.lin\
eTo(cs, cz-12); \
ctx.closePath();\
 ctx.fill()\x0a    \
        }\x0a      \
    }\x0a        }\x0a\
        onWidthC\
hanged: requestP\
aint()\x0a        o\
nHeightChanged: \
requestPaint()\x0a \
     }\x0a\x0a      Re\
ctangle {\x0a      \
  anchors.fill: \
parent\x0a        r\
adius: 4\x0a       \
 color: Cores.Co\
reStyle.surface\x0a\
        border.c\
olor: Cores.Core\
Style.border\x0a   \
     visible: ro\
ot.viewMode === \
1\x0a\x0a        Label\
 {\x0a          anc\
hors.centerIn: p\
arent\x0a          \
color: Cores.Cor\
eStyle.muted\x0a   \
       text: qsT\
r(\x223D view comin\
g soon\x22)\x0a       \
 }\x0a      }\x0a    }\
\x0a  }\x0a}\x0a\
\x00\x00\x03A\
i\
mport QtQuick\x0aim\
port QtQuick.Con\
trols\x0aimport \x22..\
/../cores\x22 as Co\
res\x0aimport \x22.\x22 a\
s Charts\x0a\x0a// \xe5\xa4\x8d\
\xe7\x94\xa8 LineChart\xef\xbc\x8c\
\xe8\xae\xbe\xe7\xbd\xae\xe9\xbb\x98\xe8\xae\xa4\xe6\xa0\xb7\xe5\
\xbc\x8f\xe4\xb8\x8e\xe5\xaf\xb9\xe5\xa4\x96 API\x0a\
GroupBox {\x0a  id:\
 root\x0a  property\
 var series: []\x0a\
  property int m\
axPoints: 240\x0a  \
property real sa\
mpleIntervalSec:\
 0.5\x0a  property \
color lineColor:\
 Cores.CoreStyle\
.info\x0a  property\
 color gridColor\
: \x22#223\x22\x0a  prope\
rty color axisCo\
lor: Cores.CoreS\
tyle.muted\x0a  pro\
perty int yDecim\
als: 2\x0a  functio\
n repaint(){ cha\
rt.repaint() }\x0a\x0a\
  Charts.LineCha\
rt {\x0a    id: cha\
rt\x0a    anchors.f\
ill: parent\x0a    \
title: qsTr(\x22\xe4\xb8\xbb\
\xe8\xbd\xb4\xe6\x89\xad\xe7\x9f\xa9 (N*m)\x22\
)\x0a    series: ro\
ot.series\x0a    ma\
xPoints: root.ma\
xPoints\x0a    samp\
leIntervalSec: r\
oot.sampleInterv\
alSec\x0a    lineCo\
lor: root.lineCo\
lor\x0a    gridColo\
r: root.gridColo\
r\x0a    axisColor:\
 root.axisColor\x0a\
    yDecimals: r\
oot.yDecimals\x0a  \
  emptyText: qsT\
r(\x22\xe6\x97\xa0\xe6\x89\xad\xe7\x9f\xa9\xe6\x95\xb0\xe6\
\x8d\xae\x22)\x0a  }\x0a}\x0d\x0a\x0d\x0a\x0d\x0a\
\
\x00\x00\x07\x83\
i\
mport QtQuick\x0d\x0ai\
mport QtQuick.Co\
ntrols\x0d\x0aimport Q\
tQuick.Layouts\x0d\x0a\
import \x22head\x22\x0d\x0ai\
mport \x22../../Api\
\x22 as Api\x0d\x0aimport\
 \x22../Base\x22\x0d\x0aimpo\
rt \x22../../cores\x22\
 as Cores\x0d\x0aimpor\
t \x22../../datas\x22 \
as Datas\x0d\x0aimport\
 \x22../../componen\
ts/btns\x22 as Btns\
\x0d\x0aimport \x22view2d\
\x22\x0d\x0aimport \x22view3\
d\x22\x0d\x0aBaseCard {\x0d\x0a\
  id: root\x0d\x0a\x0d\x0a\x0d\x0a\
  property int r\
efreshMs: 150\x0d\x0a \
 property var pa\
thPoints: Cores.\
CoreCutting.disp\
layImagePath || \
[]\x0d\x0a  readonly p\
roperty int maxP\
ath: 2000\x0d\x0a  pro\
perty url meshSo\
urce3d: Cores.Co\
reState.current3\
dModelSource\x0d\x0a  \
property real im\
ageWidthPx: Core\
s.CoreDataView.i\
mageWidth\x0d\x0a  pro\
perty real image\
HeightPx: Cores.\
CoreDataView.ima\
geHeight\x0d\x0a  prop\
erty real pixelS\
izeMm: (Cores.Co\
reDataView.image\
Width > 0) ? Cor\
es.CoreDataView.\
worldWidth / Cor\
es.CoreDataView.\
imageWidth : 0\x0d\x0a\
  property var t\
oolWorldPosition\
: ({})\x0d\x0a  proper\
ty int fixtureCo\
lumns: 4\x0d\x0a  prop\
erty int fixture\
Rows: 4\x0d\x0a  prope\
rty real fixture\
SizeMm: 8\x0d\x0a  pro\
perty real fixtu\
reMarginMm: 6\x0d\x0a \
 property var ca\
librationFixture\
s: Datas.Cutting\
Datas.fixtures\x0d\x0a\
  property var i\
mageDataCore: Co\
res.CoreDataView\
\x0d\x0a  implicitHeig\
ht: col.implicit\
Height + 16\x0d\x0a\x0d\x0a \
 ColumnLayout {\x0d\
\x0a    id:col\x0d\x0a   \
 anchors.fill: p\
arent\x0d\x0a    ancho\
rs.margins: 8\x0d\x0a \
   spacing: 6\x0d\x0a \
   ViewHead{}\x0d\x0a \
   StackLayout{\x0d\
\x0a      id: viewS\
tack\x0d\x0a      Layo\
ut.fillWidth: tr\
ue\x0d\x0a      Layout\
.fillHeight: tru\
e\x0d\x0a      current\
Index: Cores.Cor\
eState.realViewI\
ndex\x0d\x0a      View\
2D{\x0d\x0a        ima\
geWidth: root.im\
ageWidthPx\x0d\x0a    \
    imageHeight:\
 root.imageHeigh\
tPx\x0d\x0a        pix\
elSizeMm: root.p\
ixelSizeMm\x0d\x0a    \
    pathPoints: \
root.pathPoints\x0d\
\x0a        toolWor\
ldPosition: root\
.toolWorldPositi\
on\x0d\x0a        fixt\
ureColumns: root\
.fixtureColumns\x0d\
\x0a        fixture\
Rows: root.fixtu\
reRows\x0d\x0a        \
fixtureSizeMm: r\
oot.fixtureSizeM\
m\x0d\x0a        fixtu\
reMarginMm: root\
.fixtureMarginMm\
\x0d\x0a        fixtur\
es: root.calibra\
tionFixtures\x0d\x0a  \
      calibratio\
nCore: root.imag\
eDataCore\x0d\x0a     \
 }\x0d\x0a      View3D\
{\x0d\x0a        meshS\
ource: root.mesh\
Source3d\x0d\x0a      \
}\x0d\x0a    }\x0d\x0a  }\x0d\x0a}\
\x0d\x0a\
\x00\x00\x02\x81\
i\
mport QtQuick\x0aim\
port QtQuick.Con\
trols\x0aimport QtQ\
uick.Layouts\x0a\x0aim\
port \x22../../../c\
omponents/Base\x22\x0a\
import \x22../../..\
/cores\x22 as Cores\
\x0a\x0aRow {\x0a  spacin\
g: 8\x0a\x0a  CheckDel\
egateBase {\x0a    \
text: qsTr(\x22\xe7\xb2\x92\xe5\
\xad\x90\x22)\x0a    checked\
: Cores.CoreStat\
e.showParticleMa\
sk\x0a    onToggled\
: Cores.CoreStat\
e.showParticleMa\
sk = checked\x0a  }\
\x0a\x0a  CheckDelegat\
eBase {\x0a    text\
: qsTr(\x22\xe8\xb7\xaf\xe5\xbe\x84\x22)\
\x0a    checked: Co\
res.CoreState.sh\
owPathOverlay\x0a  \
  onToggled: Cor\
es.CoreState.sho\
wPathOverlay = c\
hecked\x0a  }\x0a\x0a  Ch\
eckDelegateBase \
{\x0a    text: qsTr\
(\x22\xe5\x8e\x9f\xe5\x9b\xbe\x22)\x0a    v\
isible: false\x0a  \
  checked: Cores\
.CoreState.showO\
riginalSource\x0a  \
  onToggled: Cor\
es.CoreState.sho\
wOriginalSource \
= checked\x0a  }\x0a}\x0a\
\
\x00\x00\x02\xfb\
i\
mport QtQuick\x0d\x0ai\
mport QtQuick.Co\
ntrols\x0d\x0aimport Q\
tQuick.Layouts\x0d\x0a\
\x0d\x0a\x0d\x0aimport \x22../.\
./Base\x22\x0d\x0aimport \
\x22../../../cores\x22\
 as Cores\x0d\x0aimpor\
t \x22../../../comp\
onents/Base\x22 as \
Base\x0d\x0a\x0d\x0aBaseHead\
 {\x0d\x0a\x0d\x0a    RowLay\
out{\x0d\x0a        an\
chors.fill: pare\
nt\x0d\x0a\x0d\x0a        Ba\
se.ComboBoxBase{\
\x0d\x0a            mo\
del: Cores.CoreU\
I.allImageType\x0d\x0a\
            visi\
ble: Cores.CoreS\
tate.realViewNam\
e==\x222D\x22\x0d\x0a       \
     onCurrentIn\
dexChanged: Core\
s.CoreState.curr\
ent2DShowIndex =\
 currentIndex\x0d\x0a \
       }\x0d\x0a      \
  MaskSelect{\x0d\x0a \
           visib\
le: Cores.CoreSt\
ate.realViewName\
==\x222D\x22\x0d\x0a        \
}\x0d\x0a        Item \
{ Layout.fillWid\
th: true }\x0d\x0a    \
    Label { text\
: qsTr(\x22\xe8\xa7\x86\xe5\x9b\xbe\x22)\
; color: Cores.C\
oreStyle.text; f\
ont.pixelSize: 1\
4 }\x0d\x0a        Ite\
m { Layout.fillW\
idth: true }\x0d\x0a  \
      ViewChiose\
{\x0d\x0a        }\x0d\x0a  \
  }\x0d\x0a}\x0d\x0a\x0d\x0a\
\x00\x00\x053\
i\
mport QtQuick\x0aim\
port QtQuick.Con\
trols\x0aimport QtQ\
uick.Controls.Ma\
terial\x0a\x0aimport \x22\
../../../cores\x22 \
as Cores\x0aimport \
\x22../../../compon\
ents/Base\x22\x0a\x0aItem\
DelegateBase {\x0a \
 id: root\x0a\x0a  pro\
perty bool selec\
ted: Cores.CoreS\
tate.realViewInd\
ex === index\x0a\x0a  \
padding: 10\x0a  im\
plicitWidth: Mat\
h.max(contentIte\
m.implicitWidth \
+ padding * 2, 9\
6)\x0a\x0a  onClicked:\
 Cores.CoreState\
.realViewIndex =\
 index\x0a\x0a  backgr\
ound: Rectangle \
{\x0a    anchors.fi\
ll: parent\x0a    r\
adius: 10\x0a    co\
lor: root.select\
ed ? Cores.CoreS\
tyle.accent :\x0a  \
         (root.h\
overed ? Qt.ligh\
ter(Cores.CoreSt\
yle.surface, 1.1\
) : \x22transparent\
\x22)\x0a    opacity: \
root.selected ? \
0.28 : (root.hov\
ered ? 0.6 : 1.0\
)\x0a    border.wid\
th: 1\x0a    border\
.color: root.sel\
ected ? Cores.Co\
reStyle.accent :\
\x0a               \
     (root.hover\
ed ? Qt.lighter(\
Cores.CoreStyle.\
accent, 1.3) : C\
ores.CoreStyle.b\
order)\x0a    Behav\
ior on color { C\
olorAnimation { \
duration: 140 } \
}\x0a    Behavior o\
n opacity { Numb\
erAnimation { du\
ration: 140 } }\x0a\
    Behavior on \
border.color { C\
olorAnimation { \
duration: 140 } \
}\x0a  }\x0a\x0a  content\
Item: Label {\x0a  \
  text: root.tex\
t\x0a    font.bold:\
 root.selected\x0a \
   color: root.s\
elected ? Cores.\
CoreStyle.text :\
\x0a             (r\
oot.hovered ? Co\
res.CoreStyle.ac\
cent : Cores.Cor\
eStyle.muted)\x0a  \
  horizontalAlig\
nment: Text.Alig\
nHCenter\x0a    ver\
ticalAlignment: \
Text.AlignVCente\
r\x0a    wrapMode: \
Text.NoWrap\x0a  }\x0a\
}\x0a\
\x00\x00\x01\x1a\
i\
mport QtQuick\x0d\x0ai\
mport QtQuick.Co\
ntrols.Material\x0d\
\x0aimport \x22../../.\
./cores\x22 as Core\
s\x0d\x0aimport \x22../..\
/../components/B\
ase\x22 as Base\x0d\x0aRo\
w{\x0d\x0a    spacing:\
 5\x0d\x0a    Repeater\
{\x0d\x0a        model\
: Cores.CoreUI.d\
ataViewModels\x0d\x0a \
       ViewChios\
eItem{\x0d\x0a        \
    text:modelDa\
ta\x0d\x0a        }\x0d\x0a \
   }\x0d\x0a}\x0d\x0a\
\x00\x00\x03\x0f\
i\
mport QtQuick\x0a\x0aI\
tem {\x0a  id: mask\
Layer\x0a\x0a  propert\
y url source: \x22\x22\
\x0a  property bool\
 visibleMask: fa\
lse\x0a  property r\
eal maskOpacity:\
 0.7\x0a  property \
int fillMode: Im\
age.Stretch\x0a  pr\
operty bool smoo\
th: true\x0a  prope\
rty bool asynchr\
onous: true\x0a  pr\
operty bool cach\
e: false\x0a\x0a  impl\
icitWidth: maskI\
mage.implicitWid\
th\x0a  implicitHei\
ght: maskImage.i\
mplicitHeight\x0a  \
width: implicitW\
idth\x0a  height: i\
mplicitHeight\x0a\x0a \
 visible: maskIm\
age.visible\x0a\x0a  I\
mage {\x0a    id: m\
askImage\x0a    anc\
hors.fill: paren\
t\x0a    source: ma\
skLayer.source\x0a \
   fillMode: mas\
kLayer.fillMode\x0a\
    smooth: mask\
Layer.smooth\x0a   \
 asynchronous: m\
askLayer.asynchr\
onous\x0a    cache:\
 maskLayer.cache\
\x0a    opacity: ma\
skLayer.maskOpac\
ity\x0a    visible:\
 maskLayer.visib\
leMask && source\
 !== \x22\x22\x0a    laye\
r.enabled: true\x0a\
    layer.smooth\
: true\x0a\x0a  }\x0a}\x0a\
\x00\x00\x11\xed\
\x00\
\x00O\x19x\xda\xd5<]\x8f\x1b\xc7\x91\xef\x06\xfc\x1f\
\xc64.!W\xdcYr%\xcb6\xe3\x95 \xaf\xed\
H\x80\xd6Zk\xd7\xb1\x18C0f\xc9&9\xd0p\
f<3\xd4\x92\xb6\x17\xb0\x938\x09\xee|g?\xdc\
!\x0fI\xee\xec A\xee%\x17\x048\xc4\x8e\x13$\
?&Z\xd9\xf7t\x7f\xe1\xaa\xba{z\xaa?\x86\xe4\
*\x92\x0e\x11\x04\x91\xec\xae\xaa\xae\xae\xae\xaa\xae\xae\xae\
V8M\x93\xac\xf0^+^\x9b\x85\x83;O>\x11\
j\xbf\xfd\xdd$.\xb2$\xca\xad\x8e\xeb\xc1\x22\x99\x15\
\xd0\xaez\x1a\xbe\xbf%\xfe^I\xc3\x86\x17\xe4\x1e|\
:z\x07I\xc6r\xde\xbf\x8b\xdf\x1c\x10\xc3\xa0\x08\x04\
\xc4K\xf8\x8d@\xf0F\x18\x9ae|\xe4\xad\x0d\xef\xde\
\x97\x1f}\xf5\xc7\xff>\xfd\xe9\x9fO\xbf\xff\xf1\xd7\xbf\
\xfe!|y\xf2\x09o\xc3;\xfd\xdd\xbf}\xf5\xcb/\
O\xff\xf1\xd3\xd3\xcf\x7fu\xfa\xd1\x97\xa7\xff\xf5\xef\xf7\
\x7f\xf2\xfb\xaf\xfe\xf5\x8f\xff\xf3\xf3_\xfc\xef\x9f>:\
\xfd\xc3\xefO?\xfe\x14{\x7f\xf9\x87\xd3\x0f?\xff\xeb\
\xfb\x1f\x9c\xfe\xf8}\xf8r\xef\x8b\x7f9\xfd\xf9'\xf7\
?\xfd\xd1\xfd\x8f?\x01\xf4{\x7f\xf9\xec\xfe\x07\xbf\xfd\
\xeb\xfb\xdfC\x92[O>q\xad`S\xef]\xf8\xe1\
\x85\xc3\x9ew7d\xc7\xf8]H\xc2\x1f\x85Q\xf4F\
8,&=\xaf\xc8f\xcc\xe8\xb9\xca\xc2\xf1\xa4(\xbb\
\xb03\xcd\x92\x94e\xc5\xc2\xcbX\x10y\xe14\x183\
\x89~\xf1B\xa7\x06\xa0\xa4r\xfe\xa2\x03\x22\x0d\xe7,\
:\x08\xdfa{\xd3\x9e\xd7\xf1\xb75\x88\xbbA\xe6\xa5\
A1\xd9O\xc2\xb8\xc8{\xde\x9b\xb7\xad\xee\x22I\xa2\
7\x92,\x1a\xee'yX\x84I\xdc\xf3\x9a\xef\x9e\xb4\
48@\xf6F\xe1\xbc\x98el7\x89f\xd3\x18H\
]\xa8\x83\xb8\x99\x1c[\xdd\x9cS\xd9_\xf2\xfa\x5c-\
\xc4^\x90\x8d\xc3\x18a.Z\xecJ\x10\xf7\x5c\x06A\
\x14\x1ee\x01\xce\x02\x95\xac'T\xcd\xc7\x7fQ\xa5\xbe\
#\x97N\xe3:c\xa0\x99\xc3k\xb0\xb2\x5c\xeb\xfc\xc3\
 \xbf#\xbeEA\xc1\xf2\xe2\xa6\xec\xd7\x10\x8f@h\
^\x1eNg\x08seP\x84wa\xb0Q\x10\xe5\xcc\
\xa2_B]\x8b\x87l\xde\xf36\xbbK \x0a\x96\xdd\
\x0d\xa2=\x98\xdcs\x1d\xa1. \x96a\x12G\x0bK\
P\xc5\x01L\x16\x06\xe5z\x09\x9a9\xf2\x9a\x952y\
/\xecx\x1d\xef\xbd\xf7\xa8\xfa\xa8\xb6c\x0dbRu\
\xb6\x04)\x1c\x14D\x1c{]\xf1\x1b\x05\x9b\xe3`o\
x;\x12y\x8b(\xae\x01t\x15\x80$\xcd-:|\
\x05\x06+2\x8b\x0a\x00\xdb\x03\xc5\xf4\xa7a\xdc\x14\xd4\
\xdb\x92\x80dC2!\xa1/\x01\xb7\x97\xcb\x1f=\xc1\
\xda\xc9\x12\x01\x0d\xc3<\x8d\x82\x854-\x22\x19A\x88\
4l(a\x02\xdd\xcej\x92\xa51R\xd1\x12\xa2\xb2\
em\xaa|\xce\xb7z\x0a|\x15h\x9f\x82\xda\x16\xf4\
N\x92\x80\xd9t}\x87\xa3\x00I\x7f\x97\xf7v\xfcg\
\x1c\xbd\xc1\x5c\xf4^0pSt\x1d\xe0D\xe2\x1b\xa3\
Q\xce`\xe2\xaf\x15>okv\xdaRg\x0c\xd8\xb7\
\x86Y0\xbe\x1e\xe4\x05x\x94\xa5\xe0|\xe0\xb7\xd20\
\x1eL\x0e\x8a +\xbe\xebd^\x12\xad\xc0\xf6\x83\xd8\
&\xeb@\x99$wY\xb6\x8f\xee\x91\x80ov\xdb`\
\x83\xad:p\xee\x09\x972\xcdM\x9f\xc3~\x07\xbc\xcd\
\xd0e\xf6\xc2;L\x92\xe3\xdd`\xca\xb2\xe0\xca\x1c\xdd\
U\xb5\x05\x8cf\xf1\x00]\x94w\x8c\x83\x1d&\x9c\xc5\
\xe6\xb1\xf0\xc10h\x8b\x1a\xf5SU;7^\xf5\xcb\
\x9f{;;;\xde\x0c\xdc\xca(\x8c\xd9\xd0\xe8]\xe8\
\xbd\xa6m\xbb\xe4!\x064|\xa8\xf7\x8do\x98n\xd5\
\x97|_C}\xf7\x9e\xd2\x86)Y\x17\xa6>\x0d\xd2\
\x148\xdbYJ\x81\xce\xbc\x8eKA\xc8\x9f\xb7%I\
\x7f!AO*\xc6\xc9F\xe8tg\xee)\x9b\x9d\x9a\
\x80\xb7\xe8\xee\xda\xd6\xc5\xab\xf5\xb5\xa4?\xd2\x96\x17\xbc\
\x15+\xae\xa2\xa64\x95\x5cP*a|\x175\x87/\
;\xc8\xc6\xcdW\xa5\xbc\x00B1H7WVJA\
i\xabG4\x14\x00\x94\x8az\x8e\x1d\xd1\x1fD,\xc8\
vgY\x9e\x00\xa3\x02j\x90\xc0\x9e\x17\xc6\xb0)\xf1\
\xa8\xcb\xcf\xd8\xdb3\xd8\x0b_O!FcM\xe7l\
g\xbcOL7J`\xc1o\xb5=\xfe\xd9W\x93w\
\x8c\x8d\xd1\x94%\x08\x03\xbdZb\xe1,\xd5\xde%\x1c\
\xa2X\xecJ\xf1\xa8\xd8u\x15\xd0T\x86\x87F`C\
b\x94[\xb0\x9e\x82:\xe9]\x94\xbd\xfd\xb2\xb7O\xd4\
m\xee\xbd \xd8\x00\xb8\xf2\xdb\x1c\xb6\x02\xb2\xb7\x88\xce\
Ktgx@FQD\xc2\x09\x109\xa5`\x0f\xe9\
\xc2\xa50\x15|E\xa3\xd2\xde3\x19;\xe7\xfd0\x11\
\xba\xf6\x94\xd3\xa7\x10\x17\xb5\xb3\x14\xbf\xf9\xae\x07!\x10\
\xb2\xbd\xe8\xa1dN$\x09\xa6\xd4\xd3 &\xe1a;\
\xd5\x0cQ`k\x8dTZ\x15\x89\xd74yQ\xdb\xd6\
\xad\xb9\xe5\xb0*J\xc5aSe\xb4\xefTkXX\
iP\xd5J\xb45\x8amN\xe0\xc1\xcd\xed\xadA\x14\
LS\xdc1\x9b\xe0\x1b\x80\x12\xf50\x83 \x1e\x86\x88\
\x0b|\xf2^\xb2\x9f\x84\xf9+a\x1c\x02Y\x05\xd4B\
=\xadP4\xdfI)u5\x8f\xa9\xa27\x199\xb4\
eK0o\xcaH\xa3]a\xb7j\xe6\x00\xc7L\x16\
\x17W\x83h\xc4\x0d\xa6\xa9m}4\x86S6\x8f\x01\
\x8e\xd3\xbdw4\xee4\xdc\x0d\x81\xb5\xe5m\xaf\xe2B\
\xd8\xa8\x93\x0d#\x8a>\x1b\x1f**\x5c\xce\x08.)\
D7\xcd\xd4\x0a\x03\xd6\x0e\xda]{\x81\xd8\x8a\xe7\xb7\
T\xcc\x0dk\x04\xdd.\xf1o\xaa\x08\x7f[G\xee/\
AVR\xdb\xacB\x7f\x8a\xce\xe7\xc5\x86\xda\xf8\x9b\xc8\
P[\xd3\x22\xf8\x99\x0a\xe3l\xd9\xc8}\x13\xb9\xaf#\
\xf7K\xe4E\xabfg/\xb9h+\x92n\xa5\x14\x1b\
\x99\xbd\x0c\x84\x19\xe0\xc5\x5c,\xe2S\x05\x0c\x84\x0f\xe8\
-U\xe0\x0c\xbf\xd1\xccd\xe7\xc2\xe8\x5c\x90}A\xb5\
\xa27\x15\xf0e\x17\xd2/\x16)KF\xa6\xcf\xe0\xf4\
\x1a\xca77\x94^\xac\xe5]\x0c\xda\x982\xd8\x0d \
\xe8\xc8\x97\x90\xad\x80J\x8a\xfb\x01\xcaY\x81\xbc\x95\xb1\
\x11x\xc6\x89\xb6\xc5\x9d8e\x0eA]\xb4\x00a\xbe\
\xc4\xa2\x22h\x0e\xc1;\x0f\x17\x9a\xfe\x97\xe6\x06\x87\x03\
\x22)\xbe\x0f\x13\x01#\xb3b#\xae\x04+\x1a\x09\xdf\
d\x81ucY\xb6\x09\xbb\x90\xe8\xc8\xe7<d\x9a\x0e\
{\x0e\xa7\xe0\xd60\x00\xe0\x8e\x1b\x0e3c\xf1\xb5\xed\
\x8d\x92\xc1,\xdf_\xa9p\x06\x1eQ;n\x0c\xc1Q\
^\xea\x1f\x18#\x0a\xad\x85\xb1\x89\xdf\xe9t\xba\xce\xe9\
\xf1\x94\x0a\x0e\x8dQ\xa2b\x01E\xa8\xa6\xa9\xb9R0\
\xec\xb6\xe1\xd4t[O\xf8\xfco\x95\xe4@4\x9b\x9e\
I\xc1\x84\xee+\xe8E\x05]Q\xaf\xc0\x87\xa8\x1e8\
o@\xe0\x1a\xb1\xa9\x1b\xc8;\xa2Kk[\xbdr%\
\xcb\x1b\x15}s)K>\x09H\x8b\xc8~}\xb3Y\
a4\x0f`\xdfkY\xb7\xc3\x14M\xad\x9c\xc0^\x1d\
\xb17&\x8cE\x5c\xc9\x8e\xf1\x9bf\x83\x8a1\xee\xf8\
\xbf\x9d%\xb3\x94\x1f2]\x5c\x99:\xc6\xc5\x86A\x15\
R\xf5\x83x\x1c1n\xeb\xa5}z\x97]][^\
w\xbb\xe3\xf5d\x17\x0f\xa5\xb4.\xb2I\x0b\xfa;\xf6\
\x8eH\xf4<\x18\x14IV\xee#ir\xdc\xec\xfa\xa8\
\xcd\x88\xea2$\x09\xbf\xe9u\xd70\x22~N\xb0\x22\
t\xc18\x06\x9b\xfc\xcbB\xdbS\xf1 \xab\xa2f\x22\
T\xd8\xe2\xd2W\xb2d\x8ay\xe7&.\x18X\xc3\x95\
\x8c\x05m2H\xb9\xae\xa5+\xe1\x9a\xbf!\xa7\xd8\xa6\
\xc4%\xa4\x94\xee`\xc0\xd2\x82\xd1\xf8\xd5\xf2N\xba\xaa\
8\x14 \xc4<e\xc0\xa1\x91-S\x07\xd0y<\xa8\
\xaa\x88\x08U\xa7\xef#\x150\x92|/\x99\xe5\xacv\
\x01\xb8\xc0YF\xa5o\x12\x9a\x22\x01\xd8\xff\x9d\xed}\
km\xd6^\x169\xb4$@\x0f\xc25y\x0bS\xe6\
9\xa6\xb5\x0eD\x1a\x18~\xeb\xe9\x82\xb4@\xe7\x5ce\
\xf1Q\xbe\x22\xf7-\xe5\x95\x8a6\xf8\xf0#\x16\x8f\xc1\
\xc7\x0a;\xa8\xf6\xc9\xbcHRJ~\xc9F\xa7\xa5\xab\
a\xdc\x8e\xde,r\xdd\xda\xf1\x07\x9d\xf5Q0\xb8s\
\x18N\xc1\xfd\xf0\xa94\x1f\xbeo\xb4E\xa6OI\xcb\
\x99\x19\xdc\xc2\xa9V\x9f\xd6\x0b5^\xc2\x9a%I\x9c\
\x98\xd3L\xd2\xc70\xcb\x22\x19\x83;\xac\x9b\xa7\xcen\
k\xf9j\xd33\xb6\xa5o\xee0\xa5`\xeb\x8a\x98F\
\xaf\xb5r\xaa\xcfn<V\x0d\xa7\x92S\xea\xc0\xd3I\
Z\xe3\xa5\x1d2^%[\xb7yh\xc25@\x8c\xc1\
\xce\xe1v\xf2\x0f\x84\xf6\xa3R\xa2\x9blP\xf0\xdd\xb4\
\x94R\x10\x0f&I\x96\xf3\x8b\xc9\x1e\x90\xc8X\x99\x0a\
\xca\x82a8+/\xed0\xa4\x88\x92\x8c^\x9e\x1d\x14\
\x8b\x88\xf9\xb8\xaac\xf0\x84\xf1\x90\x8c\xc2\x97Yi\xc6\
\xb0\xa7\xaf\xbfl\x96\x17[\xbd\xea\x04\xb7\x0d\x11\xf7]\
\x9e)\xb1.\xbf\xd4\xf1-eA\xd1#\x8e&\x89\x0f\
\xb3p<f\x19\x93\xd7\xb0\xbe\xa5\xa2\x84\xb1\xea\xd6\xb6\
\xba\xb7\xc5\xeb\xe4U\xb2\x18DaJG\xa5t\x04%\
\xe2\xfbU\xd2J\xdc3q\xa6h\xb4[\xf6O\xe4\xa5\
\x11\x05\xa0\xf7b\x15C\x03\x86\x82\xb8\x16WL\xa9\x84\
z\x98\x87Gx\xe57\x08R\xbc\x02\xe5\xc9s\xf4\xb7\
\x05F\xef\xa0(\xa2\xe1&\x0b\x86\x0bty\xc7\xea\xbe\
\x0b~L\xd4EUIN\x9f\x97\x98\x19\xdd\xee\xaa\x1e\
992m\xff\x98N\xae\x9a\x1e\x05\x99h\xd3\xf3\xbc\
\xad-\xef\xde\x17\xff\xfc\xf5_~\xfa\xf5g\x1f\x9d\xfe\
\xee\xc3{_\xfc\xa6\xea+\xb2 \xceGI6\xedy\
oV\xad\x9e'.\xd0\xde\xa5M\xa0\x06\xa0\x04a\xec\
\xcf\x1d\x1cU\xa7\x05\x03x\xe1\xe2\xcd\x86\x9e\xcbKU\
\xbeL\x18R\xe9\xdd\x8be\xdd'm\xfa\xeb\x10g\x84\
zmr?\x97\xe8\xe4\x08b\x0cb\x01,\xb4a\xaa\
\x1f\xb7+\xdd\xf0du\x84\xcfu@\x1c\x18\xb4\x81\xf9\
\xea\x12\xbd\xa1}\xf5\xb6 \xfe`\xfb^2\x84\x89\x0b\
\x0d;(\xc0\xab\x0e&\x14$Of\xd9\x80\xe9.\x03\
&\xef\x0ff\x19R\xdb\x1er\xcc\x03\x0eE\xf1\x92\x98\
\xfb-6\xc4$\xae8\xb2\x0c{\xa6\xc8\xb8\xc3\xe6\xa8\
\x08\xc5ws\xf5\xcb\xd7\xb4\x9c\xb4W\x0a\xdf2\xe9y\
B\xc0$O\xbfcQ\xac\xc7\x90\xe7\xd2\x1d{0\x13\
GT\x11\xecV\xf9pl8\xdb\xb0KH\xac\xcb\xc7\
\x89\xfeS\xf8\xcd\xeaL\xac\xebZK\x07^\x99\xe29\
S\x82\xc9Na\xa9\xeb\xd1%i\xa62\x0f]\x82.\
\xa3N\xe6zb\x99\xc6^\x90\xdf\xa9\xb1\x0c\xd0\xf9\x22\
\x1cD\x0cA\x1e\xa7y\xd0qm\xe3\x98B\xeb\x8d4\
\x18\x84\xc5\x02/\xed\x9f\xa5}r3@D\x9b,^\
=\xef\x13\xd2N\xa9\xc8\x08\xc3!\x8br\xcd\xcf\x22\x04\
\xb59\xb9y)&7\x84\xfbu\x18\xbf\xd3\xde\x9fZ\
A\xc7R\x10\x1a\xe8)\xa60\x81V`\x0c6f\x05\
\x96\xb4\xb1y\xd1ll[\xea\x050\xe2\x12\x14C&\
\x9e\x0bl\x8bM\xaf-w\xb6\x96\x83.\xdf\xa7o\x91\
\x92\x98\xed:\xa0>-\x89q@A\x18\x88t\xba\x17\
\xe1\x00/b\x22r\x11i\x00\xf6m\xc0\xbe=\x99\xbc\
\xc8\x92;\x22j\x03\xf8\xc6\xd3\xdb\xdb\xc3\xf3\x8c5l\
\xc0\x08\xac\xad\xf4E]\x7f\xdb\x068b\xb0}\xa2\xdc\
\x9b\x0e\x99MaO=L\x9a\xa5(6\xf9L\xda\xe5\
\xac[\xee\xe1\x08\xc2\xb9\x95\x08\xfa\x08\x0aR\x0c\xb5z\
\x84\x0a\xe1\x5c\x1d\x82\x10U\xb3E\xf7R\xfd\x5c\x22=\
\xa4\xebp\xa2\xad5\x04\xc6\xe8\x8e\xafdY\xb0\xf0\xc3\
\x9c\x7f6\x81D\xcb\xbbLO.\xbc\x1c\xc8Vx\x81\
\x0e\x87\x8em\xd7~\x85\xd5U\x9c\xd1]\x0c\xcda\x94\
\xca<vgE\x11\xc6c?\x9b\xc5\xdcRD\x9e\xe5\
\xe6\xeb\xaf\xbez\xed\xd5o7LJ\xf6\x9f\xcbV\x9c\
\x8fI\xa2\xb8X\x8di\x9f\x10\xc2x\x94X\x9e\xdb\xd2\
G2\x13\x170\xd5\xc9m\x17@\xadN\x82/\x06\xe1\
4y\x8d\x05\x9e\xcd\xbe\x05\x1f/\x88\x85\xf9\x96w\xee\
\x5c\xe8\x90,\xa9\x03\x805z3\xbc\xed\xcf\x97Y\xa1\
V\x1a \x11\x16\xcb\xacQ\xd5\xe6\x19\xb9\xc9\x1aE\xd7\
n\xf4\xe9\x1fz\xc0\xac\xd1\xf9\x1a\xdc\x93\xfa\x051\xe5\
wR\xaf\x98n\xeeK\xa7\xbb\xc2\xb1\xd8\xdd\xa3\x84\xdb\
J\xa3\xdb\x01\xd1\x7fs/\x89\x93\x1c6:\xf6M\x87\
\x8bB\xa7}%\x0a\xc71\xc2GlT\xd4\xc0\xbc\x18\
\xe4\x0cGE\xb0\x22I\x1b&WJ5R\xa1\x1a)\
U\x8d\xb4\xc6\xe8R\x99\x9e\xc5\xa5No\x9b\x10\x227\
\xa1\x15.\xd1\xa0(\x06\xbb\x9c\xb1Z\xb2\xe8\xf3_\x9d\
M\x8fX\xd6\x94\xd7\x9e\xe8Z \x5c]\xaa\x7f\x0a\xbd\
o\xa2/\x1c\xe8}\x17z\x98\xf32:LM\xa45\
\x0b+\xc0^\x8e\x87\x15\x90\xd0\x03L\x86\xbb\x80\x8f@\
\xfa\xa5o*\xe9_\x86\x9d\xa7\xdb9z\xfe\xb9n\x03\
|ES\xd0\xc3F6\xba\x00\x7f\xb0\xb1\xf1t\x87\x05\
\xcf\xb0\xe7\x1bN\xa2\x22-A(bE\xab\xa4r\x01\
\xb0\xcf\x9f\xd1;p\xcd\x83\x00\xa6tD\x8a\xe9\xd5>\
\xab\x91\x8d\x8f\x82f\xf7B\xbb\xdb\xbd\xd8\xee^\xb8\xd0\
\xee\xf8\xcf<\xd3j\xb8\x10\x83l V\xa4\xbc\xcf\xee\
\xb7\xe5Lx`\xc1S \xfb\xd7`\x99\xb6k\x19t\
\xb3^\xb7U\xc9{P\xae\x04\x10@\xebE:x,\
\xd2\xbb\xe2Y\x14\xd9\xad\x8d\x86\xd3;\x9a\x223=>\
Z^=\xd6!\x06\x5c\x10\x0f\xc3\xfeT\xf1\xd7j\x97\
\xfa\x7f\xce\xbbX\x8a\x08\x14\xeb\xe2*\xd7\xe5tOF\
\x12If\xee\xf8i\xd0\xd1%M\xben\x8b\x0d\xa7\xfb\
\xc4\xe0m\xfc\xdb5X\xc4\x94K\x1a\xeb[3`\xf4\
\x1d\xf8k\x99\xf3\x19\x15\xbe\xf1\xf4\xe8\xf9g\xcfw/\
6\xd6P\xf8\xa7GG\xcfo\x9f\x1f4\x1eh\x8bF\
\x1b@\xb9\xb4\xf9\xec\xda\xb8\xce\x0fI\xf5k\xf5\xe3D\
?Zp\xf6v'A<\xc6\x8cB\xfd\xe95\x89\xc5\
Az\x0d\xd0\xddd\x9a&1\x84F>\x96\xb6M\xd3\
\x88\x15\xcb\x10N\x1c\xe9\x99W\xc4\xeb\x05y\x88\xd1\xb5\
p\xd5\x11kP\xbe\xbc\xe0\xfa\xa0?\xc7\xa0p\x19\x7f\
\x7fA\x81\xf0E\x86v\xcc#\xafN\x8cT\x88\x05v\
\x95f.\xadz~\x99&\xa0OPD\xb8\x5c\xb5\xe8\
Ge\xed\x05\x08\xe5\xb1\x16\xb8z\x0cB\xc1\xcbV\xed\
\x94-K\xe9k\xec\xad,\x9f\xaf1\xa7\xeaa\x09\x1d\
'_\xbe\x9e\x87I\x12=\xd0b:^\xdd\xf0a\xad\
\xf6\x07\x92\xf3\xc3^\xe0\xbfE\xb2.\xb1Uu\xf1\xb5\
\xa9\xca\x12\xe0,B}\xa7|^\xa3\xa2\xe688\x8a\
\xd4m\x81^\x91\xafg/\xd81\xe6\xc3\xab\xd7]U\
\xde\xc9xQ\xc4)\x19\xad\x0fO\x09\xab\xc7H\x1c \
#o\x8f\xea\xd2Z\xbb*\xf9\xe6TD\x91\xd6\xd7\xf2\
sg\x11\xe9\xdf6\x1d\x94\xf8\xf5\xe0\x08\x1f`\x90\x9b\
Tm\x1eD=\xf6\xf1\x85\xc7U^\x86\x92\x997\x13\
)\xe9#\xf7\x06\xbc\x10\xaa\xc7C\x9a\xaa5\x89\xc5\xa5\
\xa4r\xe9\xba@ h\x08\xccKK\x99p\x0bc\xd8\
\xed\xa7\xe2\xd6A\x1e\xfce-\xab\xb7Uw)0\x0d\
\xe66\x92(\x89\xadG\x12YX\xfd\xe5K\x89\xbc\x1a\
z?\x88\xab\xbc\x84\xcc\xdcj[!?.\x9a\xb3\x13\
T\x5c5y\xcb\x92\xa7I\xccg\xe6\x96\xa5\xa8\xec\xc9\
\xc3\x8c\x17K8'\xb5!t\xc4\xc4*k\xce\xd6+\
\xb0\xc0|D\x96\x84C?\x95^\xb1eZ\xaf\xaf*\
a$?\xb2\xa2\xaeU3\xa9\xf2~\x06-\xb8vj\
1;\x16\xa2V\x15%\x8e\x95\xe0%dEE\x0e\x8b\
=\x5c`\x0b\x03l\xe1\x98C\x95\x96\x17C\xb7\x96\x1b\
\x8c\x19\xe5\xd4\xbc\xaf(#5\xed\x86\xc1\x8a{j\x90\
\xd55\x03\xbd[P<\xf0\x92\x1c^\x04\xa4\xdd\x90\x1a\
\x056\xe6\x1d\xa7\xcb\xd9\xf0\xda\xfa\x97K\x7f]]\xbf\
\x02\x96\xacYzqV\x14I,^\x94]g\xa3B\
\xfcVep\xbc\xdc\xfe`\x12\xa4\xe0\xa4S\x98J\xce\
\xf0\x98\x08\xb0\xbbQ\x02\xdf\xd1w\x88\x92|<\x8b*\
C\xf3.aIi\xa7\xd3\x15\xb07R\x16k\x90\xd0\
v%\x83\x88J4\xb4\xa8\xec\xf7\xc5 =U1\xd1\
\xe4uD\x9aW\x11\xcbJ\xde\xc3Qe\xe2\xe0\xbc6\
\x88\x7f\xa9\x14B[\xe22\x10P\x0b\xb5l\xb8\xdaB\
\xb4\xda\xb1\xe4\xe1Q\xcc\xa5\xe50oL\x8dIl8\
\xa4Y\x13\xd2\xaf/9\xc6Ba,\x9c\x18\x0b[\xf1\
\x9d\xf5\xbf6\x98.\xc8j\xa6N#\x7f\x80B.\xab\
\xbeN\x0d\xbdFQ\x97\xb5r7Y\xc4\x82\xbc*V\
p\xbb^XY\xb0\x0b\x16\xad\x86{y\x1e\x16\xac\x0a\
\x0d\xe8\xe3!\xe2\x11\xb0\xce\x8f(\x89^\xc6\xc9-\xcd\
Y\xe8If@&\x22?\xacP\xe3Z<J\xcc\xb2\
\x92\x22IK\xa3\xc6\xefz'&\xeeT/\xfe\xd0\xbb\
\xa7<\x9c\x07\xdb\xee\xd2\x97\x11\xc2\xc2i\x11Gy\x1a\
\xa7\xb6\x8f)\x88\x9e~\xd8\x97\xf5[\x97\xbd\xb7\xf3\xc3\
\xac\xd98\xfd\xe0g\xf7\x7f\xf3\x8b\xfb\xff\xf9\xd9\xfd\x7f\
\xfa\x8fF\x0b\xacZ4\x8b\x86\xaf?\xff\xed\xe9\x9f\x7f\
P&\xa0\xd6\x9aL&\x22f\xd9\x9dU~\xb1f:\
\xe4z\xaci\xde&\x94y\x8a\xaa\xa9\xbc(\xb8\xa4\xf2\
r\x10\xd7v;\x9d\xb2\x08f7\x0a\x07w\x94\x1e\xd8\
\x15bD\x80\x09\xcf\x0b\x08\xb2\xe66\xf7P\xeb\x96W\
Uq\x9d\xf9\x82\xc4\x95}&\xd5^F\x89U\x15\xf5\
/)\x8b\xab+\x12\x93\xd1\x92]\x16vi\xc7\xca\x16\
\x99\x03\xab\xa4\xa8\xfe\xb8A\x85M\xb7\x1e\xa9\xd4\x1fM\
\xb58\xe5\xbf\xff\xf7\xc9\xbf\x98\x01z7\x93\x7f\xfa\xba\
\xc7(z\xf8{\x9a\xda~\xc9\xfb\x92\xf5y\xa8\x0f\x08\
\x1e\xaap\xdc\xaf\x11\xecx\xb6v\xb1\xac\xe0u\x09\xe4\
K\xa4\x1c\xef\x0c\xf0\xeb\x0f\xb0\xab'\x03\x96\xad\xc8\xea\
z\x97\xe5u.RJ\xfbU\xd6\xe71\x8cv\xa0\xa5\
M\x1e\xf1\x80\xf8\xb1\x9b\xc41\xe3\xd1\x8b*O)\x0f\
\xfaV\xe9\xa5\xaaV\xd6u\xa7i<\x12{\x88\xef\xda\
N\xac\x815Uy\xd4#\xaf\x96\x91Q9c\xb1{\
\xa0W\xd2<z\xbe\xd7\xab\xe8\xb1nl\xac\xed[\xf4\
\xba\xf7pk\x96\xfbVi\x15\x99\xa8\xb7\xb5\x01GL\
^K\x5c\xaa\x94|\xb6\x91\xc3(\x81w\x14\xc6\xe0\x11\
\xc7\xde\xc6\xd6\xbaBwf\x04\xc3q\x0c\xdf_\x8f\xef\
\xc4\xc9q|\x00\xbf\x82(\xa7g[\xc2\xee\x0d^\xa7\
zk\xf9b\xacU/\xb7\xaaR\xee\xa4f\xec\xfe\xff\
\xcb\xd8<\xd7\xbd\x86\xe5>\xca\xe1\xd7\xb1\xdfG4\xfe\
^0\x98\x00\x95\xbd\x00\xb4q\xfe\xb88X\xad\xcd\xc6\
\xff\x84ufm\xbe\xae\xfd\xcfY\x8fa^\x8e\xbb\xe0\
3\xbb\x0f\xf8\x07\xfe\xfe\x1f\xe9\x8b\x81\x0e\
\x00\x00\x04F\
i\
mport QtQuick\x0a\x0aI\
tem {\x0a  id: laye\
r\x0a\x0a  property ur\
l source: \x22\x22\x0a  p\
roperty int fill\
Mode: Image.Stre\
tch\x0a  property b\
ool smooth: true\
\x0a  property bool\
 asynchronous: t\
rue\x0a  property b\
ool cache: false\
\x0a  property real\
 contentOpacity:\
 1.0\x0a\x0a  signal p\
aintedSizeUpdate\
d()\x0a\x0a  implicitW\
idth: image.impl\
icitWidth\x0a  impl\
icitHeight: imag\
e.implicitHeight\
\x0a  width: implic\
itWidth\x0a  height\
: implicitHeight\
\x0a\x0a  readonly pro\
perty alias pain\
tedWidth: image.\
paintedWidth\x0a  r\
eadonly property\
 alias paintedHe\
ight: image.pain\
tedHeight\x0a  read\
only property al\
ias sourceSize: \
image.sourceSize\
\x0a  readonly prop\
erty alias statu\
s: image.status\x0a\
\x0a  Image {\x0a    i\
d: image\x0a    anc\
hors.fill: paren\
t\x0a    source: la\
yer.source\x0a    f\
illMode: layer.f\
illMode\x0a    smoo\
th: layer.smooth\
\x0a    asynchronou\
s: layer.asynchr\
onous\x0a    cache:\
 layer.cache\x0a   \
 opacity: layer.\
contentOpacity\x0a \
   layer.enabled\
: true\x0a    layer\
.smooth: true\x0a\x0a \
   onStatusChang\
ed: {\x0a      // l\
ayer.statusChang\
ed(status)\x0a     \
 layer.paintedSi\
zeUpdated()\x0a    \
}\x0a    onPaintedW\
idthChanged: lay\
er.paintedSizeUp\
dated()\x0a    onPa\
intedHeightChang\
ed: layer.painte\
dSizeUpdated()\x0a \
 }\x0a}\x0a\
\x00\x00\x0e\x1b\
i\
mport QtQuick\x0aim\
port QtQuick.Con\
trols\x0a\x0aimport \x22.\
./../../cores\x22 a\
s Cores\x0a\x0aItem {\x0a\
  id: overlay\x0a  \
anchors.fill: pa\
rent\x0a\x0a  property\
 point hoverPixe\
l: Cores.CoreDat\
aView.cursorPixe\
l\x0a  property var\
 machineCoord: C\
ores.CoreDataVie\
w.cursorMachine\x0a\
  property bool \
hoverValid: Core\
s.CoreDataView.c\
ursorValid\x0a  pro\
perty var camera\
Coord: Cores.Cor\
eDataView.cursor\
Camera\x0a  propert\
y bool cameraVal\
id: Cores.CoreDa\
taView.cursorCam\
eraValid\x0a  prope\
rty real scaleX:\
 1.0\x0a  property \
real scaleY: 1.0\
\x0a  property bool\
 showLabel: true\
\x0a\x0a  function req\
uestUpdate() { c\
ross.requestPain\
t() }\x0a\x0a  onHover\
PixelChanged: re\
questUpdate()\x0a  \
onHoverValidChan\
ged: requestUpda\
te()\x0a  onScaleXC\
hanged: requestU\
pdate()\x0a  onScal\
eYChanged: reque\
stUpdate()\x0a\x0a  Ca\
nvas {\x0a    id: c\
ross\x0a    anchors\
.fill: parent\x0a  \
  onPaint: {\x0a   \
   var ctx = get\
Context(\x222d\x22)\x0a  \
    ctx.clearRec\
t(0, 0, width, h\
eight)\x0a      if \
(!overlay.hoverV\
alid)\x0a        re\
turn\x0a      var p\
x = overlay.hove\
rPixel.x * overl\
ay.scaleX\x0a      \
var py = overlay\
.hoverPixel.y * \
overlay.scaleY\x0a \
     ctx.save()\x0a\
      ctx.stroke\
Style = \x22#22c55e\
\x22\x0a      ctx.line\
Width = 1\x0a      \
if (ctx.setLineD\
ash)\x0a        ctx\
.setLineDash([4,\
 4])\x0a      ctx.b\
eginPath()\x0a     \
 ctx.moveTo(px, \
0)\x0a      ctx.lin\
eTo(px, height)\x0a\
      ctx.moveTo\
(0, py)\x0a      ct\
x.lineTo(width, \
py)\x0a      ctx.st\
roke()\x0a      ctx\
.restore()\x0a     \
 ctx.fillStyle =\
 \x22#f97316\x22\x0a     \
 ctx.beginPath()\
\x0a      ctx.arc(p\
x, py, 3.5, 0, M\
ath.PI * 2)\x0a    \
  ctx.fill()\x0a   \
 }\x0a    onWidthCh\
anged: requestPa\
int()\x0a    onHeig\
htChanged: reque\
stPaint()\x0a  }\x0a\x0a \
 Rectangle {\x0a   \
 id: labelBackgr\
ound\x0a    visible\
: overlay.showLa\
bel && overlay.h\
overValid\x0a    ra\
dius: 6\x0a    colo\
r: Qt.rgba(0.05,\
 0.09, 0.15, 0.8\
5)\x0a    border.co\
lor: Qt.rgba(0.4\
, 0.7, 1.0, 0.6)\
\x0a    border.widt\
h: 1\x0a    anchors\
.margins: 8\x0a    \
anchors.left: pa\
rent.left\x0a    an\
chors.top: paren\
t.top\x0a    implic\
itWidth: coordLa\
bel.implicitWidt\
h + 16\x0a    impli\
citHeight: coord\
Label.implicitHe\
ight + 12\x0a\x0a    L\
abel {\x0a      id:\
 coordLabel\x0a    \
  anchors.center\
In: parent\x0a     \
 color: Cores.Co\
reStyle.text\x0a   \
   font.family: \
\x22monospace\x22\x0a    \
  text: overlay.\
hoverValid\x0a     \
       ? qsTr(\x22\xe5\
\x83\x8f\xe7\xb4\xa0 (%1, %2)\x5cn\
\xe7\x9b\xb8\xe6\x9c\xba (%3, %4, \
%5) mm\x5cn\xe6\x9c\xba\xe5\xba\x8a (\
%6, %7, %8) mm\x22)\
\x0a               \
 .arg(Math.round\
(overlay.hoverPi\
xel.x))\x0a        \
        .arg(Mat\
h.round(overlay.\
hoverPixel.y))\x0a \
               .\
arg(overlay.came\
raValid && !isNa\
N(overlay.camera\
Coord.x) ? overl\
ay.cameraCoord.x\
.toFixed(3) : \x22-\
-\x22)\x0a            \
    .arg(overlay\
.cameraValid && \
!isNaN(overlay.c\
ameraCoord.y) ? \
overlay.cameraCo\
ord.y.toFixed(3)\
 : \x22--\x22)\x0a       \
         .arg(ov\
erlay.cameraVali\
d && !isNaN(over\
lay.cameraCoord.\
z) ? overlay.cam\
eraCoord.z.toFix\
ed(3) : \x22--\x22)\x0a  \
              .a\
rg(overlay.machi\
neCoord && !isNa\
N(overlay.machin\
eCoord.x) ? over\
lay.machineCoord\
.x.toFixed(3) : \
\x22--\x22)\x0a          \
      .arg(overl\
ay.machineCoord \
&& !isNaN(overla\
y.machineCoord.y\
) ? overlay.mach\
ineCoord.y.toFix\
ed(3) : \x22--\x22)\x0a  \
              .a\
rg(overlay.machi\
neCoord && !isNa\
N(overlay.machin\
eCoord.z) ? over\
lay.machineCoord\
.z.toFixed(3) : \
\x22--\x22)\x0a          \
  : qsTr(\x22\xe7\xa7\xbb\xe5\x8a\xa8\
\xe9\xbc\xa0\xe6\xa0\x87\xe6\x9f\xa5\xe7\x9c\x8b\xe5\x9d\x90\xe6\
\xa0\x87\x22)\x0a    }\x0a  }\x0a\x0a\
  Rectangle {\x0a  \
  id: statusBann\
er\x0a    visible: \
Cores.CoreDataVi\
ew.statusMessage\
.length > 0\x0a    \
radius: 6\x0a    co\
lor: Qt.rgba(0.0\
5, 0.09, 0.15, 0\
.85)\x0a    border.\
color: Qt.rgba(0\
.4, 0.7, 1.0, 0.\
6)\x0a    border.wi\
dth: 1\x0a    ancho\
rs.horizontalCen\
ter: parent.hori\
zontalCenter\x0a   \
 anchors.bottom:\
 parent.bottom\x0a \
   anchors.margi\
ns: 12\x0a    impli\
citWidth: status\
Label.implicitWi\
dth + 24\x0a    imp\
licitHeight: sta\
tusLabel.implici\
tHeight + 12\x0a\x0a  \
  Label {\x0a      \
id: statusLabel\x0a\
      anchors.ce\
nterIn: parent\x0a \
     color: Core\
s.CoreStyle.text\
\x0a      text: Cor\
es.CoreDataView.\
statusMessage\x0a  \
  }\x0a  }\x0a}\x0a\
\x00\x00\x05\xae\
\x00\
\x00\x14\xdbx\xda\xc5Xmo\xdb6\x10\xfe\xee_\xc1\
\xaa@!5\x8a\x1a{\xedP\x18u\x87\xce\xdd\xb0\x02\
+\xda.}3\x8a\xa2\xa0%\xda&\x22\x93\x1aE'\
RS\xff\xf7\x1d)\x89\x22%%\xf1\xb2n\x0b\x02C\
\xe6=<>\xf7\xc2\xbb\x93\xe96\xe3B\xa27\xf2\xcd\
\x8e\xc6g#Z}\xf5\xa2\xe8A\xf5\x1fsAr\x0f\
\xe1\x1c\xcd\xd5\xd3h\xf4B\x92-\xba\x1c!D\x93)\
JqI\x04<c\x16o\xb8\xc8\xa3\x15M\xd3)\xca\
\xb0 L\x8e`=\x13<#B\x96h\xc9y\x8a\x08\
\xc3\xcb\x94\xc06)v\xc4\x96\x0a\x82S\x84\x0b\x9a\xff\
N\xd8Zn^n\xa7\xe8\xe1\x89\x0d\x88y\xca\x85F\
\xcc\xd5\xd3\xc7)\xf2\xee\x92\xd5C\xf8\xf3\xae\x81-\x14\
l2\x89\x1f=\x22\x0e\xec\x1c\x0b\x14\xe3\x94.\x05\x96\
\x943e\xd8\xb42/R\x9f\xcf\xb1\xc4\xef)\xb9\xe8\
n9\x875e}\x8fy\x0e\xca\x08p\x1aG'\xc3\
\xb2EOF\x99\x04987y\x01\xfe8\x1e\xdb\xb2\
\x8c+)\x17tM\xd9kZ\x10\xf0\xe8\x1b\x19\xe9U\
\xffx\x1c\x02:\xe8\xc3\x8bg`\xf5\xc1\xe8\xf2@\xb4\
\xc2~\xd9e\x09\x96\xe4-?#l\x8aNTXW\
;\x16+\xcf\xa1/\xe03\x22\xb5\xa2\xdc\x0ftZ \
\x9b9\x9a\x0d\xa9G\x16\xdb\xab\x10\xe5\x0d\x88\xbd\xc3C\
\x90?w$\x97\xef4SCDggd\xf3GG\
34\xd62\x15P\xa9\x97f\x03\xb8\x91\xc6\xd0\x15\xf2\
\xefT\xc2:u\x1b\xcd\xa8cy\xbd\x88\x0b\x92\xcf1\
;\xc7yT3z\x8d\x15\xedF.\x88\xdc\x09\xa6\xbf\
\xecG\x86\x86\xbab\x86E'/\xd1\xb7o\xc3\x99Y\
\xb3\x8bk\x8c,3\xc2WZ\x15\xa8\xd8\x12\x81\xdf\xf2\
\xca{wf3\xe45\x8e\xf2\xfe\x15\x03R\xce\xcfv\
\xd9\xabL\x9d\x90\x83%\x97{C\xb02\xaa\xc9tM\
f\xc7\x12\xb2\xa2\x8c$\xe8\xde=4 g\xbb4\x1d\
\x10=E'\x0d\x0b\xe7\xbc\x161\xebli\x09\xd6\x19\
)\xf8\x96\xe6\xca\xd5}7\xf9\x97\xa8\x80\xe4\x0eQ\xa9\
?\xbf\xc2'\xda\x87\xeeI\x81\xd1W\xdc\xac\xaa\xa2b\
\xd7\xb4\x03u\x97\x87\xd2\x1c:\xe1\x0a\xddZy\xad7\
\xc2i\xea\x7fr<\x12\x1a\x83Bs\xfc\xe7 \x92\x1b\
\xc2\xfc&s|H\x97]*\xf36\x81\xda\xf0:7\
L\x85P_\xac&ZN\xd6t\xabC\xad\xf5\xd3\xc9\
\xe7Z\xecT\x86F:n\xa4\xe5\x90t\xf2\xf9\xa0\xec\
\xdd\x07\xe0K\x19oZ\x93\xfe\xb1-\xb7\xb8C{S\
\xbc8\xfb\xa5**\xf3\x0dfk\xd5\x16;ULc\
\x9eY\xf1\xbd\x16\xf8\xbe\xeeN\xd7\x82\xe6nu\xb9\x16\
\xfbG}\x8d\xae\x05\x9d\xea\xd6g \x97\xe6\xe2[a\
\x8e\x0a\xf4t\x06y\x09w\xda^-\xf5\xeaa^\x03\
\xff\x12S\x82\xba,\xf6-\x93\xc5\xff\xcd\x04>\xe6\x1c\
f(\x06\x03P\xa4\x9c\xbc\xcdR\x22\x87\xbc\xa7\x90\xfa\
\x94\x86*`\xda\xa3\xf5\xd2\xe0T\xa5\xeb\x04\xcd)d\
NS\x03\xea\xe6T5\xdf\x0c\xc7T\x96\x1d\x11\xfa\x09\
\x8d\x91j\xde\x1a\xc2\xb4AS\x93\xfd\xba\x09\xc9\x02\xae\
\xd4\x9a\xc89g\x92\x14\xd2\xf7&\x89\xd7\xb8\x04\x84Q\
\x9c\x12, '\xa4\x0f\xe5\x07\xfe/h\x227!\xda\
\x10\xba\xde\xc8\xc0\xbaG\x9d\x8e9|s4\xb0\xber\
\xd5\xf8\xa4\x0a|[\xf6\xab\xb1I\x17\xfd+4\xb4u\
\xdd\x14~+\xa6\xf615\x0a\xbad\xf5\x04Y\xf0\x04\
\xcej\xbf\x97\xea{\xef\x98\xde9\xcfi\x9e\xc1A\xf6\
<b\x14\xde\xb7y\x7f\x0c[\xcd\x8e`\x11\x8c,\x8f\
\xe6\xf8\x9c\xf8\xb6\x8bS\xe8\x8a\x1f\x94[\xe1\x88Ig\
}\x8e3X\xf5\x04\x87\xf6\xe9Y2\x95\x1b\xa7\xb2L\
U\xbf\xf0\xee\xfe\xf0x\x99\xac\x1e\xdb\xf2%Q.\xc1\
r\xe3\x9c\x84E\xec;FEE\xe8Z\x19\x95!z\
\xa8\x03\xfd\x126G\xaf_\x80%\x93\xa0s\xb0o\xec\
1\x93X\x22\xf0\x85\xaaY>a\x89\xf6\x91\x0eGX\
\x8d\xe6\xd0\x98\xf0\x92\xa4m\xdd\xad#\xe4`U`\x9c\
\x856^\xeer'l\x9d\xfc\xa8\x22\xd7\xec\xb0\x83\xd6\
U\xde\x8d]\xf7\x94n\x08\x1d\xea4\xff\x952\x0a7\
\xba\xd9\x15\x15\x81\xa2: (\x83\x1b\xc8&\xea\x0a\xb6\
z\xd0q'$\x85\x8b.mt\xd9C\x97\x0e:\xd5\
=\x04v\xe8pn\xca\x8cK?\x81\xa0'\xa5kP\
\x8d{\x82\xc6\x03d\xcdJ/}\xeb%)\xa0[6\
\xe9\xa8C\xee\xc8\xfb\xc9X\xado\xf99t\xdc\x1b3\
\xd2\xdd\xa4n\x05lj\xfd\x15Z\xde\x18\xe2\xd5fk\
\xe5\x92\x0d\xc1\xc9)\xfd\xaa\xa8\x8eO\x1c\x09\xf4\x10m\
\x81\xf6\x15\xcc\xdcl\xe2'p\x1f\x92\x22\xf8;\xe6\x1c\
\xc2\xacg\x04\x84\xd1\xf0\xba_\x11\x88y\xeeW\x8c\x8e\
\xcde|\x80~\x0cB+@\xe6\xcfI\x88\xae\xa6\x9c\
\xb2AM\xff\x11\xfd\xa3\xefF\xff\xe8\x1a\xfa\xfd`w\
\xebd?1W\x5c\x97\x08o\xc9\xd3\x04\x8d'Y\x81\
r\xcc\xf2\xe3\x9c\x08\xba\xf2\x1c\xa4\xea\x8d\xcfR\xbaV\
]\xc7\x8b\xa1!\x13\xd1\x07\xfc\x8cs\xa2\x5c\xa30[\
\x9a$)\xf1\xdc\xcb\xa8\xaa\xe0\xab\xd5\x0a\x86G\x95|\
\x93\x1e\xd3\xb7\xaa\x03k\xd4\xa0\x97\x90]%\x8e\x1cu\
]\xa7\x077)(\x87\x15\x18_w\xbc\x0b\x13\xaf\x84\
\xc9\xd1d\xfc\xbeq\xb3)\xfcU\xb1l\xe7\xf8\xd0z\
S\xa9~\xbd\x09\x91\xf7\xd1\xcc\x16\x9d}\xe5\xd5\xfb\x16\
\xb0o\xe1\xcc$.\x99};\x811F\xe2\xeam\xb4\
\xea4\x12\x0b\x18m\xa6\xdd_}\xaa\xc1k\xcd\xe0\xf1\
\x1d;c\xfc\x82\x9d\xc27\x9c\xe6\xe6'*\xab\xb3q\
\xf6J\x97\xa3f\xdaU\xaf\x0f\xe6\x8d\xd3\xfd\xf9a?\
\xbcsq\x8b\x9d\x1f\xb8H\x13=\x14\xdcv\xf3oz\
B\xbb\xc5\xee\x978\xde@\x12C:\x08ZX\xfb\x9b\
\xb7\xf0\xea}i\xe8\x15h\xf0\x00\x13#\xe7\x90\xb9~\
\xbd\xfd\xeeg\xecG\xfb\xd1_\xeb\xb7q;\
\x00\x00\x05x\
\x00\
\x00\x14sx\xda\xbdW\xddn\xdb6\x14\xbe\xf7S\x9c\
\xb9h!5\x8eb\xa7m\xda\xa8\xcb\x0a4\xdb\xb0\x00\
\xcd\x90\xb6\x03V\xa3(\x06\xda\xa2m\xc6\xfa\xf1(\xba\
\xb1\x97\xfar7\xdb\xc5^b\xd8\x0b\xec\xa2\xdb\xfb\xac\
\xef\xb1\xc3\x1fQ\x92%\xd9N;\xcc0l\x89<\xfc\
\xcew>\x92\x87\x87,\x9a%\x5c\xc0s\xf1|\xce\x86\
\xd3\x16+\xbdz\xa7I,x\x12\xa6\xad\xac\xa3\xedy\
\x07\xfa;L8M\xdb@R8\x95O\xad\xd6\x99\xa0\
\x11\x5c\xb7\x00X\xe0C\xf2\x96\xf2\x90,\xf1\x8d\xc4\xc3\
I\xc2So\xc4\xc2\xd0\x87\x19\xe14\x16-l?8\
\x80gtL\x86K\x18\x910\x1c\x90\xe1Tv\x92\x88\
\x0a\xcaSp\xc6\x9c\x05\xfb\x03\x92\xd2\x00Fl!\xe6\
\xe8\xc2\xc5Q3\x9e\xcc(\x17K`\xb1\x80a\x12\xce\
\xa38\xf5\xe1\xfez\x0fO\xae\xd6\x9b9%!\xb0\x88\
\x8c\xe9\xf7,\x10\x13\x1f\x8e\xeew\xeb\xfb\xbf\xa1l<\
\x11>\xdc;\xaa\x1a\xcc\xd8\x82\x86/\xd9O\xf4<\xf2\
\xa1\xeb\x1dV\x0c\x0c\xd9\xcc\xe4Q\x93\xc19\xe1c\x16\
K\x93\xa3\x8aI:$!}\xe5C\xcf\xeb\xd6\xf7\xf5\
u\x9fV\xf1\x94\x84l\xc0\x89`I\xbcO\xaeP_\
+\x18\x84,\x15\xe0\x5cC\x8c\xb2vP\x14\xa1\xac~\
H8C\xdf\xfe\xf5\xa2\xb3\x5ca3\x1d\x0a\xf5\xdc\xb9\
\x92\xc2t&*\xfc\x15\xacJz\xbf%\xdc\xe2\xfa\xf0\
\xfa\x8dt\x8e\x84\x82$\x0e\x97\xf5\x11*\x99/\x16~\
Y\x128\x00\xa7 \x22|\x01]xR\x94\x1506\
w+\xb8\x9e\xa3\xff\x1c=R\xb3R\x80\xcd\xa6\xe9\x13\
\x80\xe5z\xcc\x94\xbb\xa0\xfc\xab`L}8'b\xe2\
Ed\xe1\xf4:\xd92\xae\x1f=H\x92\x10&$-\
\xcc\xf2\xd7v\x1a\xecD\xdf\xb9c\x9f\xbd\x90\xc6c1\
\x91\x0c\xeb\xe7\xa80\x93\x17I\xca$\x22B\xc9\x8d\x8b\
[w\x04N\xbd3W\xf5K<|\x8d\xe5\x02\x90o\
\x12k\x96\x81\xc0I\xb19\xc6\xd7\xb5\xb0m_*\xe8\
\xec\x15\xf6\xc7FG'\xdf\x97\xb0o'\x01\xee\xc2\xa1\
+\x85\x8fa\x0f\xc5E\x85\xbb%\x84~\x05A\xaf\x8a\
-\x10\x0ac\x94pp$\x10C\x90\xeec\xfc\xfb\x1c\
\xe2\xc7\xb0\xb7\xc7\x5c#\x85\xf6\x93\x8cF)\x15\x92\xab\
\x85\xdcCg\x1a\xed\xae\x0e\xc4\x98[\x1d\xbc\xd9<\x9d\
\xe0\xae\xc3Ud\x86w`\xe9[\x80\x0eP\xb5\x04\xda\
\x22\x99\xb5;\xb8<\x02\x8a\x96L\xef7\x80\xd5\x1a\xc1\
KM\xf02#xYK\xf0i\x22D\x12\xad\xd1\xbc\
\xbc!M\x0d\xa2\xc8\xd6\xcbi\xa9\x0f\x94e\xce\xfe\xb2\
\x89\xfdT\xb3\x9ff\xec\xa7u\xec\xfbk\xbc\xa7E\xde\
\xfd\x0d\xbcs^\xcb,\x88\xbe\xe5\x18\xd2\x91\xc8\x19N\
\x9b\x18F\x9aa\x941\x8cj\x19\xbePJ\x94iF\
\xbb\xd2\xac]\xddE\xce\x0a\xdd\x12\xe7\xf2-g\x1e\xe5\
\xcc\x0b\x1b\xd0\xfai\x99\x90^\xd0\x19%xvf;\
9\xb0\xe9!\xebQ\xedQ\x12\xd0\xd0\x9e\xcf^\xfdf\
\xc7\x0d\x95\x19\xac\xa7\x15\x7f\xbd\xc7\xe6\x10c\xa1\xbc\xa0\
\x0f<\xdb\x05Fc\xab\x02\xcd\xbd6\xbd\xcdSZ \
\xb1\x8d\x5c#V!\xb1\xbdL\xe6|\x88\xde\xcb\xc85\
am\x88g\x17?>8%\x8f\x85D\xac\x1b^\xab\
I|\xe3\xa2\xeb\xbavt\xef\x5c\xaf\xdc\x8d\xae\xe4\xf9\
\xfc%\x11\x04M\xd7\xc2\xc9\x9d\x15\x1e=i_\xf0\xa7\
\xde\xd1O<\x0f\xc3\x96qt\xa5+\xa02\x9c\xe93\
\x9f'\xf0\xed<\x1aP\xee8\x99\x7f\xe9#{\xf6\x14\
\x82\x0b\xef\xdeAW\xee\x80LC]\xb9\x94\x91*\x0a\
\x9b\xc2\xa0i\xd8\xc4\x94_\x9b\xd8m\xa3\xa71\x1a\xf8\
\xf5\xd7\xb0*\x04\xb3\xe2\xa2i\xe0\xa2\x99\xdc\x16^\x8b\
\xed\x92\xf9\x19B6\x7f\x8b\x86!\x98K\xd4,\xe0\xf1\
vh\x86/?\x9a\xd8r\xbbV\x15b\xcb\x86!H\
L\xeb\xaf\x98\x19\x80\x17\xe8\x89\xc4\xe3\x90\xdad\xd0p\
5\xc8:\xb1*J\xb8\x8f7\x11\x8f\x8f\x07\xc4\xe9z\
\xbd\x07\x1d\xac\xb8\x1f\xc9\x9fc\xf5\xd8{\xe4Z\xebA\
\xc2\x03\xca\xbd\xca\xa0\xae2\xef\xc8rY>\x1dUF\
\x98\xad\xd0\xb3\xed\x9c\x04l\x9ef\x15\x1a\x8b\x1d]\x15\
C\xb6\xa4\xeeJ\xcf\x0fZ\xd6\xfe\x19\x19\xd0\xb0\x10T\
\x1e\xd6\x10\xc3\xa1\xfc,\xae\x84f\x83S7'O\xfe\
\xbe\x14\xcb\x90z\x82.\x8aV#\xbc}y\xb6\xc6D\
\x92\xbdB\xa7\xb4\xcd\x90=\xf3\xb7q\xcb\xc85\xe0\x94\
\xed\x0b\xd9\xa3\xb6\xc3\x93\x17\x87\x0a\x8cB\xba\x99\xbd\x0f\
?\xa6\xdfq\xa7\xfd\xe1\xf7\xbf?\xfc\xfc\xfev\xaf\xed\
zx\x0c:*\x09\xaaS\xd4mU\x878\xa3y<\
\x94\x818nI\xdf\xfc#\xd3\xa3<4\xf1`\xbea\
`j\xd4\x93M\x9dx\x10\xb77:\xd5\x13\x7fb\x08\
\x9c\x9c\xe8\x82\x0eAu\xa8\xff\xfc\xf5K\xdb\xad\x05\xa8\
F\x9aC\x98\xc2\xaa\x80\xf2\xebG\xa0\xa8\xd2\xc7b|\
x\xff\xc7\xce\x18f\xc4o\x7f6\x8c(\x9c}gj\
\xf2n\xac\xbc\x9e\xf3\xcf\x90\xe6\x1c\x9fF,\xa6\xc1N\
\xdc6\xac:\x05\xb9+\x88\x0f\xcd\xe6\xa6\xb6\xd2\x22\xdc\
\xee\x99\xd5zhV\xab\x9dt\xfdZ\x92aO\xdf\xfe\
\xd6?+\xd7\xc9\x9bWy\xd2\xa8\xcb\x86(.K\xd9\
 \xa4\x9bwu\xa3\xb2\xcd\x92\xaf]\xfc\x0b\x1eM\xf6\
;*4e\xc7o\xb1-\xcb\x89\xf7\xaa)\xac}k\
\xf4\xe0\x98v\x07\xc5\xbdRN\xc6\xed[\xc1\xf1\xc3\x87\
\xdd\xa3\x1a\x8bJ\xf2m\xbc\x98\x0bT\x1co(\xf6\x0c\
r>M\x82\x9d\x0dw9\xb17s\xee\xff\xff\x9cw\
8\xcce\x0dc4\xc5\xe3\xba\x0c\xbb\xa8\xa9,Lu\
aB\xaa\x0cY\x96\xcf\xfc|\xc5\x17\xffW\xea\xaa\xb2\
j\xfd\x0bQC>\x00\
\x00\x00\x08#\
i\
mport QtQuick\x0aim\
port QtQuick.Con\
trols\x0a\x0aimport \x22.\
./../../cores\x22 a\
s Cores\x0a\x0aItem {\x0a\
  id: infoPanel\x0a\
  property bool \
hoverValid: Core\
s.CoreDataView.c\
ursorValid\x0a  pro\
perty point pixe\
l: Cores.CoreDat\
aView.cursorPixe\
l\x0a  property var\
 camera: Cores.C\
oreDataView.curs\
orCamera\x0a  prope\
rty bool cameraV\
alid: Cores.Core\
DataView.cursorC\
ameraValid\x0a  pro\
perty var machin\
e: Cores.CoreDat\
aView.cursorMach\
ine\x0a\x0a  visible: \
hoverValid\x0a  imp\
licitWidth: back\
ground.visible ?\
 background.impl\
icitWidth : 0\x0a  \
implicitHeight: \
background.visib\
le ? background.\
implicitHeight :\
 0\x0a  width: impl\
icitWidth\x0a  heig\
ht: implicitHeig\
ht\x0a\x0a  Rectangle \
{\x0a    id: backgr\
ound\x0a    visible\
: infoPanel.hove\
rValid\x0a    radiu\
s: 6\x0a    color: \
Qt.rgba(0.05, 0.\
09, 0.15, 0.85)\x0a\
    border.color\
: Qt.rgba(0.4, 0\
.7, 1.0, 0.6)\x0a  \
  border.width: \
1\x0a    implicitWi\
dth: coordLabel.\
implicitWidth + \
16\x0a    implicitH\
eight: coordLabe\
l.implicitHeight\
 + 12\x0a    width:\
 implicitWidth\x0a \
   height: impli\
citHeight\x0a\x0a    L\
abel {\x0a      id:\
 coordLabel\x0a    \
  anchors.center\
In: parent\x0a     \
 color: Cores.Co\
reStyle.text\x0a   \
   font.family: \
\x22monospace\x22\x0a    \
  text: infoPane\
l.hoverValid\x0a   \
         ? qsTr(\
\x22\xe5\x83\x8f\xe7\xb4\xa0 (%1, %2)\
\x5cn\xe7\x9b\xb8\xe6\x9c\xba (%3, %4\
, %5) mm\x5cn\xe6\x9c\xba\xe5\xba\x8a\
 (%6, %7, %8) mm\
\x22)\x0a             \
   .arg(Math.rou\
nd(infoPanel.pix\
el.x))\x0a         \
       .arg(Math\
.round(infoPanel\
.pixel.y))\x0a     \
           .arg(\
infoPanel.camera\
Valid && infoPan\
el.camera && !is\
NaN(infoPanel.ca\
mera.x) ? infoPa\
nel.camera.x.toF\
ixed(3) : \x22--\x22)\x0a\
                \
.arg(infoPanel.c\
ameraValid && in\
foPanel.camera &\
& !isNaN(infoPan\
el.camera.y) ? i\
nfoPanel.camera.\
y.toFixed(3) : \x22\
--\x22)\x0a           \
     .arg(infoPa\
nel.cameraValid \
&& infoPanel.cam\
era && !isNaN(in\
foPanel.camera.z\
) ? infoPanel.ca\
mera.z.toFixed(3\
) : \x22--\x22)\x0a      \
          .arg(i\
nfoPanel.machine\
 && !isNaN(infoP\
anel.machine.x) \
? infoPanel.mach\
ine.x.toFixed(3)\
 : \x22--\x22)\x0a       \
         .arg(in\
foPanel.machine \
&& !isNaN(infoPa\
nel.machine.y) ?\
 infoPanel.machi\
ne.y.toFixed(3) \
: \x22--\x22)\x0a        \
        .arg(inf\
oPanel.machine &\
& !isNaN(infoPan\
el.machine.z) ? \
infoPanel.machin\
e.z.toFixed(3) :\
 \x22--\x22)\x0a         \
   : qsTr(\x22\xe7\xa7\xbb\xe5\x8a\
\xa8\xe9\xbc\xa0\xe6\xa0\x87\xe6\x9f\xa5\xe7\x9c\x8b\xe5\x9d\x90\
\xe6\xa0\x87\x22)\x0a    }\x0a  }\x0a\
}\x0a\
\x00\x00\x0cX\
i\
mport QtQuick\x0aim\
port QtQuick.Con\
trols\x0a\x0aimport \x22.\
./../../cores\x22 a\
s Cores\x0a\x0aItem {\x0a\
  id: overlay\x0a  \
anchors.fill: pa\
rent\x0a\x0a  property\
 var toolWorldPo\
sition: ({})\x0a  p\
roperty real pix\
elSizeMm: 0.2\x0a  \
property real sc\
aleX: 1.0\x0a  prop\
erty real scaleY\
: 1.0\x0a  property\
 real imageWidth\
: 640\x0a  property\
 real imageHeigh\
t: 360\x0a  propert\
y var calibratio\
nCore: null\x0a\x0a  r\
eadonly property\
 bool hasTool: t\
oolWorldPosition\
 && toolWorldPos\
ition.x !== unde\
fined && toolWor\
ldPosition.y !==\
 undefined\x0a  rea\
donly property p\
oint toolPixelPo\
int: {\x0a    if (!\
hasTool)\x0a      r\
eturn Qt.point(-\
1, -1)\x0a    if (c\
alibrationCore &\
& calibrationCor\
e.worldToImage !\
== undefined) {\x0a\
      var mapped\
 = calibrationCo\
re.worldToImage(\
toolWorldPositio\
n)\x0a      return \
Qt.point(mapped.\
x, mapped.y)\x0a   \
 }\x0a    if (pixel\
SizeMm <= 0)\x0a   \
   return Qt.poi\
nt(-1, -1)\x0a    r\
eturn Qt.point(t\
oolWorldPosition\
.x / pixelSizeMm\
, toolWorldPosit\
ion.y / pixelSiz\
eMm)\x0a  }\x0a  reado\
nly property rea\
l toolPixelX: to\
olPixelPoint.x\x0a \
 readonly proper\
ty real toolPixe\
lY: toolPixelPoi\
nt.y\x0a  readonly \
property bool to\
olVisible: hasTo\
ol\x0a      && tool\
PixelX >= 0 && t\
oolPixelX <= ima\
geWidth\x0a      &&\
 toolPixelY >= 0\
 && toolPixelY <\
= imageHeight\x0a\x0a \
 function reques\
tUpdate() { tool\
Cross.requestPai\
nt() }\x0a\x0a  onTool\
WorldPositionCha\
nged: requestUpd\
ate()\x0a  onPixelS\
izeMmChanged: re\
questUpdate()\x0a  \
onScaleXChanged:\
 requestUpdate()\
\x0a  onScaleYChang\
ed: requestUpdat\
e()\x0a  onImageWid\
thChanged: reque\
stUpdate()\x0a  onI\
mageHeightChange\
d: requestUpdate\
()\x0a  onToolVisib\
leChanged: reque\
stUpdate()\x0a  onC\
alibrationCoreCh\
anged: requestUp\
date()\x0a\x0a  Rectan\
gle {\x0a    id: ma\
rker\x0a    visible\
: overlay.toolVi\
sible\x0a    width:\
 12\x0a    height: \
12\x0a    radius: 6\
\x0a    color: \x22#f8\
7171\x22\x0a    border\
.color: \x22#ffffff\
\x22\x0a    border.wid\
th: 1.5\x0a    x: o\
verlay.toolPixel\
X * overlay.scal\
eX - width / 2\x0a \
   y: overlay.to\
olPixelY * overl\
ay.scaleY - heig\
ht / 2\x0a  }\x0a\x0a  Ca\
nvas {\x0a    id: t\
oolCross\x0a    anc\
hors.fill: paren\
t\x0a    visible: o\
verlay.toolVisib\
le\x0a    onPaint: \
{\x0a      var ctx \
= getContext(\x222d\
\x22)\x0a      ctx.cle\
arRect(0, 0, wid\
th, height)\x0a    \
  if (!overlay.t\
oolVisible)\x0a    \
    return\x0a     \
 var px = overla\
y.toolPixelX * o\
verlay.scaleX\x0a  \
    var py = ove\
rlay.toolPixelY \
* overlay.scaleY\
\x0a      ctx.strok\
eStyle = \x22#f8717\
1\x22\x0a      ctx.lin\
eWidth = 1.2\x0a   \
   ctx.beginPath\
()\x0a      ctx.mov\
eTo(px - 12, py)\
\x0a      ctx.lineT\
o(px + 12, py)\x0a \
     ctx.moveTo(\
px, py - 12)\x0a   \
   ctx.lineTo(px\
, py + 12)\x0a     \
 ctx.stroke()\x0a  \
  }\x0a    onWidthC\
hanged: requestP\
aint()\x0a    onHei\
ghtChanged: requ\
estPaint()\x0a  }\x0a\x0a\
  Rectangle {\x0a  \
  visible: overl\
ay.toolVisible\x0a \
   radius: 6\x0a   \
 color: Qt.rgba(\
0.1, 0.04, 0.04,\
 0.85)\x0a    borde\
r.color: Qt.rgba\
(1, 0.55, 0.55, \
0.7)\x0a    border.\
width: 1\x0a    anc\
hors.margins: 8\x0a\
    anchors.righ\
t: parent.right\x0a\
    anchors.top:\
 parent.top\x0a    \
implicitWidth: t\
oolLabel.implici\
tWidth + 16\x0a    \
implicitHeight: \
toolLabel.implic\
itHeight + 12\x0a\x0a \
   Label {\x0a     \
 id: toolLabel\x0a \
     anchors.cen\
terIn: parent\x0a  \
    font.family:\
 \x22monospace\x22\x0a   \
   color: Cores.\
CoreStyle.text\x0a \
     text: overl\
ay.toolVisible\x0a \
           ? qsT\
r(\x22\xe5\x88\x80\xe5\x85\xb7\xe5\x9d\x90\xe6\xa0\x87:\
 %1 mm, %2 mm\x22)\x0a\
                \
.arg(toolWorldPo\
sition.x.toFixed\
(3))\x0a           \
     .arg(toolWo\
rldPosition.y.to\
Fixed(3))\x0a      \
      : \x22\x22\x0a    }\
\x0a  }\x0a}\x0a\
\x00\x00\x02^\
\x00\
\x00\x08px\xda\xbd\x95]o\x9b0\x14\x86\xef\xf3+\
N\xef`K([\xb5J\x8d\xd4\x8b\xad\xbb\xe9\xc5\xd4\
u\xab\xa6\x99\x9b\xca\x05'\xa5\x0b62\xa6\x85\xac\xf9\
\xef;\x86\xf0aL\x88\xb4I\x8b\x88\x84}\x9es\xfc\
\xfa\xc5\x1fq\x92\x0a\xa9\xe0V\xdd\xe6q\xf8k6\xbb\
V,\x81\xdf3\x808ZB($;\xfb<\xc3\xd6\
\xe9)\xdc<<\xb1P\x81\x92\x94g+!\x13\xecM\
\xa5H\x99T%HF7 *\xe0\x9bPT\xc5\x82\
\xff\x5c\x82\x7f\x04!\xc7\x91`\x09\x8b\x0b\x03z\xc6\xa8\
\x90g\xd1\x1e\xfc\x1e\xd2\x0d[\xa2~\xaf\x098\xef\xe6\
\xa0\x1f\xf7@\xe9\x9b\xd5*cjB^\x0d\x90c@\
0\x00Za4W\xa2FL]\xfe\x1c\xf4\xe3\xee\xfd\
\xbc\xa2\x09\x93t\xc2\xcf\xb0\x02&\xe4\xf6\x01r\x0c@\
\xb9\xe7\xbe\xbf\x1f\xfb\x9a+&9\x12\x19\xda\xcc\x00\x87\
\x875\xcbT.\x19<R\x1emb\xbe\xb6\x8a\xdd#\
+\xc7\x85\xd4!r84\xb9(Ld\xa2\xcaW:\
U\x00\xa3U.\x86W9\x0fu-x`\xeb\x98W\
\x95\x99S\xcc\xa1t\xab\xa5\x0d\xcd\x5c\xe0\x12\x8a^\x9b\
`\xbb\xec\xb5[\xd5\xd8?X\xdc#\x14\xb1(\x82\xd4\
\xce\xd0#+)w\xc2\x10\xf3L%D\x85\xd6\x02\x8b\
FY\x17(\xb5\xa86@\xaa\xc0@\x0c\x12C\xc1\x0b\
\x9d\xf8\x06|\xef\xc3H\x02\xb1\x12\x08\xbc\xd5\x12\x9a\x84\
\x9dm\x22\xba\xfb\x17\x0e\xea/\x86]\xc6J6\xc3d\
\x10\xb6=K)\xffg\xc3\x0c\x01\xed\xec+u\xe8T\
a1\xa4\xcfT\xe6\x94\x96.\x1a=\xe5\x99\x0a\x84H\
\x9c\x88m\x14\xed\xab\xe3\xec%\x18L,\xd0#i\xae\
\xf7Y\xcc\xf8%|\xa1\xea\xd1Kh\xe1\x9c\xe3AQ\
7b\xee\xe8bsx\xef\xe3\xcfum\x19i\xba)\
?\xe2\x91s\xc5\xf4\xa6v0\xe3\x93\xc8y\x94\xcd\x01\
+\xd5\xaf\x8d\xb4x\x05\xceI\x0b\xc0\xeb+\x9ctL\
E\x00\xee(<\x06x;\x93P\xfb\xbc@\xc1(\xbb\
\xab\xed\x15\xe8I\x9b\xea\x15n\xc7\x97\xa3|i\xf0e\
\x8f\xdf\x8e\xf2[\x83\xdf\xd6|w\xb0bN\xffd\x0d\
qu\x84%\xfe\xf7\xa0q\xd0#\xdb%z\x85\x05\x10\
\x13(- 0\x81\xad\xbd\xab\x19\xf6\xff\x88\xd9\x8b\xd3\
\x18moP\xff\xc0>\x1c\xeb\xd7\x03\xd6\xb7\x1e\xf4o\
\xb9\xc1\xa4{\xd7\xdc\x7f\x98\xb1\xbd\x87\xfc\xd1]\xe3\x8f\
.l}\xf3h\xd7v\xb3?v\xce\xb1\xc2\
\x00\x00\x076\
i\
mport QtQuick\x0aim\
port QtQuick3D\x0a\x0a\
Node {\x0a  id: roo\
t\x0a\x0a  property ur\
l meshSource: \x22\x22\
\x0a  property stri\
ng fallbackPrimi\
tive: \x22#Cube\x22\x0a  \
property color b\
aseColor: \x22#f3f4\
f6\x22\x0a  property b\
ool reloadOnSour\
ceChange: true\x0a \
 property string\
 errorString: \x22\x22\
\x0a  property int \
modelStatus: (mo\
del.status !== u\
ndefined ? model\
.status : status\
Null)\x0a  readonly\
 property int st\
atusNull: 0\x0a  re\
adonly property \
int statusReady:\
 1\x0a  readonly pr\
operty int statu\
sError: 2\x0a  read\
only property in\
t statusLoading:\
 3\x0a\x0a  onMeshSour\
ceChanged: {\x0a   \
 if (!reloadOnSo\
urceChange)\x0a    \
  return\x0a    rel\
oadTimer.restart\
()\x0a  }\x0a\x0a  Timer \
{\x0a    id: reload\
Timer\x0a    interv\
al: 80\x0a    repea\
t: false\x0a    onT\
riggered: {\x0a    \
  if (!root.mesh\
Source) {\x0a      \
  model.source =\
 root.fallbackPr\
imitive\x0a      } \
else if (String(\
root.meshSource)\
.length === 0) {\
\x0a        model.s\
ource = root.fal\
lbackPrimitive\x0a \
     } else {\x0a  \
      model.sour\
ce = \x22\x22\x0a        \
resetTimer.resta\
rt()\x0a      }\x0a   \
 }\x0a  }\x0a\x0a  Timer \
{\x0a    id: resetT\
imer\x0a    interva\
l: 20\x0a    repeat\
: false\x0a    onTr\
iggered: model.s\
ource = root.mes\
hSource\x0a  }\x0a\x0a  s\
ignal modelBound\
sReady(var minBo\
unds, var maxBou\
nds)\x0a\x0a  onModelS\
tatusChanged: {\x0a\
    if (modelSta\
tus === statusEr\
ror) {\x0a      err\
orString = qsTr(\
\x22\xe6\xa8\xa1\xe5\x9e\x8b\xe5\x8a\xa0\xe8\xbd\xbd\xe5\xa4\xb1\
\xe8\xb4\xa5\x22)\x0a      if (\
model.source !==\
 root.fallbackPr\
imitive)\x0a       \
 model.source = \
root.fallbackPri\
mitive\x0a    } els\
e if (modelStatu\
s === statusRead\
y) {\x0a      error\
String = \x22\x22\x0a    \
  var bounds = m\
odel.bounds\x0a    \
  if (bounds && \
bounds.minimum &\
& bounds.maximum\
)\x0a        modelB\
oundsReady(bound\
s.minimum, bound\
s.maximum)\x0a    }\
 else if (modelS\
tatus === status\
Loading) {\x0a     \
 errorString = \x22\
\x22\x0a    }\x0a  }\x0a\x0a  M\
odel {\x0a    id: m\
odel\x0a    source:\
 root.fallbackPr\
imitive\x0a    mate\
rials: [\x0a      P\
rincipledMateria\
l {\x0a        id: \
defaultMaterial\x0a\
        baseColo\
r: root.baseColo\
r\x0a        roughn\
ess: 0.35\x0a      \
  metalness: 0.0\
\x0a      }\x0a    ]\x0a \
 }\x0a}\x0a\
\x00\x00\x09\x85\
i\
mport QtQuick\x0aim\
port QtQuick.Con\
trols\x0aimport QtQ\
uick.Layouts\x0aimp\
ort QtQuick3D\x0aim\
port QtQuick3D.H\
elpers\x0a\x0aimport \x22\
../../../cores\x22 \
as Cores\x0aimport \
\x22layer\x22\x0aItem {\x0a \
 id: root\x0a  Layo\
ut.fillWidth: tr\
ue\x0a  Layout.fill\
Height: true\x0a\x0a  \
property url mes\
hSource: \x22\x22\x0a  pr\
operty color mod\
elColor: \x22#f3f4f\
6\x22\x0a  property bo\
ol showControls:\
 true\x0a  property\
 bool showGrid: \
true\x0a  property \
bool autoCenter:\
 true\x0a  property\
 alias loadStatu\
s: modelNode.mod\
elStatus\x0a  prope\
rty string error\
String: \x22\x22\x0a\x0a  re\
adonly property \
bool isLoading: \
loadStatus === m\
odelNode.statusL\
oading\x0a  readonl\
y property bool \
hasError: loadSt\
atus === modelNo\
de.statusError\x0a\x0a\
  Core3D {\x0a    i\
d: core3D\x0a  }\x0a\x0a \
 Rectangle {\x0a   \
 anchors.fill: p\
arent\x0a    radius\
: 4\x0a    color: C\
ores.CoreStyle.s\
urface\x0a    borde\
r.color: Cores.C\
oreStyle.border\x0a\
    border.width\
: 1\x0a  }\x0a\x0a  View3\
D {\x0a    id: view\
port\x0a    anchors\
.fill: parent\x0a  \
  renderMode: Vi\
ew3D.Offscreen\x0a \
   environment: \
SceneEnvironment\
 {\x0a      id: env\
\x0a      backgroun\
dMode: SceneEnvi\
ronment.Color\x0a  \
    clearColor: \
Qt.rgba(0.05, 0.\
08, 0.12, 1)\x0a   \
   lightProbe: T\
exture {\x0a       \
 textureData: Pr\
oceduralSkyTextu\
reData { sunLong\
itude: 30; sunLa\
titude: 25 }\x0a   \
   }\x0a      Infin\
iteGrid {\x0a      \
  visible: root.\
showGrid\x0a       \
 gridInterval: 2\
50\x0a\x0a      }\x0a    \
}\x0a\x0a    Node {\x0a  \
    id: sceneRoo\
t\x0a\x0a      Directi\
onalLight {\x0a    \
    eulerRotatio\
n: Qt.vector3d(-\
45, -45, 0)\x0a    \
    brightness: \
2500\x0a        cas\
tsShadow: true\x0a \
     }\x0a\x0a      Di\
rectionalLight {\
\x0a        eulerRo\
tation: Qt.vecto\
r3d(65, 120, 0)\x0a\
        brightne\
ss: 1200\x0a       \
 shadowFactor: 0\
.2\x0a      }\x0a\x0a    \
  PerspectiveCam\
era {\x0a        id\
: sceneCamera\x0a  \
      x: core3D.\
cameraOffsetX\x0a  \
      y: core3D.\
cameraOffsetY\x0a  \
      z: core3D.\
cameraOffsetZ\x0a  \
      clipFar: 2\
00000\x0a        cl\
ipNear: 10\x0a     \
 }\x0a    }\x0a\x0a    Mo\
delNode3D {\x0a    \
  id: modelNode\x0a\
      meshSource\
: root.meshSourc\
e\x0a      baseColo\
r: root.modelCol\
or\x0a      eulerRo\
tation.x: core3D\
.objectRotationX\
\x0a      eulerRota\
tion.y: core3D.o\
bjectRotationY\x0a \
     eulerRotati\
on.z: core3D.obj\
ectRotationZ\x0a   \
   x: core3D.obj\
ectOffsetX\x0a     \
 y: core3D.objec\
tOffsetY\x0a      z\
: core3D.objectO\
ffsetZ\x0a      sca\
le: core3D.objec\
tScale\x0a      onE\
rrorStringChange\
d: root.errorStr\
ing = errorStrin\
g\x0a      onModelB\
oundsReady: func\
tion(minBounds, \
maxBounds) {\x0a   \
     if (root.au\
toCenter)\x0a      \
    core3D.apply\
AutoCenter(minBo\
unds, maxBounds)\
\x0a      }\x0a    }\x0a\x0a\
  }\x0a\x0a  Control3D\
 {\x0a    core3D: c\
ore3D\x0a    showOv\
erlay: root.show\
Controls\x0a  }\x0a\x0a\x0a \
 LabelLayer{\x0a\x0a  \
}\x0a}\x0a\
\x00\x00\x08\xa5\
i\
mport QtQuick\x0aim\
port QtQuick.Con\
trols\x0aimport QtQ\
uick.Layouts\x0a\x0aim\
port \x22../../../c\
ores\x22 as Cores\x0a\x0a\
Item {\x0a  id: roo\
t\x0a  property Ite\
m core3D\x0a  prope\
rty bool allowRo\
tate: true\x0a  pro\
perty bool allow\
Pan: true\x0a  prop\
erty bool showOv\
erlay: true\x0a\x0a  a\
nchors.fill: par\
ent\x0a  HoverHandl\
er { acceptedDev\
ices: PointerDev\
ice.Mouse | Poin\
terDevice.TouchP\
ad }\x0a\x0a  WheelHan\
dler {\x0a    id: w\
heelHandler\x0a    \
target: root\x0a   \
 onWheel: {\x0a    \
  if (!root.core\
3D)\x0a        retu\
rn\x0a      root.co\
re3D.adjustZoom(\
wheel.angleDelta\
.y)\x0a      wheel.\
accepted = true\x0a\
    }\x0a  }\x0a\x0a  Mou\
seArea {\x0a    anc\
hors.fill: paren\
t\x0a    acceptedBu\
ttons: Qt.LeftBu\
tton | Qt.RightB\
utton\x0a    preven\
tStealing: true\x0a\
    onPressed: f\
unction(mouse) {\
\x0a      if (!root\
.core3D)\x0a       \
 return\x0a      if\
 (mouse.button =\
== Qt.LeftButton\
 && root.allowRo\
tate)\x0a        ro\
ot.core3D.beginR\
otate(mouse.x, m\
ouse.y)\x0a      el\
se if (mouse.but\
ton === Qt.Right\
Button && root.a\
llowPan)\x0a       \
 root.core3D.beg\
inPan(mouse.x, m\
ouse.y)\x0a    }\x0a  \
  onPositionChan\
ged: function(mo\
use) {\x0a      if \
(!root.core3D)\x0a \
       return\x0a  \
    if ((mouse.b\
uttons & Qt.Left\
Button) && root.\
allowRotate)\x0a   \
     root.core3D\
.rotateTo(mouse.\
x, mouse.y)\x0a    \
  if ((mouse.but\
tons & Qt.RightB\
utton) && root.a\
llowPan)\x0a       \
 root.core3D.pan\
To(mouse.x, mous\
e.y)\x0a    }\x0a  }\x0a\x0a\
  RowLayout {\x0a  \
  id: controlsRo\
w\x0a    anchors.to\
p: parent.top\x0a  \
  anchors.right:\
 parent.right\x0a  \
  anchors.margin\
s: 12\x0a    spacin\
g: 8\x0a    visible\
: root.showOverl\
ay && root.core3\
D\x0a\x0a    Label {\x0a \
     text: qsTr(\
\x22\xe7\xbc\xa9\xe6\x94\xbe\x22)\x0a      \
color: Cores.Cor\
eStyle.text\x0a    \
  font.pixelSize\
: 12\x0a      opaci\
ty: 0.7\x0a    }\x0a\x0a \
   Slider {\x0a    \
  id: scaleSlide\
r\x0a      Layout.p\
referredWidth: 1\
20\x0a      from: 0\
.2\x0a      to: 3.5\
\x0a      stepSize:\
 0.1\x0a      value\
: root.core3D ? \
root.core3D.obje\
ctScale.x : 1\x0a  \
    onMoved: {\x0a \
       if (!root\
.core3D)\x0a       \
   return\x0a      \
  var s = Qt.vec\
tor3d(value, val\
ue, value)\x0a     \
   root.core3D.o\
bjectScale = s\x0a \
     }\x0a    }\x0a\x0a  \
  Label {\x0a      \
text: scaleSlide\
r.value.toFixed(\
1) + \x22x\x22\x0a      c\
olor: Cores.Core\
Style.muted\x0a    \
  font.pixelSize\
: 12\x0a    }\x0a\x0a    \
ToolButton {\x0a   \
   text: qsTr(\x22\xe9\
\x87\x8d\xe7\xbd\xae\x22)\x0a      on\
Clicked: root.co\
re3D && root.cor\
e3D.resetView()\x0a\
      ToolTip.vi\
sible: hovered\x0a \
     ToolTip.tex\
t: qsTr(\x22\xe9\x87\x8d\xe7\xbd\xae\xe8\
\xa7\x86\xe8\xa7\x92\x22)\x0a    }\x0a  \
}\x0a}\x0a\
\x00\x00\x02S\
i\
mport QtQuick\x0d\x0ai\
mport QtQuick.Co\
ntrols\x0d\x0aimport \x22\
../../../../core\
s\x22 as Cores\x0d\x0aIte\
m {\x0d\x0a    anchors\
.fill: parent\x0d\x0a \
   BusyIndicator\
 {\x0d\x0a      anchor\
s.centerIn: pare\
nt\x0d\x0a      runnin\
g: root.isLoadin\
g\x0d\x0a      visible\
: running\x0d\x0a     \
 width: 48\x0d\x0a    \
  height: 48\x0d\x0a  \
  }\x0d\x0a\x0d\x0a    Label\
 {\x0d\x0a      visibl\
e: root.hasError\
\x0d\x0a      anchors.\
horizontalCenter\
: parent.horizon\
talCenter\x0d\x0a     \
 anchors.bottom:\
 parent.bottom\x0d\x0a\
      anchors.bo\
ttomMargin: 12\x0d\x0a\
      text: root\
.errorString.len\
gth > 0 ? root.e\
rrorString : qsT\
r(\x22\xe6\xa8\xa1\xe5\x9e\x8b\xe5\x8a\xa0\xe8\xbd\xbd\xe5\
\xa4\xb1\xe8\xb4\xa5\x22)\x0d\x0a      c\
olor: Cores.Core\
Style.danger\x0d\x0a  \
    font.pixelSi\
ze: 13\x0d\x0a    }\x0d\x0a}\
\x0d\x0a\
\x00\x00\x07\x03\
\x00\
\x00\x1a\xf8x\xda\xddY_o\x1bE\x10\x7f\x8f\x94\xef\
\xb0\x1cRe\xd3p\xb5\x938u\x9c\x86*u\x0b\x89\
\xd4\x964\x89\xe0\xa1\xaa\xaa\xf5\xdd\xda^\xf5\xbc{\xec\
\xdd%q#K\xe5\x01!\x90P\xa9\xfa\x00\x0f\xad\x80\
\x02\xa2R\xd5?Ry@\xaaJ\xbf\x0c&\xed\xb7`\
v\xef\xce\xbe\xbd;;NJ\x01\xe1D\xf1\xdd\xee\xcc\
\xec\xfc\xf9\xcd\xec\xec\x86v\x5c.|t\xc9\xbf\x14P\
\xeb\xda\xf4\x14\xd5\xde\xcd:g\xbe\xe0\x8e\x97\x998\x8f\
\xbb<\xf0\x87\xe3\x86i\x9e\xb0\xb8 \x9e\x81\xb0\x87\xea\
\xf2izjz\xea\xc4\x09\xb4A[m\xff]\x8f\xda\
\x04y\xc4\xf7)ky\xc8\x16x\x87\x88\xe9\xa9\xb3\xea\
\x1b\xedMO!D\xed\xda\x80\xe0l4\x8f\x10\xb1[\
\xa4\x06\xab\x9aJ\xcc9x\x93\xa3;\xd4\xf6\xdb5t\
\x01\xfbm\xb3CYa\xaeZ\x9aA.\x16\x84\xf9\xe8\
t\xf4`*\x22\xf4\x0e*\x99s\x0b\xa8\x86\x80\xa6(\
y\xdbDJ\xaae\xc8\xc3q \x5c(\x95$]\x87\
\xdb\xd8\xa9\xa1&v<\xb5&e>\x11\xd8\xf2\xe96\
(\xe4\x8b@\x0d6\xb9\x15x\xc3W\x9bv\xe2\x175\
\x1b0\xa0\xe7\x0c]u0k\x05\xb8E\xea\xdc&\x05\
0\xae\x18\xda\x8c\xd06\x16\xc8\x82A\xb4\x8c`8\x1c\
\xa3MT\x08\xc7\x96\x97Q\xc0l\xd2\xa4\x8c\xd8\xc5p\
\x12\xc5\xe4\xc6\xf5\xf6\xd5\xfaE#\x87\x85\x05\x8e39\
\xb5a\x8c\xa5\x15\xc4\x0f\x04SSr\xa0\x17ZV\xe7\
N\xd0a!\x08bS0\xb3\xda\x5cxf\x93:N\
\xec^}\xa6\x83E\x8b2\xf0Wy6\x9c\xf0\x5cl\
A\xbca\xa0\x14\xcaE\xe8<n\x10'\x16\x89\x90O\
v!V\x9fx[\xa2`\xbc|\xf4\xfb\xfe\xf3GC\
u\x9b\x00N\xb3\xc1\x1d{\x18\x80\xc1\xb0Kw\x89\xb3\
I\xafC\xacf+\xf1L\xa8\xaf\x89\x1d\xdab\x1d\xd0\
N\x01kE\xbe\xad\xd6\x89\x0coH\xd8\x8bu\x01\xf4\
\xae\xac\xaf\xa16\xf7\x22C6\xf8\x8ensF_]\
c\xc9\xdd\xbf\xf3\xa4\x7f\xf7\xc6P\xeb\x81\x1a\xae M\
\x22\x04\xb1?\x0e\xd1\xbcX\x8aIz\xf1\xc3\x16\xc8z\
\x9f\x12\xc7N.\x10\xb1K7G\x9cI\xebc\x05T\
\x0a\x9a\xf2\xeff\x9cu\xa7s\x06M\xec\xd2U\xb0\x0f\
po\x18C\x19\x9c\xc9\xa5\xebm\x80-\x01\xf7J\xc0\
dy\x8b\xe3\xe4-+=\x86\x12]\x07[\xa4\x0d\xc1\
\x22bK)h\x94gO\x9a%\xf8)\x1b)\xbb\xd3\
\xfe\x97\x05\xe6\xe8\xfe\xdf\x7f\xf0\xb8\x7f\xf3\xc7\xa3\xf9\x7f\
\xd3\xa5\xec\x0c\xdfM\x8ao\x0a\x0e9^N\xac\xc7\xa1\
dT*s\x95\xe1\xd06v\x02r\xa8\x10\xac\xcb\x1a\
ZC\xd5R\xb9\x94\x0c\xc2GR\xd0\x05n\xd3&=\
|\x18\x94\xcc\xe5P\x991\x1e>\x1f\x95&(\xbe\x0e\
\xb1|\x1e%\xc1\x07\x82\x07\xaef\xbb,\xd0q\x1dS\
\xb3\x83\x1c\xa5\xbeC\x06I\xfa\xf8\xe1\xcb\xfb\x09\xb8\x8f\
Bk<\x9fWI\xb4\xd2\xb00\xa4\xcd\x05\x80F\x5c\
M\x8ef\xa0\x91\x86G\xff\xf9\xed\xfe\x17_\xd5\x92\xd8\
\x08\xcb\xa0\xc3\x85\x16>\xbf\xeb\x10\xb3\x13\xf8\xc4NR\
\xf6&\x5c,5\xa8\x15}}\xc73\xf5\x8dbR\x00\
\xc5L\x80\xa0\xecv\x11\x7f\xa2BN\xcbU\x06R\xe4\
\x97iS\x0f\xd2\xb2{\x11w\x88\xda\x0f\x8a  .\
\xf4#\xcc\x1c\xe9\x1dlY\x83z\x9f\xe1\xeb%cX\
\xe7\x9d\x06Oe\x95\x8e.E\xa1;w|\xc9\x0b=\
\xbd\xc1%\x0c\x0dGF\xc2HN\xaa\x14\x88f\xa5}\
\xda$\xec\xf3\x04\xf6\xab\xa4_\xf06\xa6 \xc5!q\
nx\xe0\x98\xcbW\x92F(3\x5c\xced\xe7\xc0\x99\
|v\x88/st/\xed-\x06\xc5\xf0\x1f\x0e\xb6\xac\
\x13\xca\x9ec\xc7B\x83\xac@\xc8\xddx\x90\xeao\xc1\
\xbe\x1f\x06<\x83\xcd\x5c\xfa\xe5I`!\x0d\xa5\xf6.\
\x10kq4)h\xb9\xfbaS\xd5\xb2\x10f9\xda\
\x02\xdf{\xcb\xa8\x94\xa3\x90.,\xd2lM\xca\x84\x95\
\x80o\x8cV==b\x9c\xad\xc8\xf6\x0d\xab8\xc5\xbd\
YA\xa9\x97YW*\xf5\x96\x82\xc6\x88D\xca\xb1A\
\xe9t\x0a\x95\x0e\xc9\x01v\xab\x85L\x87\xb0\x96\xdf\x9e\
\x88;\xf2\xb6O:(\xe2\xbe\xac\x84]\xc9\xb1BR\
\xe5\xf85Ol/\xcb>\x0e\x81\x12FR\xba9\x02\
K\xe3x\x13\x9c\x07\xeap \x96\xc7)1\x02\xd0\x93\
\xac\xaeW\xb0\x0c\xa6\xe0p\xc4\x88\x02\x91\xa75 \xd0\
\xe5\x92\xdc\x0e,\xd1E\xc4'\x03\xceb\x9d\xa2f\xab\
\x902\xe1_( GM\xe5d\x22\xcbp\x8d\xc9\x5c\
\x154;\x9bv\x87I\xf6^f\xed#\x95\xbc\x09\x0b\
\xde\xebaA.\xf2f\xa3\x9f\xdc\xbf\xd2\xd6\xfc\xdf\x02\
}PM\xca\x8d\xf3\xf8b4a\xb8\xb5\xa8\xaf\xc9\xf2\
\xbbwP\xa3\x1b\xce\xc6\xb7\x0e\xf3\xd9\x06|\xabM:\
\xd0}\xefP\xdfj\x83Z\xe3\xdao_\x92\x8e\xee\xbd\
\xff\xf8\xed\xd9\xab{\xdf\x1e\xdc{\xc7\x1b\x00\xb69s\
\xba\xc8\x15\xdc%\xc2\xef\xaa\xbe\x94\xbb\x0a\xc4\xd0\xef\x0c\
=\xb0\x87\xae\x91.\xf4N>\xb1\xdag\x00\x11\xc6\x0c\
RMV\xbc\xee\xfe/\xb7\xfe\xfc\xf2\xc6\xcb\xdbw\x8d\
\xe2L\xdc\x1f\x1ao\xcfV\x16\xe6H\xc3@\xbd\x99\xac\
$0C`\xc7\xce\x08z\xf1\xc3\xfe\x8b\xef\xf7\x9f\xbd\
\xd0\x04\x95K\x8d\xc5j9_\x10\xee4\x88\xc8\x88\xf9\
\xfa\xe7\xfd\x9b7^}~K\x13\xd3\xac,\x92\xd2\x08\
}\x98\x8c\xcez \xa0\x8bK\x0b\xeb\xfftg\xff\xd7\
\x07\x9a\xa4j\xa3b5\x17\xf2%\xb5\x04v\xdb\xb0\xb9\
dt\xfa\xeei\xff\xde\xfd\xfdO\x9fh\x92\x16\xe6O\
\xceW\xa5N\xb1\xa0D\x939\xa8\x12*\xea\xea|Q\
\x8054`7\xb9@\x05\xe8<\x11\x05\x0c\x97\x96\xe0\
\xebT\x02$f\x14\xcc\xa8\xb3XB\xc7\x8f\xd3T^\
\xc8t\xca2\x5c\xa6WLXJ\xdd\x0f\xa5\x97L\x9c\
%\xf2\x19\x95\xd9\x07\xe5\xd2@\x06\x88\xcf-\xa7\x7f\xe7\
\xa90y\xa8\xfe\xef\x1c\x0b\x13\xdeKD8-^M\
\x15_\xff\x08\x06^\x82\xfd\x09\x0a\x9eC\x00\xab\xd1\x05\
jy~iP\x99\xe4\xb3\xc06\x95\xf7\x99sK\xa3\
\xd6p\x05\xed`\xd1}\x03\x92C\xedG\x9e\x1a\x0fu\
\xf2\xdf .\x816_\xa4\x1d\x1f\x9d\xf5\xb2\xb8\xd5\xc9\
\x80\x88\xb4\x80\xbf\x96\xb4,\xddWF\x86V\x16\xd2\x13\
\xb1\xd9\xb3\xd5L\xcb\x1d9a>=\x11\xb9D\xa9w\
\x16\xfb\xd8T\x03i\xaa\x06\x176\xec\xfb#\xfc\x17\xce\
\x8e\xe0\x89\x94\xcd\x05\x97\xca\xf2\xe1\xd22\xefO\xa3Y\
\xa4]rE\x07(\xe9l\x1f\xaa\x5c\xc9\x5c\xac\xe8g\
\xab\xf8\xb62\xeb\xa7\xe1\xf5\xaf\xa5\xeeX\xd7\x98~9\
\x9cM\x8c\xa1.\x99R\xa2\xb9\x0bJ\xba\xfa\x18Y\x8a\
\xf4\x1dp|\xe1<\xf2l(?\x17x\xe0\x91\x15\xd8\
\x16\xc7\x19\x91\xbd\xdd\xd6b\xcf\xb7\x898\xc7\xe4\xdd\x81\
\x9d\xbd\xa4\x88\xb4\x0f\x84\xc7\xc5f\x1b\xbb\xe1\x7f6\xd6\
9e\xb2\x1fY\xc5\xcc\xae\xab\xb9,\x0fgu\x87Z\
\xd7\xa4\xd0L\xde\xb8\xae\xd3U=DA\x0bb1\xc7\
\xe2\xc3\x9etr\xda\x9ddS\xb1\x1a!]\xda9\xa4\
\xcb\xc9\xd43\x81\xef\xc3F6\xe2\x96\xb6\xff\xd9\xd3W\
\xdf<L\x96\xdb\x84\xb9\xa9\xa6\xd7r\xb8G\x0a\xc5\xcc\
MmV\xb9D\xc7\x930E\xfd\x81\xdf\xbf\x00\x85\xb9\
je\
\x00\x00\x08:\
i\
mport QtQuick.Co\
ntrols\x0aimport Qt\
Quick.Window\x0aimp\
ort \x22../datas\x22 a\
s Datas\x0aimport \x22\
./main_menus\x22 as\
 MainMenus\x0a\x0aMenu\
 {\x0a  id: mainMen\
u\x0a\x0a  readonly pr\
operty string _r\
ecordRoot: \x22D:/S\
aveData/record\x22\x0a\
\x0a  function open\
RecordFolder() {\
\x0a    var recordI\
d = Number(Datas\
.TaskDatas.lates\
tRecordId || 0)\x0a\
    var targetPa\
th = _recordRoot\
\x0a    if (recordI\
d > 0)\x0a      tar\
getPath += \x22/\x22 +\
 recordId\x0a    va\
r normalized = t\
argetPath.replac\
e(/\x5c\x5c/g, \x22/\x22)\x0a  \
  Qt.openUrlExte\
rnally(\x22file:///\
\x22 + normalized)\x0a\
  }\x0a\x0a  Menu {\x0a  \
  title: qsTr(\x22\xe6\
\x96\x87\xe4\xbb\xb6\x22)\x0a    Menu\
Item {\x0a      tex\
t: qsTr(\x22\xe6\x89\x93\xe5\xbc\x80\xe4\
\xbf\x9d\xe5\xad\x98\xe4\xbd\x8d\xe7\xbd\xae\x22)\x0a  \
    onTriggered:\
 mainMenu.openRe\
cordFolder()\x0a   \
 }\x0a  }\x0a\x0a  MainMe\
nus.InterfaceMen\
u {\x0a    settings\
Drawer: settings\
Drawer\x0a    setti\
ngsPage: setting\
sPage\x0a  }\x0a\x0a  Men\
uItem {\x0a    text\
: qsTr(\x22\xe5\x88\xb7\xe6\x96\xb0\xe9\x85\
\x8d\xe7\xbd\xae\x22)\x0a    enabl\
ed: settingsPage\
 && settingsPage\
.loadSettings\x0a  \
  onTriggered: {\
\x0a      if (setti\
ngsPage && setti\
ngsPage.loadSett\
ings)\x0a        se\
ttingsPage.loadS\
ettings()\x0a    }\x0a\
  }\x0a\x0a  MainMenus\
.ControlMenu { }\
\x0a\x0a  MainMenus.Da\
taMenu {\x0a    dat\
aEntryDialog: da\
taEntryDialog\x0a  \
}\x0a\x0a  MenuItem {\x0a\
    text: qsTr(\x22\
\xe6\xb8\x85\xe9\x99\xa4\xe5\x91\x8a\xe8\xad\xa6\x22)\x0a \
   onTriggered: \
{\x0a      if (!err\
orDialog)\x0a      \
  return\x0a      i\
f (errorDialog.v\
isible && errorD\
ialog.close)\x0a   \
     errorDialog\
.close()\x0a      e\
lse if (errorDia\
log.accept)\x0a    \
    errorDialog.\
accept()\x0a    }\x0a \
 }\x0a\x0a  MenuSepara\
tor { }\x0a\x0a  MenuI\
tem {\x0a    text: \
(win && win.visi\
bility === Windo\
w.FullScreen)\x0a  \
        ? qsTr(\x22\
\xe5\x85\xa8\xe5\xb1\x8f\x22)\x0a       \
   : qsTr(\x22\xe8\xbf\x9b\xe5\x85\
\xa5\xe5\x85\xa8\xe5\xb1\x8f\x22)\x0a    on\
Triggered: {\x0a   \
   if (!win)\x0a   \
     return\x0a    \
  if (win.visibi\
lity === Window.\
FullScreen)\x0a    \
    win.showMaxi\
mized()\x0a      el\
se\x0a        win.s\
howFullScreen()\x0a\
    }\x0a  }\x0a\x0a  Men\
uItem {\x0a    text\
: qsTr(\x22\xe8\xb0\x83\xe8\xaf\x95\xe7\xaa\
\x97\xe5\x8f\xa3\x22)\x0a    onTri\
ggered: {\x0a      \
if (!testWindow)\
\x0a        return\x0a\
      testWindow\
.visible = !test\
Window.visible\x0a \
     if (testWin\
dow.visible && t\
estWindow.raise)\
\x0a        testWin\
dow.raise()\x0a    \
}\x0a  }\x0a\x0a  MenuIte\
m {\x0a    text: qs\
Tr(\x22\xe6\xb5\x8b\xe8\xaf\x95\xe5\x9b\xbe\xe5\x83\x8f\
...\x22)\x0a    onTrig\
gered: {\x0a      i\
f (testDialog &&\
 testDialog.open\
)\x0a        testDi\
alog.open()\x0a    \
}\x0a  }\x0a\x0a  MenuSep\
arator { }\x0a\x0a  Me\
nuItem {\x0a    tex\
t: qsTr(\x22\xe9\x80\x80\xe5\x87\xba\xe5\
\xba\x94\xe7\x94\xa8\x22)\x0a    onTr\
iggered: Qt.quit\
()\x0a  }\x0a}\x0a\
\x00\x00\x02\xe1\
\x00\
\x00\x0a\xedx\xda\xd5VMo\x9b@\x10\xbd\xf3+F\
D\x8dl\xc9%\x80\xdd\xc4AJ\xab*\xad\xd4\xaa\xc9\
!N\xa4\x1c\xa2\x1c\xd60\x86U\x80E\xcb\x92\xda\x8a\
\xf8\xef\xdd\x05L\xc0\x01\xecT\xbdt.\xb0\xf3\xb1\xcc\
\xbcy;\x0b\x8d\x12\xc6\x05\xdc\x88\x9b\x8c\xbaO\x1am\
-\x8dK\x16\x0b\xce\xc2tW\x7fE6,\x13\xa9\xa6\
]\xb20\x8b\xe2r\x09/\x1aH\xa1\x9e\x03\x9c1Q\
,\x12\xce\x12\xe4b\x03\xa9\xe04\xf6AP\x11\xa2\x03\
\xba\xde\xb6>\x13\x0e)\xba\x82\xb28u\xe0\xe1\x11N\
N\xe0\xe1\x05b\x12I\xe72t\x02T`\xa4\xac/\
O\xb8\x99\xc8\x900\xc3\x09x\x98\xba\x9c&*2\x7f\
\x84\xfcQ+6N\x13\xe2\xca\x18\x07\xe6\xc5\xb2\xcc\xcf\
X\xd10\xbc\xa7\x9e\x08\x1c\x10<\xc3\xd2U~\xe9N\
%U9.1\xac\xeaP\x22p-\xcaj\x0cQ;\
)y\xa6)]\xaaJF\xca\x05\x8e\x8f\x0bW#\xc4\
\xd8\x17\x01|\x06s\x5c\xbb\xba,d\x5c\x96|tN\
<\xbd\xd6\xae$\xb2\xc6\x92\x85^\x95\xcbV\xdf\x93\xaa\
2\xe5e\xc2\x0bL\x90\x08\xe4\x8d4#\xe6a\xe8\xc0\
W\xce\xc9\xc6\xa0i\xf1\x1c\x15YoA\x1d\xc3\x17h\
)@\xc1\x5co \xc3\xd1\x97\x9b:\xd0\xd1\xd0\xad\xd4\
\xa0\xceZ\xea!p\xb7\x22A\xbe-?\x0c\x01\x12\x0f\
\xf9\xce\x0em\xd4\xdb\xe8\x8f\x8a\xea\xbe\x11A\x14\xcc\xf5\
\xc2P\xe4Pe\xdd\x16\xf4\x18\xed\x1aj\x925\xa5\xee\
\x85\xbb\xf4>\xa1\xf5\xd6\xa1\xaf-\x07\xb4g+\xf9\x9b\
\xd2\x7f*\xe2\x82\xcf\xa9\xd7\xb2\x0c@}\xe0\xa7z\xe8\
\xd0\x94\x8a\x1am\x10\xdbDyE\xae8ac\x05\xea\
\x8e\xae\xcd\x96\xa6\xbc2g!\x1bLb?\xc4\x9eL\
\xdeQ\xd3V~\x97>\x09\xe1\x18\x0b\x99U\xf9b\x14\
j\x99\xd2\xdc4{C\x03\xa4~ \xd9sMD`\
Dd=\xb2\xe7\x13\x10k\xf1\x0be\xe1Q\x12R\x97\
\x8a\x1f\x85\xcf\xb8w\x8f\x8a-4\xf6p\x0d\x1f\xc0\x86\
\x8b\x8b\x0b0e\x1e\xfa\x915\xb3\xe6\xb6\xa5+\x96\x1d\
Yg\x96g\x9f\xe9\xbd\xdbp\xe2\xd1,\xdd=6M\
Y2.\xcf\x84Q\xb3\xd3\x9e\xdadz\xaak\xbd\x01\
\x0b\xf6\xbb\x977M!\xb1\x1b0\x9e\x16\x80oq<\
( \x22\xdc\xa7j\x16\x9f\x0e\xba\xd7#\xc12\x07\xfd\
\xfaN\xf8\xae\xa8\xbb\xa3l\xd2^\xd7\xe1\xe1 \xaf\x88\
\xce\xd9P\xe8;GC\xef\xa8@\x1b\xe7+s\x7f@\
\xc5\xed\x84\xe3\x0a9G\xaf\x22\xb8=3\xf7\x86bH\
=y\x82\xee\xd4\x15\xf2]\xbd/\x141\x07\xc3\xf2\x7f\
\x82\xf70\x88\xc5\x15\xdb\x09ce\x91\xf0||\x07\x92\
}C\xf7P$\xcd\xff\x16\xc9\xc6_J'\x9e-\xfb\
\xfb\xe8y>#\xd3\xe5\xfc`P\x0f\x1d\xbd\xf5\x08\xe6\
$\xb9f5\xa6\xf7rR\xddK\xd5\xde89ri\
\x94EW4\xc6K\x96\xc5\x12\x9b\xe9_v\xa1\xdb\xf2\
V\x9bk\xdd\xab\xbc\xfay\x92\xf7\xf2\x1f\xb8\xbf\x9e\xb8\
\
\x00\x00\x00\x84\
i\
mport QtQuick\x0d\x0ai\
mport QtQuick.Co\
ntrols\x0d\x0aLabel {\x0d\
\x0a    font.bold: \
true\x0d\x0a    font.p\
ointSize: 25\x0d\x0a  \
  text: qsTr(\x22\xe8\xae\
\xbe\xe7\xbd\xae\xe4\xb8\xad\xe5\xbf\x83\x22)\x0d\x0a\x0d\x0a\
}\x0d\x0a\
\x00\x00\x0a\x01\
\x00\
\x00)\xc5x\xda\xcdZ\xedo\x14\xc7\x19\xff\x8e\xc4\xff\
09\xd4\xe8\xae:-gcp8\x95 s!\x0d\
\x15\xae\x9d\x80\x82*\xc4\x87\xf1\xee\xdc\xdd\x96\xbd\x9d\xed\
\xee\x1c\xe6\x04'UQ\xdc\xb4\xfd\xd0V\xaa\xa2FU\
Z5R\xac\xf6Kh\x9b\x22A\xa0Q\xfe\x99\x1cv\
\xff\x8b>\xf3\xb63\xb3/\xe7\xc5@\x14\xcb\xe0\xddy\
f\x9e\xf9\xcd3\xcf\xdb<\xb3\xe1$\xa1)C\xef\xb2\
w\xa7\xa1\x7f\xfb\xe4\x89\xd0y\xf7\x064f)\x8d\xb2\
\x12\xe1*\x9e\xd1)3\xed-\xcf;\x0d\xbf\x1bI\xd8\
B8C\xf0\xb7H\xf2)\xbc\xc6$f\xd9\xe9\x1d\x16\
g\xa2\xdb%x(\xf7K\x89\xa4\x0e\xf8\x93!'x\
\x04\x84\x93'N\x9e\xd8\xa6\xc94A\xf7N\x9e@(\
\x0c\xfa(\xa5\x94\xf1\xe7\x09\x0dp\xd4G,\x9d\x12\xfe\
\x1a\x84\x13\xf32\xa4\xfe43\xaf8\xf6\xc74\xcd<\
\x1f\xf0\x90\xf4J\xdcG\x09N\xe1\x99\xd3v\xc3\x80\x8d\
u\x03\xba\x8861\x1b{\x930n\xcb\x16O\xd0\xd1\
\x0fQ\xcf;\xdfE+\xbd7z\x1d\xd4G\xe7\xcf\xf5\
\xf8\xd81\x09Gc\xb6d\xb0\xec\xa0G\xaf\xaf\x8a\xc1\
\xe7\xd6\xc4`?\xa2\x19\xd9\xa6Q\xe8\xcf\xfaH\xac\xd1\
\x1b\xf0\xa6\xad\xf8r\xe6\xe3\x84\xa0\xfbn\xeb6\x88'\
\xdb\x82]\x08\x03\xc2\xc5\x82P\x92\xd2\x84\xa4l\x86v\
(\x8dPDq\x10\xc6\xa3>\x1a\xe2(#\x0e=c\
)P\x10IS\x9a^'w\x01q\xab\xe5t\xb8\x83\
S\x94\x11\xc6\xa0W\xf6\x16f\xb8\x8f\xdaB\xde\x08\x8d\
HLR.\xe7{\xf3\xael\x81A> \xb1Zp\
4\xa2i\xc8\xc6\x13\xab\x8d\x01$\xe8s\xf3\x16\x7f\x9d\
w$\xe0\x94\xe0\x80\xc6\xd1\xcc\x9d\xd8\xc7\x8cp\x06\x84\
\xf7\x97\xa3\xef\x89\x9dn\xa9\xc9[]\x14\xe1\x1d\x02 \
~\x91]O\xdb\xad\xc5\xe3\xc7\x87\x7f\xffp\xf1\xfb\x0f\
\x9e}\xfc\xafV\xa7\x8b\xb8\xaa\xf45\xd2mxA\x1a\
\x85\xe2\xa3 \x97\xf8<\xda?\xfc\xcd\x93\x22\x1f\xd5\xb9\
\x8aO\xbe\xd0\x22\xa7\x83\x07\x7fz\xf6\x9f\x8f\x8b\x9c\xf2\
\xeeU\xbc\x84\x80J\x88~\xfd\xcb\xc5\xde\xa3\x22\x1f\xde\
U\xb2\xe0\x1cn\x156?\x04\xcd\xf3\xa7)\xd7\xb7+\
q@\xee\xf6Q\xafZ\xd6J\x0bT\xdf\x81\x94:\xe8\
\x9e\x91\xbf\x17\x91x\x04\xda\xfe&\xea\x812\x9b\xf6\x9b\
6\xff[^\x18 \xa9A|\x1e\x1a\x0f,\xe2`\x8c\
\xe3\x11\x81\xf5)\xf5\x09\x87\xa8-\x0c\xdb\xe3\xff_S\
*\x86^\x7f\x1d\x95[=0\x1a<!`\xa1\xd7\xf1\
\x8e\xe0\x86^\xbbp\xc1Y[GrE\xcdF\xbbc\
\x85\x22J\xcc\xc3i\xec\xb3\x90\xc6\xdc\x06c\xb2\x89\x93\
\xf6\x1d\x1cMI\xc7F\xfd\x9ahB\xf7\xef#6K\
\x08\x1d\x22\xf9\xce\x11\xb5\xe8\xce\xcf\x89\xcfZ\x9c\xb8\x91\
\xa6x\xe6\x85\x99\xf8\xab\xd8\xe4(S\xc2\xa6i\x0cF\
\xa1l\x22\x9d\xe9\x19r\xdaO\xaem\xfd\x94C\xcfH\
[<\xcaM\x0a\x87\x05^s\xbe\x1b\xfe\x18\xb5\xc1\x86\
;%&z\x82y\xed\x1amx\xce*\x9b\xe0\x97F\
\xfc\x0a\xf1\xeb\x09*\xf1\xe3$\x89f\x03\xec\x8fI\xa0\
\xf7\xba\xed\xae\xa1\xac\x0c\x85\x15\xc87\xe9k8\x9f\x1f\
KW\xc1\x15D+\xc02\x85R\xdd;E6\xdb\xd2\
S4e\xa3\xba\x97\xd8lh7\xd1\x94Q>\xa0\xc4\
\xea:w*\x9a\x8d\xdc\xd2\xa5\x96\xc2\xbb+&\xb6\xfb\
\x07\x0e\xf9\x16\xe5\x01\xc0\x11]W\x93\xf3h\xe0\x88$\
'[\xa1\xa1\xb0\xd8\xbc\x8b\x8a\x14\xd6\x02,e@\xb6\
[\xf7\x02\x89\xcdA\xe2\x04\xa5r/\x05\xa8\x10\xa8\xca\
\xfdr\x5c&|\x89NLK\xd4\x85WTR\xf0\xb0\
Y\x981-b\xa1\xae\xc7\xd3\xd2\x06\x8ah\xeb\x89\xbd\
m\xde\xc8Q\xd4\x06\xbaX\xcb)qt\xb5\x912\xd6\
\xf2\xc2\x05u=R#]\x05vx\xb1\x5cc\x8b;\
\x90\x92!\xb0\x1d\x1b\xa1\xab|\x08\x98\xe94\x10\x99\x0c\
\x08Ze\x0a$7g\x0c\xc1\x92\xa4\xe0\xbc0\x9bf\
WyD\xce\xf7\xa6L\xf2\x98\xcb\x00\xb2_\x0f\xfe\x0d\
\xa2\x90\xa7|\x1a\xee\xdb\x04\xfc][\xc3k\x03\xb6\xc4\
r|\x8e+\xad7>\xc7\x009\x0b\xcf\x04e\x1eD\
\x0bMZ\x01 x\xd7Q\xac\x14\xad`\xc0\x0d\xd8\xab\
\xbe\x15\xec5\xa5\xc4\xder\x00\x0d&\xc8{WLa\
h\xa5I\x94\x0b\x11#\xa4\xc1^\xb4_\xfay\x80\xb1\
\xfcJ\x8do\xa9\xb2'3\xa0\xc2\xcdT\x99\x8d\x19P\
\xe9q\xaa\xad\xc3\x0c*9\x9f\xb2\x09X\x90*=\x8f\
\xa6\xd7\xc4]\xd7\x12T\xee\xf9\xdb\xbf\x1d~\xfd\xf5\xe2\
\xf3\x7f\x1f>\xdc\xef\xa3\x1f\xac\xb4:\x1eNGb\xa0\
\xe16\x0cc\x1cE\x8e\xee\x1a;\xcb\x0f\x1e\x96\x98\xe7\
\xdd\xdcD\xdb\xd2\x86\xbah\x02\x22\x82\xe5Yxjx\
4\x06\xa98\xf2\x84LN\xa2\xd3\x8eJW\xc1g\xb3\
S\x09\xcbw\x94\x92'\x99@\xf2\xddp\xddy9i\
\xbe\x00\x99a\xaf\x98:\xc5\xd3(\xb2\x06Y\xe9(\xfa\
\x11$\xd9\x80\xd7i{\xf3B9\x1b\xafg\xa9\x1aj\
\xf3t~z\xa8\xcc\x08i\x14A\xfe\xba\x8dg\x5c\x12\
f]<\x8f\xe0cL\xe2,\xd7m\x05\xb1DIY\
<x.\xa3\xba\xb4W\xbdV\x8chWnO\x86\xef\
\x10u\xa60\xd8^\x89\xe7\xb6N\x9f3\xb3h}2\
\xb2\x85\x22\xe0\xf2.\x15\xf8\x1d\x85\x98\x09=P\xa7;\
K\xc3\xab\x83\xc45X\xaa\x08ym5\x852y\x90\
\xf0\xcd[\x96\xe5\x14\xa2G\x85\x8b\xb0\xdc\x9d\x18\x5c\x1d\
[\x1at_\xeeO\x96I\xb5|\x84]<\xfa\xf2\xdb\
o\xfe\xb2\xf8\xe2\x93\x96q!\x8d\xfcA\x95\xe9KN\
\x8dM_\x1b\x7f1\xbf\x9a/\x0b\xda|?\xf4\xf6\xe7\
;\xda\xd5\xfb_\xbf!\xa2~\x02c\x03-Z\xad1\
\x80\xea^\x1ep\xcaj\xa2\x0b\x1c\x9d\x9a\xed\x1a\xe5\x09\
\x9f\xe0\x9e\xfbE\xf0\x91\x15\xdct\x99\xa3\x8e[\x92'\
}M\xb8\x99bG\x1d?l\xa5~\x0eG\xc7{\xe4\
Q\xcf\xee\xb1\x5c\xcb\x8e\xd4\xb1j\xedj\xa6[/\xac\
Y\xd5A\x85\xdc\xe5u\xcb\xef\x8f\xdfj\xe0\x93$\xe4\
\xb7B\x1c\xd1\x91G\x13\x12\xdf\x80\xcd\xe4X\x8bG\xf9\
\xdc\xdb\x14\xdd\x9f\xeb\xaexd\xea\xa2\xd5N\xf3}t\
}\xc5\xe2\x9f\xff]|\xf4\xa4\xf5\xfcf{Y\xca\xbe\
l\xb8\xcb\xecU!\x91i&\x8d\x19\xaf\xe0\xc2B\xb4\
\x8c\x97\x89\x87\x0f}~eu\x97w\x5ce\x95\x5c^\
PYe\x91\xfd\xbbQV9\x97\x12\xa3\x16t\x0d\x99\
K\xd9I\x0a\x064\x9aNby\xfd\xa0Q\xeaj\xfe\
0\x8c\x22\xbb\x92o(\x13\x90H\x18\xc3\x89`\xb5\xa7\
\x8a\x1b\x09\xf6Em|\xe5\x9clP\x8e\x87+\xf5;\
\xb0\x02U\x94\x95\x8b\xd1s#\xf4\x1e\xddu\xa7FH\
\xbe\x8b\xb9o\xc8\x9b\x03s\xbat\xa8\xef\xa8\xbb\x01\x9b\
l`\xac\xea)`\x0c\xf8\xc1\xf7C\xb2kG?\x0e\
Fk1\xa7\x1b\x8a\x9a!\x81\x94\x15v\x8b\x04\x0a\xc4\
\xcaZ\xaf\xd4\xa7\x0e\x05\xbfz\x08\x93b\xdb\x84\x06$\
\xb2\x8b\xc1\x86\x04\x042\x82\xf6>z\x0f\x8c\x1f\xc7\xa3\
\x88\xb8GTu\x87b#\x96\xf7&v'}Y\xb2\
\xb6f\xb7\x82G\xa1i\x1f\x85\xb2`\x0bn\x8a_\xef\
xNR|\xd1\xae\x18\xb0YD<\xec\xf3\x9b\x1c^\
\x84>\xb52\x5c=\x7ff\xbde\xb3L\xe1,\xc1o\
\x7f\xce\xd9\x8d;4\xe5z\xfa\xa2\xd3\x9dY_[9\
\xbb\xe2L'\xec\xc5\x11\xc7\xf2\x0b'\xeb\xd8*\xaeb\
\x84\xe0E<\x15W\x01n\x97Fx[\xa7z\xe2\xa7\
% \x06+\xc1\xd9`\xc7\x818\xb7_6\xe94#\
\x1b)\xc1u\xa0\xcbv\xa5\x7fh\x0c\x8e\xd7\xbfM\xd4\
-\x9c\x8b\xe3\x82DY3\xef\xdc:\x17\xea\xc7k\x0c\
\xfb\xb7\x8b\x06&\x95\x9f\x1f\x16\x04\xb9R\xab+,\xaf\
\x89\xd6;\x97$\xa5\x05\x18\x5c\x08\xa9B\x9bNO\xc4\
\xe5\x8b#-\x8e\xd1\xaa\x1e\xd8\xa4\xa3p6@:\xb7\
\xb1\xa8R\xddr,Va\xe2Ub\xc9\x8b}\xcb\xd1\
8U\x8fW\x89\x87\x9f\x9d\x96C\xd1\xa9\xcb\xcbG\xe1\
\x9694*\x11\x02\x9b\x86\x0be\xdd\xadS\xc37\xd6\
W\xd6\x8d[\x91\x8e!\x8f\xc6y\xd6\x12f\xe1ND\
,\x8auaW\xbeA\x9115/Z\x800\xec\x8c\
F\xb6\x16.\xd1\x11O\x1e\xe2\x00\xa7\xc1\xa5)c\x94\
\x87P\x15\x99\xb7\x94%\xb2\x90q\x04v.r\xf0\xf4\
\x8f\xcf\xfe\xfa\xa9\xcek\x8a\xd7\x8d|-\xef\xf3\xab \
seh%\x22NZ\xe5^O!3\x14|\x8b\xa0\
i\x82I\x13,\xc9\xab\xd4\xe2\x0a#\x93\xbep\xca\xae\
\x8fS2\xb5s\xba\x9c\xbfI8q\xb0\x15G3w\
\x97vS\x9cl\x82\x936\x5c\xbd\x1b\xd0\xb4\x11\xcfv\
\xc7$5\xc1\x9d\xf0\xd4\xf8\xd2L\xf8W\x97\x03\xe48\
\xe07C\xa6T\xe0\xac\x09\xd6\x9a\xa2\xb5\xec\xccj\xa3\
\x8d\xb4\x93\xa6\xe7\xdeHt_?\x0f\xc0\xe5\xeb\x88S\
\xda\xd8\xbd}\xf4\xb3\x8d\xcd\xabu\xfb\xaa\xc4m\xef*\
\x8d7 R&\xcc\xba\xff\x95\xf9\xa3\xedk\x07\xcb\xcf\
$\xa5\xd2\xb8\xae\xc0\xa4\x998][\xf7\x8d\x0aA\xc7\
1\xf9\xf2\x9d\xa6\x1c\xda\xe9\x14b\xef8\xa5\xbb(\x86\
\xb4\xeb27\xa6v\x8b3^|\xb3\xf7\xbf\xcf\x9e~\
\xfb\xf8\x09$\xec\x07O?lu\x8aEfq\x08\x92\
\xc2\x7f;\xa5\x13g\x02\xbboe\xcd\xc5\xba\xd3\xa8\x18\
rT\xdd\xe5X\xa7\xa9\xbd}{\x0d\xb5\xc5\xe0\xbas\
\xc6\xde\xfe\xd2r\xb0\x13\xe0\xed\xc3\x9aE\xa8>\xb0]\
\x998\x07\xb6*\xfd\xe8j\x0d[V\x06s\x8bs\xf5\
\x95\x97\xa3\xd40\xaf\xc3\xb8R\xa9\xa9\xc5\xa8)*.\
i\xec*\x7f\xa9\xd7\xdcTZ\xea\x91\xe45\x9c%H\
L\x1d\xa7\x02I\xc5\x15\xc5\xf1\x90X\xf5\x9f%X\xec\
\x1aP\x05\x9a\xca\xfb\x8f2\x9e\x97X~\xacS\xff\xe3\
\x17\x1ek,\xe1\xe8\xc2\xe3\xf3\x85\xa6\xaas\xf2\xcb\x0b\
A4\xe6#\xf3\xcfsj\x0e\xe5\xcc\xca6\x8e\x11\xb4\
`\xfb\x22\xec\x931\x8d`\x8f\xe4\x87fJ\x84\x9f\xfe\
\xe3\xd9\x17\x9f\x1f|\xf9\xc9\xe1\xc3\x87\x22\xaa\x9c\xe6\xee\
\x16-~\xb5\xb7x\xf0\xd5\xe2\x0f\xbf;\xf8\xe0\xab\xc5\
GO\x0f>{\xb0x\xf0gw\xe3\xe6N1@}\
S\xe8\xc1A\x04\x9e#b\x87\x9a\xca\xefDL\xbd\x8c\
\x99\xaf\x82*>H\xba\xd8\xec\x8b\xa2\xbe\xce\xb3\xb8\xe9\
\xe4\x1c\xd5MN\xfe\xbe\xf4\x16\xc7\xc2\xa1x\x15NQ\
\xba\x83\xbe<QWSJ\x0e\xf0\xfb\x7f\x85I\x17\x18\
\
\x00\x00\x04\x0b\
\x00\
\x00\x14*x\xda\xedW\xedk\x1cE\x18\xff\x1e\xc8\xff\
0N\xb1\xb4\xa0\xdb\xcb\xde\xf5\x8c\x1b\xa2\xc4Z\xa8\x90\
/m\x8a~(%\xcc\xed\xce\xdd\x8d\x9d\xdb9g\xe6\
Lc\x08\xc4b0-\xb4\x89bK\xb1\x15,\xa8\x0d\
~\x88\xf9 Fr\xd5\xfe1fr\xb9\xff\xc2\xd9\xdb\
\xdb\xe4nwo\xee-E\x90\x0e!\xd9\x99\xe7\x99\xe7\
m~\xcfKH\xa5\xca\xb8\x04W\xe5\xd5\x1aqoM\
N\x90\xae\xbdu\x89\xf9\x923*\x12\x84y\xb4\xccj\
\xf2\xe4\x1cZ\xd6\x05\xfd3W%\x10 \x01\xf4\xdf8\
\xc9ez\xebc_\x8a\x0b\x1f \x81[l\xc1\xc7\xe4\
\xc4\xe4\xc4\x82D\xee\xadP$X\x99\x9c\x00z\x11\xcf\
\x01\x228\x0e\xe8\xc1\xc1\x82\xab\x0d\xa1\x1f\x13\xbc\x14\xb1\
\x04\xcb\xa5\xa4\xea\x00\xc9k\xf8\xe4,\x14d\x15\x09\xa5\
\x9f\x10O\x96\x0d\xf4+\x98\x94\xca2\xce\xe0j\xaf\xb5\
\xa1\x1fI\x5cq\xc0%Fk\x15\xbf\xdb\xb8h-\x85\
\xe2\xab\x88kv\xab\xb5\x03o\x83|7\x93\xa8\x22\x97\
\xf8%\x07L\xc5\x08\x0bXJMX\xc0\xae$\xcc\x9f\
'\x22!?X\x92H\x8a\x1d\xf0\x99\xb8\xce\xcf\xc1\x83\
z]\xdd{\xd6\x5c\xbf\xdf\xf8k\x07\x9eO2\x8bP\
\x96p\x00gLZ\x8b\x02\x15\xf1\x1c\xe7h\xf9\x9c\x08\
\x95\x89\x0f\x91D\xd6\xa7\xac\xb0\x18\xb1\xc6\xa4\xacvo\
\xe7Q\x01\xd34\xb3>'\x82\x14\x02\xc3\xdehi\xa2\
\x0cyZ<8{v\x08\xcd\x16\xc5~I\x87lv\
v\x16dR<\xc7\xb7e\xe4\xf8\xe1\xd3_\x8f~\xab\
\xab\xcdGjc\xb73\x08\xff\xac\xddI\x8b\x83\xcb(\
\xe3\x0e\x80gP\x06\xe5\x0b9h\xf41xg\xb0\xd2\
\x0363\xbd\xe0\xd2)\xa5\xfd\xb9\xfa\x1a\xab\x1dX=\
\xfc\xf1k\xb5\xf3\xfd\xc1\x9f\x0f\xd4\xde\xcf\x07\xf5?\xd4\
\x0f[\xfad\x0c\xd0\xba\x88\x92\x02G\x01\xeb\x80\xe0\x1d\
\xc5\xe8\xa7\xfbjs\xf7\xe8\xe5\x96\xba\xb7\xad6\xef\x1c\
>\xdc\x1d\xc3\xe2\x0ar\xcb\xc4\xc7\xaf\xceZ\xb5sW\
\xado\x1f\xec\x7f\xdb\xfc\xee\xcb1\xec\x0c\x8e\xe5\xf2\xab\
3\xb3\xf1\xe4\x9b\xc3\x07\xcf\x9b\xf5\xc7G;?5\x1f\
o\xa8\xb5\x17fccQd>\x91\x8c/z\xb8\x88\
jT\x8a\xa0\xc6\x18\x19\xa2\xb2\xf2\x1e\xc8\xa4\xa89Y\
\xef\x83\x1b+\x00\xfa\xa8\x82\xa1.\x15q)\xf0-\x00\
\x89\xce*\xa1\x89f{Vo\x9a\xb48\xe0\xc6\xcd\xd3\
,\xb1\x06]\xfd\x8aoj\x06\xf5)\xc2\x03\x0bO\x80\
\xfd\xb4\x04\xc7\xd1yj\x06\xc7\xdeq\xd4v\x14\x96\x8c\
\xd7\xed\xa8W;\x1a\xb3\x11\xd9\x91\x17\xd1\xba\xa6\x81\x80\
\xfc\x12\xc5i9\x93\x22<\xc9Tn\x9b\x9e\xcd'i\
\x5c'YM\xd7\xa0\xbc\xe1\x15\xed\xac=\x9d\xb5a\x92\
\xa3\xc0\xb8\x87\xb9u\xcc\x98\xcdd/\xe6\xa6`\xdc\x83\
\x96\x17l)\xbdOG\x0b\xf9n\x99q\xd1\x8au\xe4\
\x90\x99\xb3\x82x\x89\x04\xf5s:\x9d\xaf\xab\xb9\xa7\xb3\
\xb4kQ\x17\xd6\x1b/\x1e\xa9\xcd=x~\x06\x14\xf5\
\xe3Z\x05F\xbd\x08\x8b\xc7\x8e\xbe\x8b<x\x0c\xcd*\
\xc7E\xcc9\xf6\xda\x10\x9a\xce\xc4!nR\xa7\xb6\xee\
7\x9e\xef\x0e\xa1.\x06\xd6at5\x9e\xfc\xae\xfe\xfe\
j,\xd7f\x80\x8e=\xf9B_Gt\x8e\x92\x92_\
\xd1\xef\xe4\xe8\xff\x93\xac\xd6\xeeZ\x80\xb4aLj>\
|\xa9\xf6\x7f\xf9OLZM\x94\xa5x\xe2U1\x92\
\x98\xa7!\xb6\xc2<L\xfb\x8c\x19\x921\xba(\x91n\
i)%R_\xc7%-\xdd1\xe7\xf7\xc09\xde\x99\
\xe7\xb9\x1em\x22\xca\xf5\x5c:\xb9\x1do\xe2{\xf86\
x\x13\xd8ac\xd0c\x03<3\x85m\xdb.@\xd0\
\xaa\x06\x19\xfb\x9dl\x0e\xa6\xcb\xe8\x9b\xe6\xc3\xa5\xfa0\
\xe9>`\xca'\x81\xd8z\xcbp`\xd0_& z\
\x19/_,\x8e\x92\xf9&\xad\xc1D\xd6\xa1\x04gp\
\x1e\x17{\xe6\xfb\x0c\xc0\x94x\x1a7\xd7\xb5\x18\xebr\
\xf0mL:\xe3\xc8\x95\xec\xf7'fyD\xdb\xa5\xe1\
o\xbe\x157\xdb\xcc\xdd?Q\xcd\xf7{\xc6\xbd\xf7\xb5\
\xd3\x0eK84\xfd?\x832B\x91\xec?\xcd\x0fZ\
#G\x1cG\xd5\xc6\x9aZ\xdf;z\xb6=\xee,\xda\
9E\xea_\xff\x02\x0bG\x80\xb0\
\x00\x00\x03\xb7\
i\
mport QtQuick\x0aim\
port QtQuick.Con\
trols\x0aimport QtQ\
uick.Layouts\x0aimp\
ort \x22../../compo\
nents/btns\x22 as B\
tns\x0a\x0aRowLayout {\
\x0a  id: header\x0a  \
property alias s\
tatusLabel: info\
Label\x0a  Layout.f\
illWidth: true\x0a \
 spacing: 12\x0a\x0a  \
Label {\x0a    text\
: qsTr(\x22\xe5\x8f\x82\xe6\x95\xb0\xe8\xae\
\xbe\xe7\xbd\xae\xe4\xb8\xad\xe5\xbf\x83\x22)\x0a   \
 font.bold: true\
\x0a    font.pixelS\
ize: 20\x0a    colo\
r: \x22#f1f5f9\x22\x0a  }\
\x0a\x0a  Item { Layou\
t.fillWidth: tru\
e }\x0a\x0a  Label {\x0a \
   id: infoLabel\
\x0a    color: \x22#9A\
A5B1\x22\x0a    text: \
\x22\x22\x0a  }\x0a\x0a  Btns.A\
ctionButton {\x0a  \
  text: loading \
? qsTr(\x22\xe5\x88\xb7\xe6\x96\xb0\xe4\xb8\
\xad\xe2\x80\xa6\x22) : qsTr(\x22\xe5\
\x88\xb7\xe6\x96\xb0\x22)\x0a    enab\
led: !loading\x0a  \
  onClicked: ref\
resh()\x0a  }\x0a\x0a  Bt\
ns.ActionButton \
{\x0a    text: qsTr\
(\x22\xe5\xaf\xbc\xe5\x85\xa5\x22)\x0a    e\
nabled: !loading\
\x0a    onClicked: \
importCurrent()\x0a\
  }\x0a\x0a  Btns.Acti\
onButton {\x0a    t\
ext: qsTr(\x22\xe5\xaf\xbc\xe5\x87\
\xba\x22)\x0a    enabled:\
 !loading\x0a    on\
Clicked: exportC\
urrent()\x0a  }\x0a\x0a  \
Btns.ActionButto\
n {\x0a    text: qs\
Tr(\x22\xe4\xbf\x9d\xe5\xad\x98\x22)\x0a   \
 enabled: !loadi\
ng\x0a    onClicked\
: saveCurrent()\x0a\
  }\x0a\x0a  Btns.Acti\
onButton {\x0a    t\
ext: qsTr(\x22\xe5\x85\xb3\xe9\x97\
\xad\x22)\x0a    onClicke\
d: root.close()\x0a\
  }\x0a}\x0a\
\x00\x00\x0d\xf2\
i\
mport QtQuick\x0d\x0ai\
mport QtQuick.Co\
ntrols\x0d\x0aimport Q\
tQuick.Layouts\x0d\x0a\
\x0d\x0aItem {\x0a  id: p\
age\x0a  property v\
ar data: ({})\x0a  \
property bool al\
lowDeviceControl\
: false\x0a  proper\
ty bool allowJog\
: false\x0a\x0a  funct\
ion collectPaylo\
ad() {\x0a    var p\
ayload = {}\x0a    \
if (data && type\
of data === \x22obj\
ect\x22 && !Array.i\
sArray(data)) {\x0a\
      try {\x0a    \
    payload = JS\
ON.parse(JSON.st\
ringify(data))\x0a \
     } catch (er\
r) {\x0a        pay\
load = {}\x0a      \
}\x0a    }\x0a    var \
deviceArea = pay\
load.device_area\
\x0a    if (!device\
Area || typeof d\
eviceArea !== \x22o\
bject\x22)\x0a      de\
viceArea = {}\x0a  \
  deviceArea.all\
ow_direct_contro\
l = !!allowDevic\
eControl\x0a    dev\
iceArea.allow_jo\
g = !!allowJog\x0a \
   payload.devic\
e_area = deviceA\
rea\x0a    return p\
ayload\x0a  }\x0a\x0a  fu\
nction _deviceAr\
ea() {\x0a    if (!\
data || typeof d\
ata !== \x22object\x22\
)\x0a      return {\
}\x0a    if (data.d\
evice_area && ty\
peof data.device\
_area === \x22objec\
t\x22)\x0a      return\
 data.device_are\
a\x0a    if (data.d\
eviceArea && typ\
eof data.deviceA\
rea === \x22object\x22\
)\x0a      return d\
ata.deviceArea\x0a \
   return {}\x0a  }\
\x0a\x0a  function _sy\
ncFromData() {\x0a \
   var area = _d\
eviceArea()\x0a    \
if (area.hasOwnP\
roperty(\x22allow_d\
irect_control\x22))\
\x0a      allowDevi\
ceControl = !!ar\
ea.allow_direct_\
control\x0a    else\
 if (area.hasOwn\
Property(\x22allowD\
irectControl\x22))\x0a\
      allowDevic\
eControl = !!are\
a.allowDirectCon\
trol\x0a    else\x0a  \
    allowDeviceC\
ontrol = false\x0a\x0a\
    if (area.has\
OwnProperty(\x22all\
ow_jog\x22))\x0a      \
allowJog = !!are\
a.allow_jog\x0a    \
else if (area.ha\
sOwnProperty(\x22al\
lowJog\x22))\x0a      \
allowJog = !!are\
a.allowJog\x0a    e\
lse\x0a      allowJ\
og = false\x0a  }\x0a\x0a\
  function _writ\
eBack() {\x0a    da\
ta = collectPayl\
oad()\x0a  }\x0a\x0a  onD\
ataChanged: _syn\
cFromData()\x0a  Co\
mponent.onComple\
ted: _syncFromDa\
ta()\x0a\x0a  ColumnLa\
yout {\x0a    ancho\
rs.fill: parent\x0a\
    anchors.marg\
ins: 16\x0a    spac\
ing: 12\x0a    Labe\
l {\x0a      text: \
qsTr(\x22\xe5\xb8\xb8\xe8\xa7\x84\xe5\x8f\x82\xe6\
\x95\xb0\xe8\xae\xbe\xe7\xbd\xae\x22)\x0d\x0a    \
  font.pixelSize\
: 18\x0d\x0a      font\
.bold: true\x0d\x0a   \
   color: \x22#f8fa\
fc\x22\x0d\x0a    }\x0d\x0a    \
Rectangle {\x0a    \
  Layout.fillWid\
th: true\x0a      c\
olor: \x22#0f172a\x22\x0a\
      radius: 8\x0a\
      border.col\
or: \x22#1e293b\x22\x0a  \
    border.width\
: 1\x0a\x0a      Colum\
nLayout {\x0a      \
  anchors.fill: \
parent\x0a        a\
nchors.margins: \
16\x0a        spaci\
ng: 12\x0a\x0a        \
Label {\x0a        \
  text: qsTr(\x22\xe8\xae\
\xbe\xe5\xa4\x87\xe6\x8e\xa7\xe5\x88\xb6\xe5\x8c\xba\x22)\x0a\
          font.p\
ixelSize: 16\x0a   \
       font.bold\
: true\x0a         \
 color: \x22#f8fafc\
\x22\x0a        }\x0a\x0a   \
     RowLayout {\
\x0a          Layou\
t.fillWidth: tru\
e\x0a          spac\
ing: 12\x0a        \
  Label {\x0a      \
      text: qsTr\
(\x22\xe5\x85\x81\xe8\xae\xb8\xe7\x9b\xb4\xe6\x8e\xa5\xe6\x8e\
\xa7\xe5\x88\xb6\xe8\xae\xbe\xe5\xa4\x87\x22)\x0a   \
         color: \
\x22#cbd5f5\x22\x0a      \
      Layout.fil\
lWidth: true\x0a   \
       }\x0a       \
   Switch {\x0a    \
        checked:\
 page.allowDevic\
eControl\x0a       \
     onToggled: \
{\x0a              \
page.allowDevice\
Control = checke\
d\x0a              \
if (!checked)\x0a  \
              pa\
ge.allowJog = fa\
lse\x0a            \
  page._writeBac\
k()\x0a            \
}\x0a          }\x0a  \
      }\x0a        \
Label {\x0a        \
  text: qsTr(\x22\xe5\x90\
\xaf\xe7\x94\xa8\xe5\x90\x8e\xe5\x8f\xaf\xe5\x9c\xa8\xe7\x95\x8c\
\xe9\x9d\xa2\xe4\xb8\xad\xe6\x98\xbe\xe7\xa4\xba\xe8\xae\xbe\xe5\
\xa4\x87\xe6\x8e\xa7\xe5\x88\xb6\xe4\xb8\x8e\xe6\xb0\x94\xe7\xbc\
\xb8\xe6\x93\x8d\xe4\xbd\x9c\xe5\x8c\xba\xe5\x9f\x9f\xe3\x80\x82\
\x22)\x0a          col\
or: \x22#94a3b8\x22\x0a  \
        wrapMode\
: Text.Wrap\x0a    \
    }\x0a\x0a        R\
owLayout {\x0a     \
     Layout.fill\
Width: true\x0a    \
      spacing: 1\
2\x0a          Labe\
l {\x0a            \
text: qsTr(\x22\xe5\x85\x81\xe8\
\xae\xb8\xe7\x82\xb9\xe5\x8a\xa8\x22)\x0a     \
       color: \x22#\
cbd5f5\x22\x0a        \
    Layout.fillW\
idth: true\x0a     \
     }\x0a         \
 Switch {\x0a      \
      enabled: p\
age.allowDeviceC\
ontrol\x0a         \
   checked: page\
.allowJog\x0a      \
      onToggled:\
 {\x0a             \
 page.allowJog =\
 checked\x0a       \
       page._wri\
teBack()\x0a       \
     }\x0a         \
 }\x0a        }\x0a   \
     Label {\x0a   \
       text: qsT\
r(\x22\xe5\x85\xb3\xe9\x97\xad\xe5\x90\x8e\xe5\x8d\xb3\xe4\
\xbd\xbf\xe6\x98\xbe\xe7\xa4\xba\xe6\x8e\xa7\xe5\x88\xb6\xe5\x8c\
\xba\xef\xbc\x8c\xe4\xbb\x8d\xe7\xa6\x81\xe6\xad\xa2\xe5\x8f\x91\
\xe9\x80\x81\xe7\x82\xb9\xe5\x8a\xa8\xe6\x8c\x87\xe4\xbb\xa4\xe3\
\x80\x82\x22)\x0a          c\
olor: \x22#94a3b8\x22\x0a\
          wrapMo\
de: Text.Wrap\x0a  \
      }\x0a      }\x0a\
    }\x0a    Item {\
 Layout.fillHeig\
ht: true }\x0a  }\x0a}\
\x0a\
\x00\x00\x0d\x88\
\x00\
\x00[\x16x\xda\xed\x5c{\x8f\x1b\xd5\x15\xff\x1f\x89\xef\
p\xe3J`+\xcb\xb0\x1b\x94(\xdd4\xaaHRJ\
ZH\x02\x89h6(Z\x8d\xedk{\xba\xe3\x19w\
f\x9c\xf5l\xb0\xb4\xd0\x00K\xd2\xb2i %\x10\xd2\
P\x14\xb2\xb4\x90%\xb0H\x9b\xec\xe6!\xf1Y2\xf6\
\xee\xb7\xe8\xb9s\xe7z\xee\xbc\xecy\xd8f+\x11\x90\
\xd6s\x1f\xe7\x9e\xdf9\xe7\x9es\xeecF\xaa7T\
\xcd@\xaf\x19\xaf5\xa5\xd2\x9cpXU\x0cM\x95\xf5\
\xa7\x9f\x92\xbc\x15\xaf\x88\xa6\xda4\x02\xe5O?E\xfe\
;!V1:\xff\xf4S\x08I\xe5i\xd4\x80\xa7)\
\xf2\xd0\xd0\xd4\x06\xd6\x0c\x13\x9d\x135T\x16\x0dq\x1a\
\xe5\xcf\xb7\x0b\x81\xaa\x8a\xaa\xd5\x8f\xd8\xd5e\x5c\x11\x9b\
\xb2q\x0a\xd7\x1b\xb2h\xe0|\x81PG\xa8\xd2TJ\
\x86\xa4*\xc1z:*B\x1a6\x9a\x9a\xc2\x9e\x08}\
<\x0bc\x94\xb0\xaeO\xbb\xa5\xd0N\x95\xe0\x19-\xcc\
\xd6%e\x1aM\x0a\x93\x13\xe4\xb7\xd8r~\xb7\xb8\xf2\
\x16Wnr\xe5f\xaf\x1c\xb5'\x5c\xca:\xae\xd6\xb1\
b\x88\x84O2DY\xd2\x0dQ)a\xa7\x17\xf4\x9f\
m\xa8\x92b\x00?\xe4Ql\xf1\x8feI\xacc\x03\
k\xdc0nQ\xd8h\x00_\xc1\xb3\xee\x18\x1cD\x84\
\xb0\x22\x16e\x0c\x9a\xa8\x88\xb2\x8e'\xf8*]\x04\xc9\
\xf1\x1d\xa7\xc8`|\x0bQ\xa9B\x03\xa3\xa6a\xbd\xa6\
\xca@dJ\xd8\xebi\xc0\xfaz\xda\xf8\xa9x\xf9\xa3\
\xb0^\x18\xd0\x86\xe0\x9c\x9a\x04Jn#\x1erIn\
\xea \x0fI\xa9\xf2\xe2\xe5\xb9\xd8\xeb\x17\xf4\xde\xc9I\
\x9f\xacI\x09\xfcCmF\xd7\x1d\x01l\x0b\x97\x0c\x8f\
(\x150LQ\xe6\x87\xf0\xe2,\x99\xb2\xa4\x94AG\
j\xa5\xa2c\xd2\x17\xc9\xb8b8\x1a\xd4\xa4j\x8d\xfd\
n6\x98Z\xd5y%\xa8\xcebS\xaerP\x88\xcd\
\xa2\x12X\x13\x90\x96\xd5y\xa7\xabSP\x03\xb2N\x09\
.C/\xb7\x81\xfd\xd8\xab\xf6\x0a\x8fqZ\xc3\x84\xab\
\xc1\x90t\x9fMQ\x5c\xe7\x91\xd3_\x05p=S\xc5\
-\x03+\xe5\xd9\x96\xf7\xd1\x0cr\x81\x98L2\xd3!\
\xf2\xccL\x84\xea\x22\x0d\x99p\x0b\xd5\xb0-b\x0d\xa6\
\x10\x9e\xd5K\xa2\x8c\x03\xd2U\x15\x05\xdb\xael\xd6\xe3\
\x1f\x82\xd6\xd8\x10\x8d\xda,\x99!\x0a5x\x97\x86\xa1\
\xaa\xf2,\xf3\x0e\xfe\x01\x1a\xa2fH%\x98\xc0\x0d,\
\xce\xf5\xcc\xd2\xd7\x86\xb8\xce\x88\xba\x85Y\x98c\x8d\xd9\
\xbaZ&\x8c\x05+*R\x0b\x97#:\x81\xe1`Q\
\x9b\x9d\xeb_]\x8c\x1a\x92\x89>X\xc3\xdc\xb0[c\
F\xb1i\xf6a\xd3\xa9+\xa9\xb8R\xf1\xd7\xe9\x10\xd3\
B\xc8\xf5\xa6\x8d.V\xb0We\x5c+Y\xaa\x18\xce\
\xc4\x0a(\xbci\xc0\xa8\xa0\x94\x08y\x13\xa3\xa25\xb3\
\xae\xe7\x08\xad\xd6\xc2\xc8\xbb~\xa7\x17\xa9XT\xf3Y\
*gY\xaa\x0e\xae\x06\x8cT'q\xd7kZ\xa4T\
\xee\x85\xb0(\x9a\xbc\xc9\xabF\x92\xe6\x86\xd9 \xd2\xeb\
1E\x7f\xd8\x7f\xda\x81P\x8f\x1b\x87\xd5\x86\x99W\x8b\
\x7f\x860\xcf\x22\xfc\x1fN\x1e?&\x80\x95\xeb8o\
\xff\xd4\x0d\x12\x11\xa4\x0amW\x08\x90\xa9c\xad\x8a\x8f\
\xd0\xb4A\xcf\xebjS+\xe1^\xd6@\x92\x8f\xa2\xa8\
ct\xd0\x1d.\x90b\x14h[/\xc5<\xe8\xb4\x8a\
\x8d\x09$)%\x15L\xb7Zp\xe5(UP~\x97\
[N\x19g\x95 s\x94'\xe3\xcea\x13:\x87\xf5\
\xf7Q\x10j\xa2~|^9\xe1dLy\xe8\x088\
\xc1\x93\x18\x92\xd2\xc4n'B\xf4\x9c(7\x09\x1a\xd6\
\xf7Mh|\xd6K\x976\xd9u\xf0 R\x9a\xb2\x8c\
\x9ey\xc6V\x8aZa}\xa1\x22\x07\xa2\x04/\x95#\
\x95\xbb^\xd44\xd1\x14$\xdd\xfeK{\x17\x0a\xde\xd8\
`\xb3\x9bw\x00Q\xc1\x14\xd0[o1\xc2\xb4\xc4f\
\xc5\x1e\x97\x91/\xf04\x90\xa7\xd9At\xbe\xcd\xd7\xf2\
2\xb7[LPv9\x12m\x84!\xd9\xf12\xe6%\
i\xf7\xe0:\x84Y!\x1b\x8aX\xc5\x04r\xcc\xc5\x93\
b\x92\x1a\xce^U\x85d\xae\x87k\xc4\xe7\x93\x8c\xcb\
Iea8\xaf\xe5\x91\xf4\xd7&tX\x85\x04Z\x81\
P.\xa8\x0a\xf9-\x83\x1b\x8f\xd1\xd1c\xd4%U\x96\
A\x82'DSV\xc5r \x0b\xee\xd92#Z\x08\
\x9b` \x997\x88D\xf2$\xd4L\x90\x5cQ.\x8a\
\xa59\xcf\xe4P\xc0#\x02G\x8c\x8e[A\xe2\x8c\x0e\
5\xa4\xaf\xa07d\xc9\xc8?+<\xcb\xa6\x0a\xb3q\
\x09ZL\x1e\x80?\xbf\xa1\x1d\x04\x19+U\xa3v\x00\
\xed\xde-q6\xc4\xa6\xc3A\xda\xeaM\xe9\xacg*\
\xd9L\x809\xf5L\x8c\x14\x14\x0a|\xdc\xb5a3\x04\
\xac\xc2a\x9e\xfc\xe1\xe6A\xdb#*\xbb\x0d1\xca&\
\xb8\xf9\x0aD\xa82\xfa--\x9c\xf6\xd0\xf3\x0bO\xf7\
\x0a\x8f\x1a#/\xb9\xbe\x02\x8a\x14\xed \xc9\xa1\xe7\xd0\
TB\xe9y\x84\xc6\xcd\xca\x9eX\xa2\xe6\xa4\xdb\x80\x9f\
\x8d}\x85j\x97R.\xfc\x5c\x9f\xf5\xcd@\xce\xde\xe3\
\x99+H\xfcX\x13\xa6\x86Trdn@N\xe6\x11\
9s~\xd0\xac\x88\xb5\xbc]Ok\x89 $\xfd\x98\
x\x8c\xf9/Wv\xb4\x8b\x13\x91B\xb5\x1a\xc1\xccQ\
H\xc6\xab0\xcc\x00f\xecP\x05mmv&`}\
3B\x96\x0eAf\x88E\xc5iZ\xaa\xe1\xd2\x1c.\
\xf7\xb8\xf2Q\xda\xb5\x8b5\xe0\xa8\xbd$\xc3\x9a\x9e,\
\x1eY'Hwj\xaa\xa6\x0b\x15I\x96\xc9\xca\x1eR\
\x5c\x83\xd6\x90\x00\x04\x0f\x7f\x92\xca\x06\xac7\xe6\xc9\x1f\
O\xc5\xcb4\x1f\x02W%\xd0\xd4\xc8\xa9\x95%H\xdd\
\x0d\xadg\x07l\xc4#\x92F3\xe3i\x97\x0b\xe1\x0d\
L\xd2YQ\xb6Kh\x87\x93%\x0d\xbc\xdf!Q\x13\
\xce9\x95\xd3n\x19\xe4\x09\x0e\x12\xe2h\xe5f]\xa1\
\xfb\x16\x5cp.\x13\x96\xd8\xd3<\xe5\x9e\xe2\x128\x10\
 \xae\x86X\xb2S\xef\xa9}\xac\x88\x09\xa3\x0eaE\
R`\x854\xb5\x87\x0d\x86\xd0+b\x11\xcb\x9ed\x0a\
\x14>\x8d\xfe\xa2\x9f\xd2\xf2\xb9\xee\xea'\x9d\xb5\xab\xd6\
\xf2;\x9d\xabw\xb7V\x1fu\x1f\xae\xf23\xad\x02\x12\
\x13\x1a\x90\xb2\xca'\xa5\x05\xb2&\xdf\xef\xab+\xda\x0b\
5WhT\xcc\xb2\x0a\xe9\x7f\xeeW\x95\xfd\x15\xb1R\
\xcaq\xd1\x8c\xfd|\xfeytB\xc3\xcf9\xfb \xe8\
\xf5\xe3GY\xcd\xef5\xb5\xd98\xa4\xb6<\xfcJ\x06\
Y\xb0P\x86\xb7\xbf\xbc`\xdd\xba\xd0\xbd\xfc\x1e\xfai\
\x1du\xff\xb3\xb1\xfd\xc9\x8f\xa4?\xcf5\x95\xacm\x19\
\x8e\x11x\x19$\xa3He\xbf\xfc{\xcc\x83n@\x82\
\xfb\xc2\xcaO\xf6D\xbf\xc7[\xad\xa9\xf3\xbd\xba\xfd\xde\
*G\xfc\x1e\xa9\x9fA\x9d\xcf\x17\xad\xbb\xcb(_\xaf\
\x17r\x85\x03\xae\xcc\xf0\x1e\xbc\xbf2\x99Cm/\x91\
S\xd0\xf9%\x09\xcb\xe5C$)d\xc4N\xda)f\
\xbe\x17/s\xdc\xe6\x92\xa0\xa9\x92`\xef&\xe5&\xd0\
d\x01\xc6P\x95\xdf\x95%H\xcd\xaa/I\x8a\xa4\xd7\
Hl\xe7\x5cWd_\xea@\xdaqA\xddZ\x19\x03\
(\xb1\x95\x1e\x94\xdd76\xa8\xd3c\xd2T+\x83\xa6\
ZI5uzL\x9aje\xd0T+\xa9\xa6f\xc6\
\xa4)3\x83\xa6\xcc\xa4\x9a\x9a\x19\x93\xa6\xcc\x0c\x9a2\
\xa35\xd5\x1e\xec\xfb\xf9\xdd\xe9tA\xc0Z\xba\xd1\xb9\
\xf3\x95\xb5\xf4\x9e\xf5\xc1\x0f\xff_a`\xfb\xcb\xf7\xac\
\x9b7\xb7\xd6otoo\x8eR\xc3\xbc\x8c\x05\xb6W\
\x94B\xdbQtb\x9b3\x9d\xa1\xddw\xeeC\xb61\
\x0e\xac\xee\x96;C+)\x8d\xa6\xf1*6jj\xf9\
e\xba\xf1\xfe\x9a!\x1c\xad\xd7\x8eHU\xc9\xd0\x8f+\
\xb2\x19%\x11\x96V\xc7\x1c-\x91Ln\xad\x8cQ&\
\xbdC\x87\xb1\xc8\x84\x1f-\xb6L\xba\xd7\x7f\xb4\x1e]\
\x18\xbd?\xf7\x19\xb4{\xd4\x95}rxh\xa5\x00>\
Z\x9f\x1f\xc1l\xaa\x18\xd0\x8fV\x82\x98@\xce\xdcz\
\x87g)#\xc1\xfd\xb5\xed\x1b_R\x7f\xda\xbds}\
{\xf1\x83$\xf1 |Y\xd6\x7f\xad\xd9g\xf9\xe5V\
\xbf\xae\xce\x87G\x19=*\x8e\x9c\x9c\x97\x8cR\xcd\xdf\
\x1c\xb1\x95\xf34\x0a\xd7\xaa\xf7\xdcRpN[s\x13\
\xf4\xb8\xb5\xe0\xa7\xa6*\xa7\xd4jUvt\xcb\xd6\xe8\
\xf1(\xf2K\xf4\x10\xddF[\xb8u\xf9\xbb\xee\xc7_\
{4\xb5q\xbbs\xe3\xe6`Co'\x0c\xdd#\x8e\
\xdd\xef\xbf\xdf\xf9b}\xf4\xb1\xdb\xa7\x01\xdf1y\xce\
\xde\xb8I6_\x07R\x8c\xed\xad\xb6V\xaeX\x1b\xb7\
\xb7\xaf-Y\x8b\x0f\xc6\x03\xdfw\x07\x80\xc0\x17\xf6f\
\xc3\x1f$\x19\x1f\xbf\xad\xfdq\xe2\x0f^.\x18\x82\x05\
\x84\x12\x8d-\x04k\xe9.?\x9bi\xd0\x1e\x8f4\x82\
w9\x80\xf1\x17\xb2\x09#\x94f\x16a\xdcZ\xf9y\
\x84a\xc7\xdf\xa9\xc9\xc9\xe1\x8ac`T\x8f\x0c\xf0\x87\
{\xb7d\xd2\x05\xf7\xad\xb7?\xeb~\xbf\xc9\x07t\xef\
m\xa2\x1d\x10\xe8\x7f\xee\xf5$\x15\xd1\x18\xbc\x92{\xe3\
)\xdcy$u\xc9\x83\xe8\xed\xa4\x05&\xc7\xabg\xc1\
G.p\x8d`5\x155\xdcNZ_\xf2<\xf2\xeb\
=\xe7N\xdb\x88\xa52`\x859\xd83\x1d\xb1\xef\xd7\
\x91\xe9N\xd7.zl\x07\xd5}\xb0\xb1\xfd\xe9zg\
\xf9\xb2\xb5\xfcOz\x86\xb2#\x16\x1c?\xb7\x1f\xea\xac\
]\xedn<\x1e\xba\x07\xa2\xf7 \x05\xff\xdd\xc7\x98K\
\xd6\xe8\xde\xf1\xa3\xfb\xfa\xed'\x8fV\xac\xb7\x97\xbb+\
\x9b\xc3\xc7\xe5\xbb\xb3)\x90kW\xc9\xb0EP\x88\x8f\
oym\x8c\xf8\xec{c\xd9\x002\x12\xb1\x11>\xb9\
wq\x8c\x08\x9b\x8dl\xf0\xec\xfe\x09\xb0]\x1a#6\
rE5\x1b:\x87B\x02|w\xac\xc7\x7f\xa5^\x05\
\xb0n\x7fzy\xf8(\xfd\xd7\x9d\x05\xf7\xaes2\xb0\
\xfd\x09\xa5\xc4|q\xac\x98\xc9}\xed\xe1\x80v(\xc5\
_W?\xba\xdf}pm\xcc\x9afW\xd63B\xe6\
\xc8\xa4\xc4{q\x8cx\x87\xa0c\x9eN\xfc\xa4\xf4\xee\
\xc7\xdd\x07\xf7\xb6\xbf\xb9fm\xdc\x06\x8fe\xad\xaf\x8e\
*[\x88|\xbf \xa5\xf3\x0a!\x13\x1b5\xc5\xdb\xb9\
\xf7C\xe7\xe6G\xdd\xb5\xcd\xe1&\xe4\x0e\xa3\xc1\xab\xfe\
\xc9\x80\x86\xf6\x8fo\xc9\xdc\x0at\xd8\xbb\xa2L\x13\xc1\
7\x15\x12\xaa2\x94@\xf8\xca\x81\x7f\x0c\xcd\x98\xae_\
\xb7.\xff\x83Z\xb3\xf5\xb7\x0d\xebf\xe8>\xf6\x01\xb6\
\x140\xd4\xc6\xabv\xcaNR\xec\xc4\x1b\xda{\xfa\xe7\
\xec\x93\xd19\xbb/\xdb\x7f\x1d7\xb0\x08\x8e9x\xc0\
@^4\x80\x15\xc7\x9b\xfer\x04\xb8\xe7\xb0\x09\x98\x9c\
\x9cR&\xc2\xe0\xf2b*\x82\x5c\xc1\xf7\x22\x8b\xb7/\
K\xd7\xbc\x9d\x97\xd7bu\xb6\x93!OOp\x95\xb1\
z:\x89\x86\xaf\xef%\xb7\xaf\xbf\xebY\x7f\x01\x08\x05\
WAb\xd3}\xd6lq/\x1d\xf8\x8e~\xf6\x85\xd1\
\xe0\x0d\xcdV\x09\xb9|*\xd8\x008\xeb*\x15\xcb{\
+{sA\xfe\xfb\x1c9\xf9F\x7f!\xac6\xdau\
y\x8c\xfb\xd7\xa28Y\x0c\x1f>0\xa7\xc3\x9a\xa0\x98\
\x9e[\x17rh7'\x06rmx7\xca\x09\x9e\x97\
\xa3\xa8\x0b\x08\x1f\xc6\xd1IC\x03\xba\x9a\x86\xcb\x8eb\
\xf6O\x867O\x16\x10\xe2r\xc7]\xfa\xf5\xfek\x0f\
VA\xeetn\x07\xc9\x9d\xbd\x80\x96B\xe4\xfbF*\
r\x8e\xb1L\xd2\x9e\xd9\x81\xd26w\xaa\xb4\xcd\x84\xd2\
\x0e\x14\xb5\xfb\x1c!\x0f\xde\xbb;!\x1a5\xc4\xdeF\
\x8c\xbdog]\xfc\xc2Z\xffjk\xfd;\xeb\xd1\x85\
\xad\x95\x0b\xd6\xd2\x95_\xf6\xed\xec\xd3\xabE\xeb\xddu\
z\x07e\xe8g\xda\xfck\xa3\x82\xe7U\xd1\xb8wN\
\xfaR\x88\x7f\xc5\xe6\x87+\xd6\x9d\xcb\x9d\xcf\x17!\xa4\
u\xdf\xb9O\x92\x88\x8b\xdf\x8e\x0ch\xd8k\xaf\xa9\xf0\
F\x10\x8a\xbf\xf6\xf8\xe8\xf3\xce\x8d\xc7\x14-\xcd\xcfG\
\x87\x99{\x8d7\x1dV/\x81\x047\xd0\xb7\x1e_\xef\
n~\xda\xf9\xfa\xdf\xd6\x83Xg\xd0\x87\xd5zQ\x05\
OA\xe0E&\xc3,\xd5\xdf\xb0V?\xa3\x03\xe4\x0a\
\x13\xcc\x9a6\x1ew\x16WXi q,55\xe2\
\x03\x8e\x82#mM\xb3\xf7\x7f\xa2\xe4\xc6\xbd\xe2\x1c\xee\
\xedU\xe5EX\xb7\x9c\x13\x8d\xc0\xd1H\x1f:\xc4\x89\
\xb7R\xdc\xd3\xb1\xe1\x22&\xd2\x91\x19\x0b\xff\xfav*\
c\xf1\x11Hl,t!\x8e\xfe8j\x84\xec%\xf4\
, 9\x1a\xc9'\xc5\xd2\x7fa\xde\xa3Cc\xc2Y\
\x1c\x02\xceb*\x9cC\xbf\x80\x12:\xb9\xe2\xdf\x11\x8d\
\xee\x9e\x0a\xdbp\xef\x93\x842\x17\xff\x1aht\xf7\x04\
\xaf8\x8c\xddiC\x9e\xd3\xbd~\x8d\xed\xc0es\xda\
\xe6\x90\x9c\xb69D\xa7\xcdD\x0a\xf3}d\xb6bf\
\xf5\xdbfJ\xbf=\xe3\xf1\xdb\xa3\xc6g\x7f\x93#\x0b\
>F \xfe!\xac\xbd6\xe9|x\xc5\xda\x18\xf6l\
x\xb2\xf9!$\x80\xd6\xd2\xdd'\xf7.\xb9\xb3\x01J\
\xad\xf5\xdb\xe4\xe6\xda\xf2Z\xd6\xd9\xd0\xfbZI\xa6\xb9\
\xc0SI9\x13\x9c-\xd9\xd5\x0f\xacw\xbf\x1eq\xba\
\x1b\xfe)\x96T6\x13I*\xfe\xc1\xca\xc5o\xc1\xbb\
\x85\xec\xd6\x0d\x131\xf7Y\x99T0\xbd\xfd\x93\x1cp\
\x03\xb6'\x0f\xff\xde}\xb8:\xf4cn\x9f\x22|_\
\xc7I\xa7\xcd \x91\x04W\x8b\xc9\xde\x04\x99\x97\xa3\x05\
\xea\xfb\xccO*\x9cA\x1aIa.\xaf\x8d\x0f\xa6\x96\
\xdalC\x88\xc4\x9f\x97W\x7f|\xf2\xf0#\x8a\x12\x9d\
\x1e\x19N\xe7jE\xba\xfc\x8d\xeb\x9c\x0e\xd7\xcc\xa8q\
\x99Yp\x99\xa9q\x9d\x195\xae\x85,\xb8\x16\xd2\xde\
{<\xa1\x02\xa3\xbd\xefm\xc5\xde<\xed|\xf1>$\
\x99\xd6\xca\xe3\xce\xe2\xdb\xbfl\x9b\x92\x8c\xed\xfe\x9a=\
\xab\xd3m\x99F[\x8a\xe7sh\x02\xf7\x09\xb4\xf8\xf3\
\xbb?\x89\xf89)E83\xf4M\xe1h\xfe\xcc\xec\
\x10\xcd\x14\x10\xcf\x8c\x11\xe2Bv\x88\x0b\x89|\xda'\
\x97\xb6\x1e~K\xec\xf4\xa7\xbb#\x84\xc8\xbe\xbc\x97\xd6\
J=\xfd\x93\x82\x9b\x19\x1783#83\x05\xb83\
\xe3\x02\xb7\x90\x11\x5c\x22\xb3\xb4\xc3P\xf7\xfbM\xeb_\
\x97F8\xef\xcc\x06\x1e\xe6\xfb\xee\xa1\xd4\x93G\xe1\xa3\
\x06\xae\x03\x06.t:_\xa7\xb2c\xa7\xff3\x94\xf0\
\xff\xff\x00e\xc0\xc7\xb6\
\x00\x00\x02\x89\
i\
mport QtQuick\x0d\x0ai\
mport QtQuick.Co\
ntrols\x0d\x0aimport Q\
tQuick.Layouts\x0d\x0a\
\x0d\x0aItem {\x0d\x0a  id: \
page\x0d\x0a  anchors.\
fill: parent\x0d\x0a  \
property var dat\
a: ({})\x0d\x0a\x0d\x0a  fun\
ction collectPay\
load() {\x0d\x0a    re\
turn data || {}\x0d\
\x0a  }\x0d\x0a\x0d\x0a  Column\
Layout {\x0d\x0a    an\
chors.fill: pare\
nt\x0d\x0a    anchors.\
margins: 16\x0d\x0a   \
 spacing: 12\x0d\x0a  \
  Label {\x0d\x0a     \
 text: qsTr(\x22\xe5\xb7\xa5\
\xe8\x89\xba\xe5\x8f\x82\xe6\x95\xb0\xe8\xae\xbe\xe7\xbd\xae\x22\
)\x0d\x0a      font.pi\
xelSize: 18\x0d\x0a   \
   font.bold: tr\
ue\x0d\x0a      color:\
 \x22#f8fafc\x22\x0d\x0a    \
}\x0d\x0a    Label {\x0d\x0a\
      anchors.ce\
nterIn: parent\x0d\x0a\
      font.bold:\
 true\x0d\x0a      fon\
t.pixelSize: 20\x0d\
\x0a      text: qsT\
r(\x22\xe6\x9a\x82\xe6\x9c\xaa\xe5\xbc\x80\xe6\x94\xbe\xe5\
\xb7\xa5\xe8\x89\xba\xe5\x8f\x82\xe6\x95\xb0\xe9\x85\x8d\xe7\xbd\
\xae\xe3\x80\x82\x22)\x0d\x0a      wr\
apMode: Text.Wra\
p\x0d\x0a    }\x0d\x0a    It\
em { Layout.fill\
Height: true }\x0d\x0a\
  }\x0d\x0a}\x0d\x0a\
\x00\x00\x057\
\x00\
\x00\x13\xdcx\xda\xcdW[o\x1bE\x14~\xf7\xaf\x18\
\x16Q\xd9j\xb4\xb2\x9d\x90+\x01AJ\xd4H-$\
4\x82\x87\xaa\x8a6\xbb\xb3\xf6\x88\xdd\x99ev6\x89\
I-\x15\x04\x12\x82\x87\x0a\x89\xc0\x03\xa8\x12< \x9e\
B\x1fP\x91\x90\xd2\xfc\x17\x84\x93\xf2/8s\xd9\xb5\
\xf7\xe2\xc4\xa6-%R\xe4\x9ds\xce\x9cs\xe6;\xb7\
\x19\x12F\x8c\x0b\xb4%\xb6\x12\xe2~X#\xb9\xa5\xbd\
\xc6\xa8\xe0,\x88\x8b\xf4\x1bN\x8f%\x22\xae\xd56\x04\
\x0e\xd1a\x0d!\xe2-\xa3\xc8\xe9`\xf8\x8c8\x8b0\
\x17=\xb4\xe7p$\x18l_F\xb7\xef\x8c2n\x90\
X\xdcd\x1e\x0e\x14[}-\x8f\x10\x0fQ\xbf\x06\xe2\
\x8cn\xcb\xcdk]\x87v0\xa8\xe78`\x8eWo\
\x00k\x8d\x81?\x14Sa3*\xbf\x03,r\x12 \
\xe2'\xd4\x15\x84\xd1\x8c\xa8\xdcDC\x8b\xb6\x1b`\x87\
+u\xe0\xbe\x8f\xea/\xbd\xc9\xb9\xd3\xb3I\xac~\xeb\
\xca\xf3\x86f#\xd0\x22\x12N\xd5\xc2g\x1c\xd5\xe5\xd9\
\x08ZE\xcd\x15\xf8yM\x1f\xd3\x0e0\xed\x88\xee\x0a\
\xbaz\x95\xa4\xe6\x90B\x81H\x98V\xb5\xd4mr\x07\
\xdd\xbd\x8b\x0e\xfb\x86?t\xc8\x89\x22L\xbdz\xbaQ\
\x83*\xb7\xda\xc4\x93[\x9a3\x19'\xd4\x98)\xa6\xfa\
\x96|\xcb\x1a\x0ax\xc4\x09\x01\x14nd\xd2\xe5N\x18\
\x164i\x9f\x8d\x98^\x94\x85\x92\x18Bkd\xd4\xf7\
NHh\x22p\x5cTF\xfcT,\xc6|\x8f\xb8x\
G\x92\xc6H\xc7\xc2\x11I\x9c\xca\xab\x85\x920\x02}\
\x8d\xbd\xc4\xa9\x9f\x8b\xa8\xcb\x82\x00\xbbb\xd3\xe9\xe5\x22\
+\x81\xe68N\x02\x01P\xab\x84\x1b\x1f+\x93\x01,\
\xa1\xa2\x22\x5c\x90X\xbcg\xe2\xa5%;X\xd4\xc90\
\x17\xa4\x11;J\xe2n!Xj#D\xab\x14(\xcd\
P\x8br\x8c\x00\xefe\xf4N\x12\xeeb^\xd7\x82)\
\xa7Q\x19\xac\xb2\xbc\xa67\xaa\xa2\x96b/\xcb\x93\xc7\
x\x83\x0a\xb3GqgP\xabY\xdcV\x15\xb9\xd2n\
\xc9\xac\xdclbZ\x10\xd7\xe4\xe1\x86r\x88\xd3\x12\x83\
\xea7=\xc3\xc4\xb2\x1c\x7f\xdd\x8c\xd69\x0bu\xa5:\
\x9c\x8fVw\x0c\x91\x03\x92\xd1\x99\xf5\x8c\xbc\x0e\xc7\xf3\
dw\xa9h\x0bi\x15\xaa\x806g\xd2\x08Bq\x8d\
\x14\x15\xd0\xd3\xc2\x81OS\x1e\x92\xa8\x0a\x00>R\x1c\
\x9a\xfa\x8c\xfdBK\x0a\xd9\x1eV\xf6\x09\xf5\xf0A\xea\
\x84\xecB\x8a\x80^\x87lEW\xae \xbd*\xe5l\
\xa3\xd4;\xb4J\xa3.5\xb8\xc6\x82$\xa4\xbaY\x1b\
\x13\x0eu\xbb\x8c\xc7\xb6O\x82@E\x09\xe2\x93c\x84\
\x0e\xef\x10\x0a\x9e\xb7\xe6\x15=\x8e\x1c\x97\xd0\x0e\xac\xdb\
5Ex\x8f\xed\xe74\x22\xa4\x97J\xe5\x07\xc4\x93\x98\
\x08\x9e\xe0\x8c\xb9+[z\x96 \x02\x1f\x88e\xf4Q\
\xbc\xcd\xeb\xd6\xe0\x8b{\x83\xcf\x7f\x1f\xdc\xff\xf4\xec\xe8\
\xe1\x93\xe3\xc7\xe7'\xc7V#\x13\xf4a\xf6\xd8\x119\
\xc0\xc1-\xf21\x80\xdaZ\xcc\xb3vY\xe0\xe5,!\
\xd9\x18\x18\x04\xc7z\xd9_\xf4\x1d\xdf\xb5\xd2,3\xbf\
zX\x8dq7\x93z+\x11\x02bT\xed\xf1\xd9\xb7\
\x0f\x07?=\xd0~\x8f\xf8\x0aS(\x80\xb9(gP\
\x96X9\xe3}\x83\x1d\xb4-\x98f\x01\x9e\x14\xbb\x8c\
y\x1d\x93NW\xe4\xb8\xdc\xf1\x88L\xb1\xf9Z\xe1\xf4\
\xadVk\xb1\xbd\x90\x9e~\x97q\x0fs{\xc8\xf5\xdb\
K\xb3\xc05\xec\x8a\x1c\xb90O*se\x18\x9a,\
]\xe6k\x19\xad\x9c1\x97\x9e\xbc\x98y\xa3\xdbT>\
\xe5\xf3\xe8\xc1W\x83\xfb\x10\x8f\x95!\x06K\xb3\xee\xab\
\xbeg\xad\xa4f\x22\x8e}\xcc9\xf6\x8c\xad\xd6\x5c3\
\x8b\xf88\xb5\xe7\xdf\xff6x\xfcY=\x0c\x1bS\xa9\
^\xba\x5c\xf3\xdfG\xa7\x83?~~\x1e\x9a\xff:9\
=\xff\xe6\x97\xb3\xef\x1e\x81\x89:4\xef\xe9\x0c\xb4\xda\
\x97[\x80B}r\xfc\xe3\xe0\xd7\xd3\xc1\xd7'\xff\xc2\
\xc2\xec\x04\xb8\x7f\xf9\xe8\xec\xde'S\xa9]\xc8k\x9d\
\xac\xd2\xb3\xb2T\x8e\xc0\xf5\xf3}\x82\xf7s9*G\
\x80\xec\xb1\x929M\xea^\x5c\xb8#\xf7\x82\xac\x81\x8f\
\xb0\xdc\x80D\xe3\x8ban\x84\x08\xfbp\xc7\x11\xd0\x1c\
\xcb\x8dE\xff\xed\x1b\xf7\xcc\x19l\xb5\xceIt\x8d\x7f\
s\x8b9\xb2A^\xcf\x9fWP\x1b\xad\xae\xca\x91\xf4\
\x86l \xf3\xed\xd6\xacc\xa1r\xab\xb9\xb8\xe1\x8c\xca\
\xa4\xbdk\xae\x96#Ww\x8aK\xfb\xd1\x98\xae4_\
\x10(\x8d\xb2\xe1\xdf6\xa4\xdf:\xc1\x81W2\x9c\xf6\
\xff\xb0\x10\xa5\x5c\xa0+\xbaKI4\x0a\x1c\x17wa\
ha\xbe]\xd1\xbbJ\xf2\xf0\xfc\x01\xb1\xec\xf53\x1c\
\xf51\x16\x9b\xe6%\xa5\xe7\xfd\x0c\xb2\x94wpC\x91\
\xbe\x16U\xf5\xa7?\xec-\xc1\x01\xa8zv\x0d\x9d\xf4\
\xdcK\xe5c\x13\x1a%\xe2&\x16]\xe6]'T@\
X\xb6\x84\xbd\x11v7\xd5V}\x8b\x8d+\x0e\xff\xb6\
G\x04\xf8\xb0N(\x89\xbb\x97\x03\x90\xba\x0a\x18\x98\x9b\
\xb1\x82B]6\x9f\x1d \xe6\x9e\xfd\xff\x87C;\xfa\
|\xc1P\xb7\xde\x89\xb1\x80\xd121\x18\xd7H\x87\x88\
\xf8]\x1a\xf4\x9e\x1e\x09\xe5%\x00\x91=H\xe4\x19\x86\
\x0f\x91g\x98\x1bp\xf5\x9f\x1c\x8d\xd9\x17\x83\x86t\xf2\
\xbf\x00C?\x7f&\x86c\xe1\xc5\xa0\xa1\xbd|\x1a<\
@}\xe9\xbd\x90\x07\xc4\xfa\xf3\x87#\xab\xc2\xd5\xec\xc1\
Pz\x0c\x96\x8c\x8e[\x8d\xdec\xf2\x8f\x0d\xf9\xdf\xaf\
\xfd\x03\xbaQ\xb9\xda\
\x00\x00\x00i\
i\
mport QtQuick.Co\
ntrols\x0d\x0aimport Q\
tQuick.Layouts\x0d\x0a\
import QtQuick\x0d\x0a\
TextField {\x0d\x0a   \
 implicitHeight:\
 35\x0d\x0a}\x0d\x0a\
\x00\x00\x00h\
i\
mport QtQuick\x0d\x0ai\
mport QtQuick.Co\
ntrols\x0d\x0aimport Q\
tQuick.Layouts\x0d\x0a\
ComboBox {\x0d\x0a    \
implicitHeight: \
35\x0d\x0a}\x0d\x0a\
\x00\x00\x00\x1f\
i\
mport QtQuick\x0d\x0a\x0d\
\x0aItem {\x0d\x0a\x0d\x0a}\x0d\x0a\
\x00\x00\x00\x1f\
i\
mport QtQuick\x0d\x0a\x0d\
\x0aItem {\x0d\x0a\x0d\x0a}\x0d\x0a\
\x00\x00\x05v\
i\
mport QtQuick\x0aim\
port QtQuick.Con\
trols\x0aimport QtQ\
uick.Layouts\x0a\x0aim\
port \x22../../core\
s\x22 as Cores\x0a\x0aPop\
up {\x0a    propert\
y StatePageCore \
statePageCore: S\
tatePageCore {}\x0a\
\x0a  id: root\x0a  mo\
dal: true\x0a  dim:\
 true\x0a  focus: t\
rue\x0a  padding: 0\
\x0a  anchors.cente\
rIn: parent\x0a  wi\
dth: parent ? Ma\
th.min(parent.wi\
dth * 0.85, 1480\
) : 1180\x0a  heigh\
t: parent ? Math\
.min(parent.heig\
ht * 0.9, 860) :\
 680\x0a  closePoli\
cy: Popup.CloseO\
nEscape | Popup.\
CloseOnPressOuts\
ide\x0a\x0a  backgroun\
d: Rectangle {\x0a \
   radius: 14\x0a  \
  color: Cores.C\
oreStyle.surface\
\x0a    border.colo\
r: Cores.CoreSty\
le.border\x0a    bo\
rder.width: 1\x0a  \
}\x0a\x0a  Component.o\
nCompleted: stat\
ePageCore.refres\
hData()\x0a  onOpen\
ed: statePageCor\
e.refreshData()\x0a\
\x0a  ColumnLayout \
{\x0a    anchors.fi\
ll: parent\x0a    a\
nchors.margins: \
24\x0a    spacing: \
5\x0a\x0a    StatePage\
Head { statePage\
Core: root.state\
PageCore }\x0a    S\
tatePageInfo { s\
tatePageCore: ro\
ot.statePageCore\
 }\x0a\x0a    TabBar {\
\x0a      id: tabBa\
r\x0a      Layout.f\
illWidth: true\x0a \
     TabButton {\
 text: qsTr(\x22\xe4\xbb\xbb\
\xe5\x8a\xa1\xe7\x8a\xb6\xe6\x80\x81\x22) }\x0a  \
    TabButton { \
text: qsTr(\x22\xe6\x8a\xa5\xe8\
\xad\xa6\xe5\xa4\x84\xe7\x90\x86\x22) }\x0a   \
 }\x0a\x0a    StackLay\
out {\x0a      Layo\
ut.fillWidth: tr\
ue\x0a      Layout.\
fillHeight: true\
\x0a      currentIn\
dex: tabBar.curr\
entIndex\x0a\x0a      \
TaskStatusPanel \
{\x0a      }\x0a\x0a     \
 AlarmPanel {\x0a  \
      statePageC\
ore: root.stateP\
ageCore\x0a      }\x0a\
    }\x0a  }\x0a\x0a  Bus\
yIndicator {\x0a   \
 anchors.centerI\
n: parent\x0a    ru\
nning: statePage\
Core.refreshing\x0a\
    visible: sta\
tePageCore.refre\
shing\x0a    z: 3\x0a \
 }\x0a}\x0a\
\x00\x00\x14\x04\
\x00\
\x00T\xd6x\xda\xd5<\xfdo\x1c\xc7u\xbf\x1b\xf0\xff\
\xb0\xdc\x22\xe1\x1dD\x9d(9Q\x8aK\x15\x82\xa0\xa8\
\x96\x0dM\xd1\x14\xd5\xb4\x95\x85\xc3\xf2nH\xaetw\
{\xde\xdd#uR\x08HN\x1c\xf9[N\xd1\xb4A\
\x1cT\xb5!Yn\x00\xa9\xb6\xd3J\x89Y\xd9@\xff\
\x16\x1dI\xfd\x17}\xef\xcd\xcc\xce\xc7\xce\xee\x1d\x19;\
@\x8dD\xdc\x9dy_\xf3\xe6\xbd7of\xde^\xd8\
\xe9Eq\xea\xbd\x92\xbe\xd2\x0f\x9bW_|!\xe4\xef\
~\xadv\x02\xfe\xd7\x8cb\x96\xf8^\x90xs\xf8d\
w\xb7\x824\xe0\xddg\xf1\xc9\xee\xde\x8e\xe2\xab\xbc\xfb\
'\xf8dw\xcf\xf6B\xea\x84\xbfv\xd7\x95\xe4\xc4z\
'\xad]\xe1\xd8\xe7:\xe9\x8b/,\xa4\xac\xe3\xddx\
\xf1\x05\x0f\xfe\x0b[\xf58\x8aR\xfe\xd2\x8b\xa3\x1e\x8b\
\xd3\x81\xb7\x16Em/f\xeb \xe8f\xd8\xdd\xa8{\
\xebA;an\xa0\x84\xa5i!L\x92\xc6\xd0\xe7\x05\
\xcd4\x8c\xba/\xb3$\x096X\xdd\xf3}\x0b,\xec\
\xa6^\xd0\x0e\xe2\xce\x0a\x92[d[\xac]\xf7^z\
\xf1\x05\x0e\x16\xb3\xa0\x15u\xdb\x03\x05\xbf\x15\xc4^3\
\xe8\xa5\xfd\x98\xad\x06\xc9\xd5\xba\x97\x04\xeb\xf4T!\xed\
\xd5\xf0\x91?iP\xd52j\xec\x1ak\xf6\xd3Q\xd4\
4\xa8Rj\xcd\xa8\x9b\xc6Q{\x94l\x0a\xaa\x94\x1a\
\xb6\x0e.\xa4A\xcaJ\x88)\xa0RZ\x09@\xf4\x93\
\x0b\xdd\xa0\x97lFi]\xbc/\x07\x83v\x14\xb4*\
U\xa9rk4\x9dN\xd0m\xbd\x1c\xb5pZ.]\
v\x80\xd0\xe4\x95\x01\x84\x1d\x98\xf92\x80^\x90n\x96\
\xf5\xc7\xfdn\x97\xc5\x7f\xc3\x82v\xbaY\xf7*7v\
\xaanSk\x07I\xbaB\xb0\xb3mh\xff1\x1bp\
{\xe3\xd0\xeb\xfd.\x99\xa24n\xd4]\xa5*\x9d\xc1\
\xe3\xdeEZ\xc5\xa7\x9a\x80\xaaTe\xbfh\x98\xc5\xe1\
&\xb9f\xe4\x7f\xc6K\xe3>\x93\x1d\xe0\x905\xf8\xff\
\x5c;d\xdd\xb4\xc6\x95]\x91BTz\x5c\xed\x1a\x7f\
\x8b\x94\xe6R\xf8_\x1a\x0ftP\xf0\xdeu/#\xa2\
\xb7{<\x8a\xd4.\x10C\xfe\x0c\x14Y\x92:\xc1c\
\xb6\xd6\x0f\xdb\xad\xb3,\x0e\xb7X\xabb\xf4\x81\x99l\
\xcfrq_KV\xe3\x8a\xbf\xff\xf6\xe3\xbd\x9b\xb7\x86\
O\xbe\x18\xbe\xf9d\xef_>\xf3\xab\x1a\xf8\x0exe\
\xda\xdc\xf4*,\x8e\xab\xa6\xa8`\xecI\xd4f\xb5\xed\
 \xeeV|2\xd4e0\x09\x8f\x8b\x05#\x0d\xdb\xac\
\xe5Oy\x88\xa9\x11\xcc)\xc6V\xfd\xceT6\xa9\x15\
\xae\xdf)\xaf\xc3\x03\xcd\xd8z-\x1a*\x1f\xe1\xf0\xde\
\xe7\x07\xffu\xbf\xee}\xe7\xa4_\xad\x05\xf1FE\x90\
\xf7~\xfaS\xe1>\xba\x0a\x8a\xc4\x14O;\x0eK\x84\
\x90'\xc1\x95\xc48\xb5Yp5\xe8C<\xeb*\xc3\
\x13\x10\x96\xdd\xf1\xb0\x01kNk\xa1\x05]v\xb0h\
\x83\xf6\xc1M$\x00\x0cdZbfr\xad\x87\xdd\xa0\
\x1d^g\x15\xb76\x15_K\x99(\xb8D)0\xa4\
|w\x91\xd6\xdc~$\x02g\xc5'1\xc0hn\xe8\
V\x00\x8d=CX\x8a{\xfdf\x13\xb8\x8a%\x08\xa4\
\x163|\xef\xbdgO\xdf\x1b\xfe\xf2\xe9\xb3\xdd{`\
\xd2\xcf\xfe\xf0\xce\xf0\xce/\xfd\xaa9\x1a$\xe8}\xf7\
\xbb8\xe8\x9e\xf0\xe1\xaa\xcb\xb4[\xe0F\x1bB(\x02\
\x86v\x06\xd2\x91@6I\xa1\xfa\x1fy\xd3\x96\xa3\x98\
C\xedE\xe0\xb3>\xa5\x07'8Rr\xc2\xf7\x8e\xa9\
\xc9=\xe6\xf9'(\xfa&'2mx\x9b\x10\xae!\
\xfaA\xe4\xc3\xe0\x18\xa4Q\xec\x1b\x8e\xd2\xb0xzj\
\xb6ME\x19\xe3\x1c\xd7\xd5\x0cz\x5c\xcf\xaf\xf6O\x9f\
\x0a\xbe\xffj\xff/\xd7N\x9f~\xb5\xff\x83Sk\xf0\
\xef\xe9\xe9\xe9\x93\xf0\xef\x0fN\x05\xf0\xef\xe9\xf5\xef\xc1\
\xbf\xdf_\x9b\x1e\xd7\xcf\x94K\xf1\xc0\xc3\xc0\x08M!\
F\x0fi\xe7\xb0A\xc4\x1a\x95\xb0\x9eC\xc4\x07-\x0c\
\xb8\x96\xa3|\x188\xba#\xa3\x99MHTc\x14A\
\xaf\xd7\x1e\xcc\x8at\x8b\x8c\xb4r\x83\xaf\xe0\x09.\xbe\
0\xf4\xe0Z\xa3\xcd\x93\xb0i4\xdf\xd7\xfa!H\xd7\
 \xfb\x12y\x9e\xa1}3&\x158\xed\x06\x1be\xc8\
\x93\xc2\x90'\xcb\x9c\xd9!<\xf9'\x0c\xfd\xc6\xce\xa1\
W\x05cU\x9a$\xb2\xcbA\x97e\xc9\xafX\x97@\
\x22\x9b\xca\xb7\xa6\xce\xe2\x95\xc2\xc1(\x9fAd\xd9X\
\x02\xe6\x22\xfb1z\x89\xc7\x1a\xef\xacz3V\x8b\xa7\
\x12/N\xa5\x03\xfc\x18\x1a\x9dj\x86\xedC\xad\x1b\xc5\
\x1dr\x82\xd98\x0e\x06\x15A\xae\xb6\x1e\xc5\xf3As\
S%7!\xec2\x0c]sz\xb5^\x1f\x12*\xca\
7\xf8P\xa2m\x0e\x9aS\x80\xa7e\x95 \x05G7\
\x05\xbcF[\x05\xe8\x5c\xeaw\xd6X\xac\x0fW>\xd7\
2\xed{\x13g\xcex\xfdn\x8b\x81\x17\xc3\xb8\xd4\xf8\
\x15D]o#\xdaJ,\xf4\xa70Y\x0a\x96*\xf9\
>O\x97%\xf3@\xdbY\xf9p\x14\xa0\xc4)\x85_\
\x8c\x9aWi\x16&&\x9c\xc33\xcd\x09\xdd\xc0\xee\xa1\
=U\xb5\xd0\xaa\xcc\xa9\x00O\x8d\x07V\x1a2\xc1\x1b\
m\x7f\x07\x7f\xd3g\xa3\x09\xf3\x04b\xa2\x89\xd0&\x85\
]K+\xf8\x82\xfb\x90\xbf\x0b\xda}\xc6iOy\x97\
&\x11\x14\x5cj\x92\x06\xd8\xa0\xb7\xcbUx\x9f\xac\x1a\
\xd3\x9b\xad\xd5\xe3\xd0\x14\xd0\x8a\xacl \xca\xc7M\xd2\
I\xd4\x8f\x9b\xe3RN\x07=\x8d,\xbd9\xa4%\x03\
\x22Le\x8e\x05\x04\x09TQ\xe4\xaf\x97]\x96\xa6\x88\
\xea\xb6f\xb0\x9a\xd6\x85\xe0\xeb~\x8b\xa7\xfd#\xe5\x10\
\xd0\x0d\x1e\xdaP \xf1\xe4\x94\xc5\xa0\xad\x8bc3u\
I\x04\xcd&\xd8\x8f\xcex\xa7t\xb84\x84\xf9J\x83\
NOL\x8aC\x5c\xa1\x7f\x00DQ\xf5\xbf\x84\x88/\
M@KaD\xd4y\xb9\x9a\x17$\x1es\xce\x054\
\xd2\x94\x19\x14>K\x8d\xad\x0dl\x13\x90.\xa1\xa5y\
\xadz\xd1H\xc2\x16\xa0\xd3b=\xa5;\x15_\x08\x0b\
\xb18@#C.\xcf\x05\xa6\xf4E\xae\xc5\xea\xf4\xaf\
\xd6\xd8\x91\x871\xe2A\xeb\xe2\xdeQ\x17\x7f\xa7,\xc3\
\xabk\xf6g\xf7\xa1J\xeb\x10\xb6a\xe3\xbd(\xdfu\
#\xd6\xe0\xd3\xa8\xcbt\xd0\xb9\xa8\x1d\xc5E\xb0r\x8e\
\xb9n\xd6q\x05JWec%\xeb\xd6q\xb2\x14X\
<\xe4\xbaZ\xb2KW\x15w\x00>\x0ci\xba3|\
\xaf0\x89[\xde{?\xdf\xff\xe0\x17\x93UX(*\
\x96\xd9\xc3\xdarR\x81\x12\xdc\xb3?<$P\xde\xb6\
\xf7\xdb\xdfI\xf4j\x9e#iCq\xa43\xc2\x1a\xfe\
{!\x1d@~\x22RX\xe4\xaby?8\x91uj\
\xe6@m\x05\xb0\xc3\x8e\x01\xd3\xee\xc0\x9cG\xdf[\xee\
\xb8SSm\xdf\x96\x82^\xb4\xb5\xc18\xd5\xc3\x0d(\
t\xa3a\xca\xe3=\x09\x813\x15\x83E\xc3P\xe3\xb4\
b/D\xd4\xab-80/\x1aZ\xd6\xdcMY\xbc\
\x15\x80\xf5}ozzZy]\x0f\x1c\xbennA\
\x013\x0e7`\xcc8\xc5x\xb8Y\xb3\x05\x95\x02\xe6\
\x17C\xeb8\xccL\xab\xe4\xf2{\xc6q\xba\x82\xc7N\
\x82\x81\x1e:3\x14#\xf5P\x8b4ut\xfb\xed\xb6\
\x16O\x15\x1b\xb5\xc0\x8a\xf0\x22\xba\x0a\xa5\x97\x87\x83)\
\x1e)\x9a\x8b86\xe5\xc5\xc8Z-\x19r+<\x91\
\x80\xa5/Z\xe78\x98K\xf9\xd1\xda\x15\xd6L\xfd2\
<\xd1\x808ER7\xfbq\x0cA\xee\x02\x8b\xc3\xa0\
m\xeb\xbc\x05\x19L3\x05]\x98\x07\x97\xb5\x84\xa0\x1b\
]Z\xe0\xd4N\xcb\xea\xe7\xeb\x9f>\x06N//\xb1\
\xb1(p\xa0)\xcf?\xee\x1b\x0b\xa1\x1dqu&\x98\
\x94\x95\xf6\x93\xc6\x8e;\x94U\x86e\xa9\xd1\x06\xc5k\
\x81^\xc8\x9al\x0e\x93/t\xbd\xe3\xfe\x085\xcb\xf5\
\x81\x06\xfa\x8dm43L:&\xd1\xce6r\xa3\xf5\
\xffB\xdf\xf5Y\xe3\xe3\xdbj\x88\x94\xfb\xff|w\xef\
\xcd\x0f\x0e\x1e}6|\xfa+\xbf0u\xcd\x86\xbf\x18\
\xac\xb1\x9c\xe9\xb8\x12\xd2R\x05\x9a\x13NY\x09X\xfc\
\xd8$V\x01\xd8$!FE\x82\x1c\xf3|\xef\x7f\x9f\
x8x\xa4Z|\x1a\x88\xc7\xf8\xfdN'\x88\x07\xf9\
\xf8\x13\xa7\x89\xb1\x1f\xa3\x16\xbe\xa3\xe2\xaa{~\xfb\xf6\
\xf3\x0f\x7f\xa1\x9dE\x14\xdc\x87\xac \x1b\xb9\x5c\xf9\xc3\
\xcf>\xdf\xdf\xfd\x9d\x9f\xadU\xfe\xfe\xc3\xb7\x86_\xbd\
\xe1WU\x9a\x97\xe3\xb4\xf7\xd6\x83\x83\x8f\xde-\xe1$\
\xeeJ\xbe\x01N\xef?\x18\xbe\xf9\xb8lL\xfc8\xf0\
\xd0\x9c\xb2\xa0\x8a\x0c\xafDa\xb7\xe2{\xe0B\x85\xe6\
\x86A\xecB\x96 T\xb6(M1\xa3\xec\x16\xcf\xca\
\xed0\xab\x9a1\xce\x9a-\xbe#$(?\xb8{\xdf\
\xb4Ha\xd4\x22\xb1\xe7\x22\x18{5\x9e\xac#X\xd5\
\xd8}'\xdb!\x9d\xccS\x8fq\x04\x12$\xcc\x9b\xae\
\x9b\xf7\x01\xba\x14\xef\xff\xd3\xf3_\xdf\x85\x5cF\x97\x93\
\x90N\x96 \x91u\xb8\x90N\x15#a\x82\xf5\xe8]\
\xf0\xfb\x1c\xd2K%Ht\xfa\xa6c\x80\xde\x83~;\
5P\xd6\xc0\xaf\xae\xba\x0e\xfe\x0co\xc7\xfc\xe5\x8cw\
\x81.\x92\x84nk\xf0\xd2\xa9\x98*F\xb8Z\x9bu\
7\xd2\xcd\xc3L]\xbf\xd7\xa3\xfd\x07\xa1\xa7\xd1E|\
\x9d\x83\xd1)\xear\x8e\x08R\x9b$\xd2\x81\xbf<\xbf\
tva\xe9\xaf\xfd\xba\xd9\xfc\xca\xc5\xf9\x8b\xf3g\xfd\
z\x91$\xf9\xe9\xe3x+\x17\x97\x96\x0cr\xa3\xa7\x90\
#\xce\x9d\x7fyyq~U\xe7\xc9;\xce\x9e_\x9a\
/$\xe7\x98\x5c\x8eunva1Ok~e\xe5\
\xfc\x8a\xddxn\xf6\xe2\xe2j1\x07\xcb\x12\xf2v \
\x93\x11\x98\x80|\xd2\xeb\xcc\x04\xf9\xae\xc4\xf6\xf4?\xb7\
#\x16d\xee\xe3\xb8\xa3\x8d\x1av\xd7\xa3q<\xb2`\
\x032\x8e_\xba7 \x7f\xa2\x7f\x9a\xc1\xd5\xdf\xffd\
w\xff\xcb\xaf\x1d\x91\xb3\x9c9%9\xc1\xf6j\xde\xd1\
\xf9\xbe\xc5\x98\xc1\x0c\xf0Od(\xc2\x8a \xe7\xf6|\
J\xaf3f\xe7\xcf\x9d[\x5c\x00_\xa2\x0c=kE\
\x87\x9d_ip'8\xac &\x03\x19JFS\xb1\
L\xcd$#C\xc8h2\xba\xd9\x994T41G\
K\xc1d4a\xcb.M\xda\x22\xb4\x98\x84yd1\
\xdb\xbe\x09\x9d\xfedve\xe9H:-\x80\xea@\xf2\
T\xb8\xd3\xebm\x82\xf9P\x16bm\xf5h\xcf\xc4\xd2\
 \xc4\x03f\xda\xa9AF\x8e\x7f\xc5\xc5eCt\xce\
\xb8\x1a\xeb.\x8c\xb3\x0e\x84\xb3\x12\xde<\x02&\xa9\x80\
/'W\xe3\xaf\xa0h\xf1\x8e\xb8\xd6\xbb\xda-\xcbd\
\x8cpf\xcc\x94\x9b\x1ayj\x0d<K\xf68\x9c\xf0\
\xb7\xa0\x17k\x9c\xd9\x0e\xdd\xa0$\x9bg\xcc\xd7<\xb6\
\x9d\xc6\xd3\xc6T\xe8,\x8e6b<\xe91.+\x8c\
\xd3\x01+=>\xf8\xfa\xc3\xe1\x97\x9f@v\xfc\x1d\x91\
\x1e[\x94\xcc\xb3\x5c\xd1\x99\xbf\xc5\xd2\xe8\x9a{a\x13\
\xa1\xea8\xdd\xa8u\xa3\x94\x95\x898\xbcw{\xef\xf7\
\x9fj\x19\xbc9\xbb:\x15\x9b\x01R\xe2\xa9\x16y\xd9\
4\xdddY\xc6\x9f\xdfY\xe7\xf7E\xbf~\xbc\xf7\xe8\
\xbf5\x09,\x1a\x05\x9b\x02\xc1y\xc6\xdc#\xe06N\
\xed+\xf6~\xf3\xfa\xde\xbf\xfe\xfb\xc1G\xf7\x87o\xbc\
\xf1\xec\xeb\x8f\xf6n\xfdgn\x07\x91]\x1fg\xb5\x15\
q\xc8\xba\xad\xf6`\x8eWV-\x05\x1dV\xe1\x87T\
\x96\xc9\xe2\xa5\x17\xaf\xb2\xd0\x12\x05_l\xe2|)\x02\
\xdf\xf5\xf9\xfa\xb1\xa2\x1f\xf7\xbb5:p\xcb\xa0\x86\xff\
ss\xf8\xe0\x1d\x9e\xd6\x99\xb0\xe3\xc2q\x9aQO\x81\
\xde\xfa\xed\xde\xc3\x8f\xdd$\xc7\x02C\x8a\xbd\xa0\x9f\xa8\
\xb1\x80:\x01\xdc\x84\x1a\x0d\x81t\xc0\xd8\xfb\x1d\x05\xb6\
\xbf\xfb`\x7f\xf7\xa1\x93\xe9\xb8\x80\xcc\x18\xc5\xde\xcd\xfb\
y\xbeTrQ7\xaaIL\x88N\x84\xd3Z\x03\xb0\
F\xd2c\xac\x95\x01\x1f<\xfaj\xff\xe9\xa3\xe77\xef\
\x82\xf7\x16\xa2\xe0\xe1B#\x8a\xc3\x8d\xb0k!\x0e\x9f\
\xdc\x7f\xb6\xfbx\xf8\xfe\xdd\xfd\xd7\xff\xe8D\xdf\x8c\xb4\
1\x0e?\xfc\xb7\xe7\x1f>v\xc2]\x896\x94*^\
\xff\xe3\xf0\xedOM\xb0\xb5(JRM\x09\x0f\x0e~\
\xf6t\xef\xce\x07\xc3\xf7nkpF\x80\xbb\xca\x06*\
\xbb\xe2f-\xd2+H~\x16\xa3mW\xf2#\x0c\xfd\
\x12\xe0^.\x8c}\xc27uX#\xe5\x86\x86Q\xfb\
2:K\xd8{\xf7\xf6\xb3\xdd{\xb9s\x1a#*q\
\xb9\xa7\x9cxE\xfe\x9d\xf3s\xba[]\xc8J\x1fs\
\xe7m\xd1\xb6\xb9\x10\xb8N\x99\xd59\xc7\x06n\x19\xf0\
\x91\x17;\xe8HT^\x89\xb4d0\xa5\x86\xc6z\xd8\
\x86V\xedNX\xc0\x19\xf8\xa8:\xba\xcb\xaf\x85\x09\xbf\
\xd3\xe7P\xe6\xb6\x85\xb7\xb9\xaf\xf9\xa7\xbc\x10f\xeb\x9a\
U\x04$\xab:q\x99\xe4'\xc7\x08\xcb\x93%^\xac\
\xe9Cd\xa5\xb6\xbaGt0\xb8\xe3\xdf\x1a\xa2U\xed\
B\xc7\x89\x5c\xab]yB-\xa0S\x1e\xf9\xad\x8a\xa4\
4L\xdb\xac\xee\x19|\xa8\xcd\xce6T\xcfT\xe6=\
_\x0d\x7fvG-\x1e4Z\xef\x98w\xb2\xaa\x96\x81\
b\x98)S\x0e\x1cE\xdd\xcao\xa0i\x0a\xfd\xc3\x02\
\xed\xc7m\x0e\x19$\xe7`&/\xc6m\x025\xc1\x8c\
2(u\x99\xc3\x0b\xa2\xb4c{i\x22\xfa\xc1\xbd]\
%\xa7\x96\x9bK:\x8b\x1b\xe8\xd2\x90x5q7\xec\
OIU\x8a\x81?\xfd\x8f\x83\xb7\xbe\x00Z;S.\
\x9c\x0d0(\x1be\xff\xd6g\x14\xf4\x0aPZ\xac\x97\
n\xda8{O>/\xc3\xe1U)9\xa4\xdf\xff\x8a\
vm\x06\xd2e\xad\x9e+\x8aq[\x09\xfe\x83\xf7\xd6\
?\x84?\x7f%u \x02\xc9\x0f\xbdc\xc7B\x87a\
\xd3\xad\xac\xa8J\xc1X\x14^\xb6!`[\x09\xfd\x5c\
\xeb\x97\x08\xbc\xa6\x07\xac\xcc\xaa\x01\xce2j<\xcf\x0c\
\xbb}fS\x8c\xa9jDL'\x91\xd7\xe6\x12m\x1a\
\xda\xc8u\xc0\xa2\xb3\xc7:>\x1e\xc6A\xb8\xa8\xdc\xfe\
GZ.\x884\xa6\xe1\x02d\x89\xdd:\xa6\x04W\x91\
\xb0+\x14X\xcd\xd7=O\x88\x88\x04\x89\xdc\xf9\xed\xee\
\xb2(\x03\xaf\x00ZuL}\x02&f^-5\x8d\
\xb5\x04\x16M\x15\xdb\xb0~)[tj\xb4\xac\x81\xc6\
\xf1\xefN.:Ibc\xf2\x06\xe5\xc5\x81\xb2\x0f\xa7\
e\x10\xcca\xe8-\x1b\xd1V\xb0\xb0l\x84Z\xa5\x95\
h/u\xfer\x18K1,\x01F`\x86K\xbf:\
F\xe4\xcb\xc4\x1e\xd3\x8a2\xf81l\xc9\xbe\x83\xc4\xe1\
\x94\x16A-\xcbO\x10\xbe\xbdu\xba\x17\xb3\xad\x90m\
k\x0b5*\xa5!\x9b\xb5\x95\x1a\xdb\x97\xf3\xcd\xe2[\
\x8c\xc4(=\x0a\x93T\xdcRY\xc5y\x82\xaey0\
\x89\xe0rg\x03\x06a.\xfd6\x1f\xa3\xee\x88\xf3)\
\x12\xc5\xc1\x1f1\xaa\xe3\xe7\x0cTl$s\x04\xe3\x02\
%k\xb5\xee\xa9\xf3\x19\x80\x98/\xe3\xf6\xdc\xb8\xbeV\
I\x88k\x15$\xab\xaf\xf1\xc5\x9b\xab\xb4\x19\xb1\xb8\xc9\
\x9c\x95T|\x1c\x97|\x02\x87\xb5\xc7O\xd8k}\xd6\
mb\xd1\xb7\x1f\xb6\xa8%e=\x1fk\x85T>`\
3;\x04#b\xc2Y\xc1\x96m\x036\x08\xf4\x1c\xad\
\xaf'\xf4\x8c\x8c\x5c\x893g4\x18\x9f\xd1\x80\x18\x0d\
4F\x03\x8d\xd1`\x04\xa3\xeb\xe33\xbaN\x8c\xaek\
\x8c\xaek\x8c\xae\x8f`\xb4\xc5\xdaQ3L\x0f10\
\x89\x81L\xd6\x19}q\xe2o\xc9\x97F\x1c\xa4l\x04\
Ka\xf5\xe5ud\x92\x9b\x00F\xfa\xcd\x0e\xfd\xe9\xc2\
\x1a\x81\x7f\xf9\xf6\x82x\x19\x17\x80\xaeBv\xdd\x223\
3\x1aS..\x89\xc9B\xdb\x1bI\xca\xe2D\x5cq\
\xb2keUO\xdd%\x03v\xf7\xa2$\xa4\xba\x1dN\
KU\x01\xc9\x0b\x13\xac\xf96\xc2\xa88g'\x1f(\
\xda\xf3y\x02\x91/D\xfe\xdf\xd3\x0d\xba\x98b\xc2\xc4\
M\xe5\xb9\xf0\x1akU^\xaaV\xf3\x94\x07\xe3R\xfe\
\x07\x9b\xf2`\x04\xe5\xeb\xe3R\xfeG\x9b\xf2\xf5\x12\xca\
\x023\xb7\x8du\xeaX\x00\x8bs)\xcf8{\xd6\xdc\
C\x9b\xdd\xccc\xec\x09\xd6\xc4\x930J\xcaS\xc6\xb9\
\xab\xfa\xba@\xb3;XI\xcaEW\x06jJm\x09\
-\x94\x06O\x8e\x82\xf0qW\xf29\xed\x8b\xc5\xb1\x16\
s\x08\xdc\xd0v\xb2d)+(:\x98\x93\xebd~\
\x95\xb3K\xa9\xb9\xd2\xc4\xc6\xc1^\xe0T\xf3\x11W8\
r\xd0Vq\xf5l\xd8\xa2jY\x90\xbf\xa1\x1e\x17Z\
Z\x95,\xa7!\x970\x19\x0dZ\x96\xa5`\x81\x8fj\
\xa7r\x86\x19\xd9RG=\x1e;f\x8a\xaa\xf2$\xbe\
\xb3\xd0\x8a\xd8e\xa2j\xb4\xa3\x0e&\xf9\xd2<\x89)\
\xaa\xd1Y7\xc6\xac}\x9c\xfac6\x18\xbb\xf8\x9c\x10\
\x1a\x90\xb0R\xc9p\x86\xaf\xbd\xd9\xd5\xbd\xc2\xde5^\
0e:g\x94\xf9\xf8\xa4\x15\x02\xc6\x13L\x0c\x8d*\
\x9c\xc9p\xa4d\xfc\x8dDQ\xb4\xac\xd92\x98h/\
\xe4\x8d\xf2M\x1dck\x10\x96?k\xaa\xc4m\xcc!\
u\x89\xab\x9a\xa6>\xa4P\xaeB\xe2\xa1t\xc8Y\x16\
+\xd1%R\xf6\xf5\x0aW\x1a\x8a`1\xd4\x14$\x08\
\xe8oJE\xf8\x9a\xd3\x11\xc1\xd4\x9d'\xf5\xa6\xe2\xab\
\xb6\xb9\xc7A'\xb9 ?0\xe0\xe6+\xf5\xc4;s\
\xb1\xd7\x09T\xd7\xb6\x02\xd8`-\xb6\xd4&\x02\xbb*\
\x8a\xfe\xdb\x84>+V\x22X\xd2\x19\xd7wR:\xf3\
\xb2\xcb-\x9c}!\xa6\xb7rr\xd6D\x1b\x9cp\xdf\
\xc9\x8f\x15\x1a%\xcc\xcc\xcfE]\x92Z\xe8\xa6J\xd4\
\xe5_^%:5;\xe0Q\xd7J\xb0]\x1c;\xcd\
\x0f$\xc8\xd2\xf1\x0e\xa1\x9d\x1a\xd1S\xe6\x05\x1aA;\
r\x8a\x80g\x8e\xcd]I;J8\x9d\x86\x94\x91\x19\
\xdfp\x8c-Y\x01W\xa1\xc9\xacz\x9d\xdf\x90\xe8\x0e\
\xc6\xac\xaf\xa8s\xb8V\xc5\x9c!\x83s\x1a\xb0\x0e>\
+\xf6\xe5\xc57\xa6\xe0\xae\xbcT\xf5\xd6\x9d\xa5\x0d\xf2\
\xfb\x929\xf0\xae\xb0\x85w\xd0\x853\xdd\xef\xb5\xd4\x07\
$\xa0L\xf1\xbe*^\x8d\xefK\xd4\xfbj\xee[\x14\
[\xfb\x13&\xff\xc3\x9aB\xb9\xf4\xb6)\xc8A\x04)\
\x0a\x05\x9a\x0a\x93\xcd\xec\x95\xee\xfa\xf8\xdbh!e\x04\
\x82\x94\xa0O8%\x0ek\xcb\x98\xc35\xe7\x1b\xc1s\
\xbej~\xd3\x91Q\xb3\xe62f\x9d \xbeZ<\x89\
\xbc\x1f\x07\x8bW\xca\xf9a\x0a|5\x09z\xea\xe1v\
E\xc9Q}[G\x0d\xda\xc1\x0c\xb2\x1a\xc5gL\xbf\
\x97\xcc\xec\x10jLt-\xf7\x95\xb1ho\xb9\x82\x5c\
FS<\xcc\xd8\xc7\xb8\xd8\x9a\xaf\xb0\xf8\x86rr\xe7\
W>V\xe5,\xff\x003\x97\x17\xabf\xf7\x17\x0a%\
U3\xdcX\xba\xfd\x0e\x8b\xc3\xa6*\xd5\xe3\xcc\x1d\xa5\
z\x02\xb2\x9aK\xd9%\x89\xfc\xe76\xd5#\x94\xbfY\
\x14OU\x8fR\xf0g\x119Y=t\xe9\xdf8\xfa\
\xdbq\x95\xaf\x8a{]>1\xd9\xb5\xee\xa1\xabY\xc7\
)\xf0\x14\xf5\xa6+\x0b\xab\x0bs\xb3\x8b\x8e\xc2\xcfr\
]st\xac\xcb\xb2I\xcaZ\xad\xfaak\xb58\xfa\
\xc2\xd2\xb9\xf36\xc9\xa5\xf3 \xe4\xfc\x18\x14\xf5i(\
,Q\x1dgZ\xca\xfcL}xg\xed~\xff\xec\xee\
 \xd2\x87\xb7\xef\x1f<\xfc\xc4\xde\x0d\x8cr\x03\x8e\xfb\
\xfc\xe3\x9f\x97\xe3\x9e,\xe1{\xe7\x83\xfd{_N\x16\
\x94\x03L>\xbf\xf9\x9b\xfd\xbb\xf7'\xab\xffo\x0c\xde\
\xad\xcd\xa3\x18\xba[\xb7G\xb0o\xb7\xa2\x0b-\xdbX\
wH\xa7S*\xc5\xa4\xc9\x18\xf5A\xa2\xfdkE\x9a\
\xa2\xb5c\x1f\x988\xc7QPf\xe7YM\x86\x84\xd3\
\xab4\xd4\xa7(\xe2BH\x02i7D\xc6\xb7\xc5\xf4\
\xabT\xf9\x8f\xd4\xe8\xb4\x85\xffpUC\xc0\xe4\xbfT\
C\xa0\x15\xed\xc7\xad\x10D\xff\xb1\xabl\x9d\xd5a\xce\
x\x15APe\x17R\x0a\xe3jcF6\xeb\xbf\x99\
\xe5\xa8'\x8d#,\xa3\xd5\xe5(\xf8m\x89\xec\xd3y\
U\xed\x98m\xc5\xdd\xe3\xd5{u\x06\x98i\xe0\xa2\xee\
\xd4dE\xf0\xd1\x92'\xc1\xd8\x1a\x9eh\xd6\x87'.\
d\x89T\x8dbbC\xde\xdd\x1a\xbb1\x1d\x02\x8fD\
\x8ar\xdb<%\x1b\xb5`\x8e6\x8d\x09T\xa5Q\xea\
h\xdc)\xe8D\x99\xa0\x19\x04\xe5Czl6\xca\xae\
l\x94\xaa\xb3\xa2^@%\xea\x1bf\x9f\xc5q\x14\xfb\
\xb9\xa0\xef\xae\xad\x92L}}\xe6\xa3\xf5\xf56Hn\
\x1d\x16\xe7\x7f\x97\x8dF\x81\xa2\x99\xb7\x1dj\xe9\x9bG\
Qj\xf8\xfd1=\x99U\xa3Bt\xf9\xf5\xba\xb8z\
~\xb6\xbb;|\xfb#\xbeS\xdd\xff\xf4\x9d\xe1\x97w\
d\xe1\xbeY\x14\xe0\x90\x86dq]#\xabJ\x1a\x87\
\xba\xa2\xaby]\x090\xfc\xc6q\x0b\xbfB\xc6)\xcc\
3,\xff\x95\xb5\xfc@\x86O\xbe\xd8\xbb\xf5\xf1\xf0\xde\
{\xc6/\xae9\x07\xa2\xec\xcb\x0c\xa1s\x11\x00\x12\x97\
D\xc9\xcc\xaf\xdd\xea\xf9o\x9as\xbf\x08\x96}B\xbd\
\xc2\x9a\x8cb\xaf\xf3\x07\xec\xf0\x8b\xeb\xb2xb\x81\x16\
\xfd\xf8\x9c\x9d\xe5\x8c!|v:\xef\x10}N\xfd\x10\
\xe4\xdc&\xa6\x89\xb4r\xb8EP\x93\xaf\x11\x98W\xbf\
\xfdx4\x02s\xea\xe7\x1e\x8fF`%\xfb\x89\xc7\xa3\
\xe1/\x1a\xdf\xf0\x1a4\xac\x9f\x9fR\xba\xdf\xf9?\x0c\
\x9a\xc6q\
\x00\x00\x06\xdd\
i\
mport QtQuick\x0d\x0ai\
mport QtQuick.Co\
ntrols\x0d\x0aimport Q\
tQuick.Layouts\x0d\x0a\
\x0d\x0aimport \x22../../\
cores\x22 as Cores\x0d\
\x0aimport \x22../../d\
atas\x22 as Datas\x0d\x0a\
import \x22../../wo\
rks\x22 as Works\x0d\x0ai\
mport \x22../../Api\
\x22 as Api\x0d\x0aimport\
 \x22../../js/fmt.j\
s\x22 as Fmt\x0d\x0a\x0d\x0aRec\
tangle {\x0d\x0a  Layo\
ut.fillWidth: tr\
ue\x0d\x0a  radius: 10\
\x0d\x0a  color: \x22#131\
c2b\x22\x0d\x0a  border.c\
olor: \x22#1f2a3b\x22\x0d\
\x0a  anchors.margi\
ns: 0\x0d\x0a  height:\
 50\x0d\x0a  required \
property var sta\
tePageCore\x0d\x0a  Ro\
wLayout {\x0d\x0a    i\
d:row\x0d\x0a    ancho\
rs.fill: parent\x0d\
\x0a    anchors.mar\
gins: 10\x0d\x0a    sp\
acing: 15\x0d\x0a\x0d\x0a   \
 RowLayout {\x0d\x0a  \
    spacing: 4\x0d\x0a\
      Label { te\
xt: qsTr(\x22\xe5\xb7\xa5\xe4\xbb\xb6\
\xe4\xbf\xa1\xe6\x81\xaf\x22); color:\
 Cores.CoreStyle\
.muted; font.pix\
elSize: 12 }\x0d\x0a  \
    Label { text\
: statePageCore.\
workpieceLabel()\
; color: Cores.C\
oreStyle.text; f\
ont.pixelSize: 1\
8; font.bold: tr\
ue }\x0d\x0a    }\x0d\x0a\x0d\x0a \
   RowLayout {\x0d\x0a\
      spacing: 4\
\x0d\x0a      Label { \
text: qsTr(\x22\xe6\x9c\x80\xe6\
\x96\xb0\xe8\xae\xb0\xe5\xbd\x95ID\x22); co\
lor: Cores.CoreS\
tyle.muted; font\
.pixelSize: 12 }\
\x0d\x0a      Label { \
text: Datas.Task\
Datas.latestReco\
rdId ? (\x22#\x22 + Da\
tas.TaskDatas.la\
testRecordId) : \
\x22-\x22; color: Core\
s.CoreStyle.text\
; font.pixelSize\
: 18; font.bold:\
 true }\x0d\x0a    }\x0d\x0a\
\x0d\x0a    RowLayout \
{\x0d\x0a      spacing\
: 4\x0d\x0a      Label\
 { text: qsTr(\x22\xe7\
\x8a\xb6\xe6\x80\x81\x22); color: \
Cores.CoreStyle.\
muted; font.pixe\
lSize: 12 }\x0d\x0a   \
   Label { text:\
 Fmt.safeText(st\
atePageCore.stat\
usSnapshot.state\
, qsTr(\x22\xe5\xbe\x85\xe6\x9c\xba\x22)\
); color: stateP\
ageCore.statusCo\
lor(statePageCor\
e.statusSnapshot\
.state); font.pi\
xelSize: 18; fon\
t.bold: true }\x0d\x0a\
    }\x0d\x0a\x0d\x0a    Row\
Layout {\x0d\x0a      \
spacing: 4\x0d\x0a    \
  Label { text: \
qsTr(\x22\xe8\xbf\x90\xe8\xa1\x8c\xe6\xa8\xa1\xe5\
\xbc\x8f\x22); color: Cor\
es.CoreStyle.mut\
ed; font.pixelSi\
ze: 12 }\x0d\x0a      \
Label { text: Fm\
t.safeText(state\
PageCore.statusS\
napshot.run_mode\
 || statePageCor\
e.statusSnapshot\
.runMode, \x22-\x22); \
color: Cores.Cor\
eStyle.info; fon\
t.pixelSize: 18;\
 font.bold: true\
 }\x0d\x0a    }\x0d\x0a\x0d\x0a   \
 Item { Layout.f\
illWidth: true }\
\x0d\x0a  }\x0d\x0a}\x0d\x0a\x0d\x0a\
\x00\x00\x04>\
i\
mport QtQuick\x0aim\
port QtQuick.Lay\
outs\x0aimport QtQu\
ick.Controls\x0a\x0aim\
port \x22../../core\
s\x22 as Cores\x0aimpo\
rt \x22../../datas\x22\
 as Datas\x0aimport\
 \x22../../works\x22 a\
s Works\x0aimport \x22\
../../Api\x22 as Ap\
i\x0aimport \x22../../\
components/btns\x22\
 as Btn\x0a\x0aRowLayo\
ut {\x0a  Layout.fi\
llWidth: true\x0a  \
height: 26\x0a  spa\
cing: 10\x0a  requi\
red property var\
 statePageCore\x0a\x0a\
  Label {\x0a    te\
xt: qsTr(\x22\xe5\x91\xbd\xe4\xbb\xa4\
\xe7\x8a\xb6\xe6\x80\x81\xe4\xb8\x8e\xe6\x8a\xa5\xe8\xad\xa6\xe4\
\xb8\xad\xe5\xbf\x83\x22)\x0a    font\
.pixelSize: 22\x0a \
   font.bold: tr\
ue\x0a    color: Co\
res.CoreStyle.te\
xt\x0a    Layout.al\
ignment: Qt.Alig\
nVCenter\x0a  }\x0a\x0a  \
Label {\x0a    text\
: qsTr(\x22\xe6\xb5\x81\xe6\xb0\xb4\xe5\x8f\
\xb7 %1 \xc2\xb7 %2\x22).arg\
(statePageCore.c\
urrentRecordIdTe\
xt()).arg(stateP\
ageCore.readySum\
mary())\x0a    colo\
r: Cores.CoreSty\
le.muted\x0a    eli\
de: Text.ElideRi\
ght\x0a    Layout.a\
lignment: Qt.Ali\
gnVCenter\x0a    La\
yout.fillWidth: \
true\x0a  }\x0a\x0a  Btn.\
ActionButton {\x0a \
   text: statePa\
geCore.refreshin\
g ? qsTr(\x22\xe5\x88\xb7\xe6\x96\xb0\
\xe4\xb8\xad...\x22) : qsTr(\
\x22\xe5\x88\xb7\xe6\x96\xb0\x22)\x0a    en\
abled: !statePag\
eCore.refreshing\
\x0a    Layout.alig\
nment: Qt.AlignV\
Center\x0a    onCli\
cked: statePageC\
ore.refreshData(\
)\x0a  }\x0a\x0a  Btn.Act\
ionButton {\x0a    \
text: qsTr(\x22\xe5\x85\xb3\xe9\
\x97\xad\x22)\x0a    Layout.\
alignment: Qt.Al\
ignVCenter\x0a    o\
nClicked: root.c\
lose()\x0a  }\x0a}\x0a\
\x00\x00\x03d\
i\
mport QtQuick\x0aim\
port QtQuick.Con\
trols\x0aimport QtQ\
uick.Layouts\x0a\x0aim\
port \x22./pages\x22 a\
s Pages\x0a\x0aItem {\x0a\
  id: root\x0a\x0a  La\
yout.fillWidth: \
true\x0a  Layout.fi\
llHeight: true\x0a\x0a\
  ColumnLayout {\
\x0a    anchors.fil\
l: parent\x0a    sp\
acing: 0\x0a\x0a    Ta\
bBar {\x0a      id:\
 tabBar\x0a      La\
yout.fillWidth: \
true\x0a\x0a      TabB\
utton { text: qs\
Tr(\x22\xe4\xbb\xbb\xe5\x8a\xa1\xe9\x98\x9f\xe5\x88\x97\
\x22) }\x0a      TabBu\
tton { text: qsT\
r(\x22\xe5\x91\xbd\xe4\xbb\xa4\xe5\x88\x97\xe8\xa1\xa8\x22\
) }\x0a      TabBut\
ton { text: qsTr\
(\x22\xe9\x87\x87\xe9\x9b\x86\xe5\x9b\xbe\xe5\x83\x8f\xe9\xa2\
\x84\xe8\xa7\x88\x22) }\x0a      T\
abButton { text:\
 qsTr(\x22\xe8\xb7\xaf\xe5\xbe\x84\xe9\xa2\x84\
\xe8\xa7\x88\x22) }\x0a    }\x0a\x0a \
   StackLayout {\
\x0a      Layout.fi\
llWidth: true\x0a  \
    Layout.fillH\
eight: true\x0a    \
  currentIndex: \
tabBar.currentIn\
dex\x0a\x0a      Pages\
.TaskStatusSumma\
ryPage {\x0a      }\
\x0a\x0a      Pages.Ta\
skCommandListPag\
e {\x0a        stat\
ePageCore: root.\
statePageCore\x0a  \
    }\x0a\x0a      Pag\
es.TaskImagePrev\
iewPage {\x0a      \
  statePageCore:\
 root.statePageC\
ore\x0a      }\x0a\x0a   \
   Pages.TaskPat\
hPreviewPage {\x0a \
     }\x0a    }\x0a  }\
\x0a}\x0a\
\x00\x00\x04@\
\x00\
\x00\x10\x0cx\xda\xb5WQo\xdcD\x10~\xb7\xc4\x7f\
\xd8\xba\xa2J\x84\xba\xe4R\x02\x95\xa5\x80\x92CU\x91\
(\xa2ME\x1f\x10\x0f{\xf6\xe6n\xc5\xda\xeb\xee\xae\
\xef\x9a\xa2\x93*\x84\x80\xa2F\x8a\xc4C_@\xa2\x22\
\xa5\xbc\x84\xe7(\xa2\xf0c\xc8%\xf7\xc6_`\xd6\xf6\
\xf9\xbc>;w)\xa9\x13\xddygfwf\xbe\x99\
\x9d\x99ca,\xa4F\xb7\xf5\xed\x84\xf9_:\xccZ\
\xe2\xb6\x88\xb4\x14\x5cU\xe9\x1f\x93\x1d\x91h\xe5L\xe8\
.\xc6o\xc3\xbf/$U.\x22\x0a\xb5\xcd[\x85\x1b\
\x10M2\xee\x87\xe6\xcdq>\xd24D_9\x08\xb1\
\xc0CR\x08\x0d\xaf\x92\xdeO\x98\xa4\x01\x8a\xa5\x88\xa9\
\xd4;\xa8O$R\x9ah\xfa)\xe9Rs\xae\x03b\
\x99\x01x\x9bq~\x8f\x05\xba\xe7!-\x13j3n\
R\xd6\xed\xe9\x9c\x03\xac\xb6\xe0I\x18e\x02\xa9Z\x84\
H\xe4\xf7\x84T\xa9\xb8\x87b\x22i\xa4S\x86\x8a\x89\
\xcf\xa2\xae\x87Z\xef8)\xe1\x8e\x18X;\xcf0!\
cv(/D\x11\xd2\xf4\x01Xr_\xdd\x95K\xee\
\xc9\x0f\xcf\xc7\x07\xbf\x8d\xbe\x7f:~\xf6\xbb\xbb\x5c\x88\
l\x03\xd68f\x0f(\xdfb\x0f)h\xben\xb3:\
\x82\x07\x96\x0e\x84|\xc1\x85\xf42\xb0\xb1\xf9\xdc\xd2;\
\x9cb\xa3,\x97\x19\xe6\xdf\x19\xd4\x0d6\x17R\xf5V\
[\xe0c\xc2\x89\x0co\x89\x80r\xcci\xd4\xd5=\xf4\
\xc1\xc4\xaf\x9f\x1e\x8d\xf6_\x9c\x1e<>=z\xe1\xa1\
7[\xee2&\xb2\xbb\xd4\xb4\xfd\xf3\x95/\xe0\x84>\
\xe5wA\xcb2\xf2\x90\xebV\x1d\x9b\xaf\xf9\xac\xc3\xb5\
\x88(\x9aE'L4\x0d\x0aM}\xa6X\x87\xd3\xf9\
\xba\xdeG+\x15L7\x13\x0d*\xe6\xc0\x05\xba\xa9\xd6\
\x90J\x05L\xa3\xfd\xdd\xe3\x97\xbb\xc7\x87\x07\x18c\xd7\
\xf8]&g\xb9Q\xca\x0a\x1a\x110\x0f\x02\x7f\xa9\xe1\
\xdcBRDm\x0ew\xd3\xc8\xd6\x88n\x18\x87\xd4\xd2\
\xb2\xe5\xc30\xcb\xed-\x1f\xee8\xff\x8c\xd1\xc1\xa2\xc9\
]\x7f\xc7\xf2\xd8q\x16[\x84\xec\xf8M\x22q\x1f.\
4\xf3\x09\xc7\xb1\x00Sw\xbc\x12kC}Bi\x00\
\x81\x99\x9c\x02)\x0f\x97\xd1\xe4\xad\x87n\x18\xc7\x0c\x0e\
%\xb0M\xcd \x1c\x0eL\x99\xd3\xcc\xa9j/\x8e\x9a\
\x98\x9an\xcaj\x01\x86\x02\x05\xbbY\xce\xab\xee\xc8=\
\x1f\x98\xaf\x82\xd7\x11I\x14\xa8M\xda#}fr\xb4\
\xb0\x0doi\x11o\xe8\xcd\x94\xef\x14\xf25U\xa7\xe2\
@&Q\xe2\x0c2\xbdS\xefpJAWQk\xb5\
$6\xadQ\xabN\x89|\x87\xc6\x14\xc2/-e\x08\
\x85&\x99\x9b\xd3\xdc\x92\x855\xed\x82\x9c\x07\x87\xf9\x9a\
D]\x0b\xf9\x052d\xf2H\x12\xb0Dy\xe8z\x85\
\x9e\xdfo\xf7r\xebZ\x8b\xac\xbe\xe7V\xd8\x1d!\x03\
*\xf1T*X]\xbb\xb6\xe6:\x15\xb1Fh\xb3\xa7\
\xb1\xb8\xd7\x09\x85P\xaaX\xa4\xd2\x82_\x95)\x80~\
\xd7\x99\xe1\xcd\xf6\x85s\x83d\xc7r\xa5\x86\xdb\x1c\x05\
+aj\xf7\x22\xd4\xcb\x13\xbf\x81=\x89\xd1Z-7\
\x8fA\x9a=\xa6m\xa7U\xb5V\xd2\x0e\xda\xdc\x0d\xc3\
Z\xb8\xec\xfeS~\xb2\xe2:=\xb6h\x1d\xb5\xd2M\
\x1d\xf3U\x5c\xfb\xbf\x96\xfa\xf0\x86\xae\x5c\xa9R.\xad\
\xaf#\xf7\xaa\x0b}a\xc9\xbd\xec\xa2\xb7*\xfcJG\
\xac1\xfc\xec\xc6vq\xf6\x9b\x92\x91\xa8F\xa8g`\
\xcc\xe5\x17\x07s\xb1\xe1\xe4U\xcd\xd7,\xa4`R\x18\
\xbf\x1e,\x87\xb35\xa1\xd9\xba\xaam`\x99\x82Z\xec\
,l\x97\xae\x8f\xc2@\x92\xd8\x94q\x0f\x990\xe1{\
\xb0\xbcXC\x95H\xa4O\xa7\xa3\xde\xcf\xcfO\x8e\xf6\
JC^U\xb21{\xcf\x89w1\x9e\xcd\x98b]\
\xa8\x8c6;\xaa]\x90\xf7=\x12\x05\xd0\x8cm\x9d9\
\xb1\xa4\xb44\xe2}s\xba\xf7\xed\xf1\xd1Q-B\xf9\
\xc6\xd7\x08\xd1\x82\xf6:\xf3\xb2\xdb^\x97W\x16\x9cu\
@.<W\xafC\x19\xb4-)\xffV\x1a\xbd\xfcq\
\xf4x\xf7\xe4\xe9/\xd9`\xfc\xef\x9fO\xc6\x7f\xfc5\
\xda\xffn\xfc\xf7\xde\xf8\xd9\x93\x93\x83_G\x87\x87\xff\
<\xfa\xba40\x9f\x0bAh\xfd\xec!\xb4\x0a\xc27\
8\xebF!L\x08\xf9\x15J\xd77\xdb@\xa0\xd29\
WK\x9f\xc24\xac\x1b\xb6m\xb0j\x7fa\xf9\x9a\x89\
\xe8\x96U\x1a\x1a<b\xd1\xb6p\xce\x06\xbc|X5\
\xf6\xc6\xb0\xa13|\xc3\xc9\xfe\xfe\x03\xd4\xab|\x88\
\x00\x00\x04D\
\x00\
\x00\x10\xaex\xda\xcdW\xefk\xdbF\x18\xfe^\xe8\xff\
\xf0\xa2O1\xcd\xaei`%\xa8\x1fF\x93\x116\xe8\
\xc6Z\x87\xf5\xc3\x18\xe5\x22\x9d\xed\xab%\x9dvw\x8a\
\x93\xa5\x86v\xd05\x0d\xed>\x8d\xa5,\x83\x11\xd8\xd6\
1h\xd7\x8d6\x81e\xdb\x87\xfd+\xab\x9c\xf8\xd3\xfe\
\x85\xdd\xe9,[\x92e\xc5+\x8cF\x18[\xba\xe7\xd5\
\xfb>\xf7\xbc?dQ?d\x5c\xc2Uy5\xa2N\
\xfb\xec\x19\x9a\xbbFK,\x90\x9cyb\x0c\xb8\x827\
X$\xd5\xfa\x10\xb1\x10:o>\x0e\xe3DX\x80\x05\
,\xe9\xb3\x12\x0b\x17Kl,\xde\xd6g%\x167\xc5\
\xf9\x86/\xd1Mc\xb5\xecK\x1d\xa9\xee(.\xde\x87\
\x94t`\xf3\xec\x19\x00\xea\xda\xc0\x19K0\x00C\x09\
5\xa8\xe7]\xa7\xael\xd9 yD\x0a\xc8;\x846\
[2\x854\xe8x4\x1c\x99\x9a\x10\x8b\x98\xa35\xc2\
%u\xb0\x87B\xe6Qg\xc3\xce@\x97\xc5\xfb\x84\xb8\
\xc4\x1d8P\x1a\x91@\xbe+\x89o\xc3\xb2\xb2m\xe3\
U\x8f\x18\x86\x86\xa3\xc3|\x1f\x07n\x82\x99\xd5|\xd0\
\xa1\x8f\x01\xef\x8e\xfe\xc9\x01)\xed\x81\xa7%\xe6E~\
\x80\x94j\xca%\x1d\xa0\xe6\x86U\x16\x05\xaeX$-\
\xbcF\x19\xcf\x10Bu\xc9\xc2\xcbr1\xc1\x0ds\x00\
\xe3\xc8\xe8\x932\xceq6\x06)\xd01\xfc\xb2\xfbA\
\xc9\x1a\xbc\x01\x17\xe6S+\x11b\x87\x06M\x1b\xe6\xe7\
\xd28\x93\x22Ue\xad\xe0L\xfb\xcf\xde\xb6J\xbc\xac\
\x1f\x00I\xd6\x95BIA\xa1\x15,\xda\xe6\x0c{\x98\
\xfbW\x98\xd3&.\xbc\x05\x9f\x88\x15>c\xf5\xbex\
\x1co\xed\xc7\x07\xbf\xf6\xbf\xbc\x13?\xfd\xfa\x9f\xdf\x1f\
\x1c\xff|\x10\xdf\xdd\x8a\xbf\xf9\xb1\xb7\xfd\xfd\xf1\x93\x1f\
\xfa{/\xe2\xef\x1e\xbe\xfc\xe3\xe1\xdf\xb7?\xb3j`\
\x83ee#9\xcc\xd3\xd2V\x87Jj\x1f\xe9\xef\xba\
\xdcP\xf2\xbb8h\x12\xae|\x15\x01?\x92\xba\x94F\
\xee\xd7\xa8\xa0*a\x95\x01\xb2\xf6\x1d\x8e\xc3\xf7\x98\xab\
nXQ\x12\xa0\xeb\xear\x04w\xa7R\xcd\xe8\xf2\xf2\
\xf00\xde\xde\xeb?\xfa6\xde\xda\xb1jY\xab\x86*\
C\x14\xd2u\xe2\xd5\xe9\xa7*\xd0\x85\x851t\x95y\
n1yC\xa9\x8a{\xd6Q'p\xbcFB\x82\xa5\
R*G\xd3W\xfb\xf3l\xf8(\xbb\x060\xb3\x09\x92\
J-\x95\xd9@\xff\xde\xbd\xfe\xee\xe7f\x1bVm\x16\
\x94hm\x1b\x84T\xfe>\xc0M\xa2\xe3#\x07\x872\
\xe2D\xab:\x0b\x9c`wc\x5c\xe8\x81\xcd5\x8dB\
\xb76[\x1d\xb5w\xff\xf1\xf1\xde\x83\xea\xa8d\x9d8\
*\xcf\x95Q\x076\xd3FM\x8a\xf8\x84\xbd\x9a\xf1]\
\xbdWc\x93F\xcd\x06\xfd8\x9b\x17\x00\x95\x01\xd2T\
\xeem=\xea6\xf3\xecNjc}\xb4\x86C\xcc\xbb\
A\x95\x0b\xd4\xca\xcc\xad\xf4X\xe6\xd8'\x05\xe7\x008\
pZ\x8c\x8b\xc4\xbf\x0d!\xe6j&\xe6m\xba\xf9\xcb\
I\xe3f8\xe0R\x12Eh4\xbc\x8aHI\xf3d\
[(\xa9P-)J\xd2\x04\xe7\xc0\x82\xbf\x0e\xd4\xd7\
9\x98\x19aI\x12\x86\x83(~\xf6\xcb\xd1\xe1O\xc9\
\x841\x0bGO\xee\xc7\x7f\xde\xb5j\xb5\xf1(c-\
xq\x82My#\xe6\xdaq\x9cO\xb1AE\xe48\
D\x88\x92q\xd5\xc1<P\x02\x15}w\xf3\xb5\xa2\x8f\
\x922\xc9\x96\xc1\xfc\x14.\xaa\xd38]\xd9e\xeb\xc7\
\xc7\xbcI\x03Q\x12<\xfb\xa4\x99\x1b'\xa2\xe6\x12\xeb\
L\xe61=\x93l\x9c\x85rGI\x99\xe5\x06\xf3\xd1\
\xf6~\xef\xf6\x1d\xabvi\xd2<M\x9e!\x97R\x12\
!'\x0d\xc29q\x07L\x16\xe6\x8a\xedqBE\x8f\
\xaa:?O\xf4\x8c\xa9\xab\x95H\xe8'M\xa6\xac5\
\x80D\x82\xd4\xca\xdd\x0d\x88\xe7\xfd\x99;\x964\xf4\x9f\
\x9c\x8d\xf5\xc2\x9b\x15vU\xfd\x00\x95\xc2\xe4r\xd0\x7f\
\xb4\xdf{\xfa\xe2\xf5\xe7 laAJ\xe4\xaf\xd6\xbd\
\xfa\x01\xfcj\x85\x5c\xb2\x9f\xeei\xeb\x9cxk7>\
\xfc\xad\xb7\xb3\xdf\xdfy\xfe:r\xa7\xde\x5cP\x83q\
\x1f\xcb\x15\xea\x13\x95I?,V\xba\xc3\xf5\xff\x1d\xf7\
\x86T\x06p\xeb\x16\x94\xc3\xfa\xf6S\x91\xe2r\x9d{\
\xbb\xcf{_={e\x85/\xfe\xaf\x0aG\xa1[\xa5\
\xf0\x00>5\x0aw\xcb\x9es\x13u(\x9b\x11.\x91\
\x98z\xd3\x0e\x89\xaa\x8c\x95\xd9W\xbeoL\xdc\xc4\xd8\
h\xc8Ytso\x03\xb9\x93\xe4G}\xa9\xcf\xbf\xaf\
\x91\xb5_\
\x00\x00\x053\
\x00\
\x00\x15\xc2x\xda\xcdX\xffO\xdbF\x14\xff\xdd\x7f\xc5\
-S+\xa2in\x122\x1a\x05\xb1\x8a\xb0V\x9b\xc6\
\xaa\x16\xd0\xf8\xf9b\x1f\xc9)\xf6\x9d{>\x03Y\x85\
\xd421\xe8\x04\x85\xa9\x9b\xd0\xbeIE\xaa\x06\xfbe\
\xed\xb4\x8eM\xdd\xd8?\xb3\xc6\xc0O\xfb\x17vg;\
!\x8e\xed\xc4\x04\xa4MBp\xbe\xf7\xfc\xde\xfb\xbc\xf7\
\xee\xe3{`\xd3\xa2\x8c\x83\xbb\xfc\xae\x83\xb5\x86\x82C\
\x8f\xea\x14%\x9cQ\xc3\xee\xdd\x9f\x86M\xeap[i\
\xefgT\xf5\x9a\xff\xa3Q\x86\xec\x0c\x806\x98\x92\xab\
\xa8\x82\x0e9\xf4\x15\xde\x93\xab\xa8\xc2\x12e\x0d_a\
^\xae\xe2\x5c\x88\x1d\x82\x08\xb7\xafU9\xf1U+\x9c\
(\xca\xac&b5>\xc6h\x09\xdcW\x00\xc0z\x19\
0J\xb9X2t\xcf\xc1\x0c\xe9\xc0b\xd4B\x8c7\
\xc1\x22d\xc0\xe6\x90\xa3;\xb0\x86d\xa8\x8aP\xf3a\
\xa9\x0b\xd80\xe6\xb1\xce\xebe\xc0\x99\x83\xc2\x82\xf7\x11\
\xae\xd5y \x11\x22\xcd\xc0VG\xcf\x8f\xa0\x02\x99\xba\
(\xbc`\x0d\x1a\xaaE\x0d\xac5\xcb]\xa2I\xfb6\
B:\xd2\xe5\xdb\xb7\x84\xb0\x01\xab\x06\xf2\x22\xf6c\x16\
\xf8LHtO\xe4m\x86\x5c\x00\xb0\xe4\x87&\xa1\xa9\
\xde\xdaW\x12\xa5\x129\x09\xe2\x8e\xec\xb7\xc3\x0e\x8cO\
Q\xc31\x89*r+\xbc\xe0@\xea\xe9W\xa9Ct\
\xbb\x82\xeap\x11SV>\x8bP\x9d\xe5\xd4\x9a\xe4\x15\
O\xaex\xba\xbe\x15?9\x01\x80\x10\x04_\x1e\xec\x07\
aw\xa3\xf3\xc3\x07o\x83|.P\xb2-\xa8aR\
+\x83BN\x09\xb6b\x9d\xf4\xa9U\x8f\xa1|\xc7\x10\
\x003t)bg\xa0\xa5\x04[\xf2\xbd*2B\x96\
\x00\xe0hY$\xf9\x9e=\xc7F2\xad/\x8e^\xff\
\xf1\xac\xb5\xb1{\xb2w\x90\xc9\x86\xd4\x16DQT\x0b\
/#c\x16\x7f\x82\x84\xe1RT\x5c\xa5\x86\x1e\x09E\
\xd6\xd3\x90e\xf1N\x97*\x7f\xcf\xf2\xa6(\x8et\xdc\
\xa5\xb7\xd2\x1d\xe8\x07\x1c\x99\xe0~\x02\xce\xb0j\xc5\xe1\
\x9c\x92>\xa0\xdc\xdf\xd7\x8e\x7f|\xe5C\xeb\x01\x85\x88\
l\x13\x11s\xe8\x5c\xa9A\xc1?\xa2:2T\x03\x91\
\x9a\xa8\xf8\xbb \x07\xae^\xf5\x19@\xf4\x15\xe4\x8e\xed\
\xaf5\x9fpn\xfa\xa6\xa4\xce\x1b\xbe`\x0e\xda\x0d\x7f\
\x05\x0d\xc8\xcci\xaa5\xc4\x09\xeavO\xc9\x94\xec)\
\x19\x80G\x1c\xde+r\xa5j\x06\x82l\xca\x0f\xc3\x1e\
\xc9&\xa5)\xb9\x9e\x83\x01\xddh\xd7|\xedgp%\
\x0f\xdc\xef\xf72Y\x15\xb2\xda\xc8\xc0W\xb3\xa0\x93\xda\
\xdd\xa7\xb1yM\xa8\xb8\xe9\xf0P\x06V\x94\x18T3\
H\xe3\x90\xd4:\xfc\x92\xb2\xe3\x19\xd4\xb1c\x97\xc1\x98\
\x12\x09#\xf3f\xfez!7:\x9a\xe9\x12U)\xd3\
\x11S\xcf4\x16\x0aZ\xb1\xd8\xadQ\x0f\xe8\xa7\x8e\xa0\
\xd0\x14\xe7\xb0\x87z\xc0[ _\xe8.F\xfcQ\xf5\
\xd9\xa5c$$\x81D\xabSf{\xa8\xca\xc0\x82L\
\xb0^\xac\x82)\xea\x82\x89@\x17>tg\xa7<\x14\
H\xa7/\xc2g\xfb\xd5vk\xfb\xb7Lv\xbcou\
\xc6\xdb\x99\xb6\x18Z@L|\x80\x82t_\xcfu\x95\
+\xc9\x87\xbb\xb9\xee5\xc3\x90>\xf2\xa3\xe9\x9d\xb4v\
\xb6\x8e\xf7_\x0c\xef\xaax\x0eW\xdb\xab\xeeW\xc3\xbb\
*\xe4R\xb9z\xb4\x7f\xb2\xb7y\xf2\xfc\x07\xf7\xd3\xb5\
\xd4\xae\xa2\xc4\x98\xce\xcd\xf1\xe7\x87\xee\x83\x87\xc3'\xaf\
\x90\x0a\xd1\xee\xe1\xe9\xee\xcb\xe1\x9d\x8c\xa5q\xd2z\xb6\
\xee\xfer0\xbc\x93R*$O\xb6^\x1f}7\xb4\
\x93\x1e\x1f\x09\xacg!A\xbb,\xc4\x1d\xa6$\xdd~\
\x5c\xde\xa5+\x9ePM\xe8\x95\x13\x084\x05\x85\x9e\x91\
h1\x8e\xcd1\xd1\xd12\xb8\x02\x0a`bbB|\
\x0doH\xda\xcc\x09j}'\x03$\x85\xe6\xf4|\xb1\
\x90\xcf\x84^\x8d\xd0l\xa9\x90\x0f\x13\xf1\x19\xd1\x06\xd7\
\xbex\xa6\xcd\x85\x09.\x89k\xdbw\xb9\xb6\xa5\x1e\xe1\
@\xc2\x1dH\xb9}H\xb7\xb7w\xbc\xea\xc9\x0b\x80j\
\x8b\xbb<\x22\x1a\x1a\xefw\x15\xea\xcf\xbc\xf1\x9ezv\
A\xc4s\xd0,\x1f\xa2fD5\xdd\xad,\xb8\x083\
h\xc9\x86+\x839!V\xe7\xc5cD'\x99\xd3{\
T/\x0a\xe664\xd1\x7f\x86\xa68\x10\x8d\xb4\x99\x02\
\x8ch>h\xdasq\xf1\x9d\x07\x8b\xdc\xbcE\x99\x09\
y\x80\xe6\x8e\x011\x99\xbbd\xd8\xe2\x13\x16Q5\xe1\
26\x1ds\x1a\x13\xc1K\x0e\xe1\xe1\xabWp\xbf6\
p\xc7\xdfM\xb9\x9e\xe9\x0cm\x17\xcf\xa0\x8e8\xc4\xc6\
\xff4\x83\xfdX6>{\xa5K\xca^\xda\xd3d{\
3L\xbf\xf4Et)\x89\x02\xe97\xf8\xf5;H\x85\
K\xa3\x05\x8eMt\x9e.\xe8\x9dB\xfa\xc79\x96K\
\xd3\x06\x93\xa4\xb9TG\x0c]\x16&\x86\xc4\xf7\xa7q\
1D\x17\xa1\xb9\xd2\xc0\xeaT8Q'5\x8e)\x89\
\x1d\xc0#\xffY\xd8xz\xfau\xef\x98\x18\x1a\xc1/\
:YKy'\x81\xa1\x07\x15\xa7.w)Z\xed\xe4\
!]^\xb98\x0a\xa6\xf4\x91nw\xd9H\xf6\x92\x9e\
b/\x83\xd1.Y\xc46\x16IH3\xd7{\x973\
%\xa1\x0aGOZ\x8f\xb6\xdc_\x1f\xba/^\x8aa\
\xd0\xfdfUL\xf0\xee\xe3\xfd\xd6\xc6\xa1?\xc7\xff\xf3\
\xe7f\xeb\xaf\xb5\xd3\xf5\xf5\xd3o?k\xfd\xb4\xe9n\
\xec\xb4v\x1e\xb7\xb6\x9f\x1f\x7fy\xf0\xf7\x83\xd5P\xf9\
R\xf5b\x1b\x9e\xffW\xfe^QV\x94\x7f\x01Z\xe1\
\x5c\x01\
\x00\x00\x0a$\
i\
mport QtQuick\x0aim\
port QtQuick.Con\
trols\x0aimport QtQ\
uick.Layouts\x0a\x0aim\
port \x22../../../c\
ores\x22 as Cores\x0ai\
mport \x22../../../\
datas\x22 as Datas\x0a\
ScrollView {\x0a  i\
d: root\x0a  requir\
ed property var \
statePageCore\x0a\x0a \
 Layout.fillWidt\
h: true\x0a  Layout\
.fillHeight: tru\
e\x0a\x0a  clip: true\x0a\
  ScrollBar.vert\
ical.policy: Scr\
ollBar.AsNeeded\x0a\
\x0a  contentItem: \
Flickable {\x0a    \
id: commandFlick\
\x0a    clip: true\x0a\
    width: paren\
t.width\x0a    cont\
entWidth: width\x0a\
    contentHeigh\
t: commandColumn\
.implicitHeight\x0a\
    boundsBehavi\
or: Flickable.St\
opAtBounds\x0a\x0a    \
ColumnLayout {\x0a \
     id: command\
Column\x0a      wid\
th: commandFlick\
.width - 10\x0a    \
  spacing: 10\x0a\x0a \
     ColumnLayou\
t {\x0a        Layo\
ut.fillWidth: tr\
ue\x0a        spaci\
ng: 10\x0a\x0a        \
RowLayout {\x0a    \
      Layout.fil\
lWidth: true\x0a   \
       spacing: \
10\x0a          Lab\
el {\x0a           \
 text: qsTr(\x22\xe9\x87\x87\
\xe9\x9b\x86\xe5\x9b\xbe\xe5\x83\x8f\xe9\xa2\x84\xe8\xa7\x88\x22\
)\x0a            fo\
nt.pixelSize: 18\
\x0a            fon\
t.bold: true\x0a   \
         color: \
Cores.CoreStyle.\
text\x0a          }\
\x0a          Item \
{ Layout.fillWid\
th: true }\x0a     \
     Label {\x0a   \
         text: D\
atas.TaskDatas.l\
atestRecordId ? \
qsTr(\x22\xe8\xae\xb0\xe5\xbd\x95 #%1\
\x22).arg(Datas.Tas\
kDatas.latestRec\
ordId) : \x22-\x22\x0a   \
         color: \
Cores.CoreStyle.\
muted\x0a          \
}\x0a        }\x0a\x0a   \
     Flow {\x0a    \
      Layout.fil\
lWidth: true\x0a   \
       spacing: \
14\x0a\x0a          Re\
peater {\x0a       \
     model: stat\
ePageCore.imageM\
odel\x0a           \
 delegate: Colum\
nLayout {\x0a      \
        width: M\
ath.min(260, com\
mandColumn.width\
 / 3)\x0a          \
    spacing: 6\x0a \
             Rec\
tangle {\x0a       \
         Layout.\
fillWidth: true\x0a\
                \
height: width * \
0.75\x0a           \
     radius: 8\x0a \
               c\
olor: \x22#0f1722\x22\x0a\
                \
border.color: \x22#\
1c2840\x22\x0a        \
        clip: tr\
ue\x0a\x0a            \
    Image {\x0a    \
              an\
chors.fill: pare\
nt\x0a             \
     fillMode: I\
mage.PreserveAsp\
ectFit\x0a         \
         asynchr\
onous: true\x0a    \
              ca\
che: false\x0a     \
             sou\
rce: modelData.u\
rl\x0a             \
     smooth: tru\
e\x0a              \
    layer.enable\
d: true\x0a        \
          layer.\
smooth: true\x0a   \
             }\x0a \
             }\x0a\x0a\
              La\
bel {\x0a          \
      text: mode\
lData.title\x0a    \
            colo\
r: Cores.CoreSty\
le.text\x0a        \
        font.bol\
d: true\x0a        \
      }\x0a\x0a       \
       Label {\x0a \
               t\
ext: modelData.p\
ath\x0a            \
    color: Cores\
.CoreStyle.muted\
\x0a               \
 wrapMode: Text.\
WrapAnywhere\x0a   \
           }\x0a   \
         }\x0a     \
     }\x0a\x0a        \
  Label {\x0a      \
      visible: s\
tatePageCore.ima\
geModel.length =\
== 0\x0a           \
 text: qsTr(\x22\xe6\x9a\x82\
\xe6\x97\xa0\xe9\x87\x87\xe9\x9b\x86\xe5\x9b\xbe\xe5\x83\x8f\xef\
\xbc\x8c\xe8\xaf\xb7\xe5\x85\x88\xe5\xae\x8c\xe6\x88\x90\xe9\x87\
\x87\xe9\x9b\x86\xe6\xb5\x81\xe7\xa8\x8b\xe3\x80\x82\x22)\x0a\
            colo\
r: Cores.CoreSty\
le.muted\x0a       \
   }\x0a        }\x0a \
     }\x0a    }\x0a  }\
\x0a}\x0a\
\x00\x00\x02\xe7\
\x00\
\x00\x09\xc3x\xda\xb5\x95\xcfk\x13A\x14\xc7\xef\xf3W\
\x0c\x01\xa1=8\xa6A\xa4,\x04i+\xa2\xa0b\x9b\
b\xcf\x93\xdd\x97d\xe8\xec\xce:;I\x1a\xcb\x82\x96\
\xd6V\xe8\xc1\x83 \xe8\xc1\x1f\x17O\xb6x\x10/R\
\xff\x18M\xda\x9e\xfc\x17\x9c\xfd\xd1\xb8\xb3I\xba)V\
X\x86\x99\xf7\xde~\xe7}\xe6\xbd\xdda\xae/\xa4\xc2\
\xcbj\xb9\xcd\xecu\xc4\x8c%Y\x12\x9e\x92\x82\x07y\
\xfb=\xda\x13m\x15\xa03{\x89\x90k\xc9c\x0b\x09\
A\x09\xd3\x00/E3\x84j\xb6\x16\xe0\x8f\x18t\xf1\
&\xc2\x989\x16\x96B(\xa4\xe7\x89\x0ai0\xce\xd7\
\x98\xa3Z\x16V\xb2\x0d\xa6\xe3\x0e\xb0fK\x0d=6\
g\xfep\x91H/RI: \x15\xb3)'\xbe\xe0\
\xcc\xeeY\x19\xd7B\xf0\x00\xc0\x01'\xda\xd0\xd68\xe0\
\xa9\xbb\x0a\x5c\x0b\xdf\xd6\x91\xeb\xb4\xce!\xce+\xc9\xcc\
\x16\xaeK='v\xc5\xc6n\x92\x97O\xa5~\x8f\xc4\
\xab\xd8n\xe41\x14N)2a\x89\xfd\x0c\x22\x95_\
\x12\xbc\xedzD\x9f\x9d\xde\x87\xa5\xde8\xbe.\xda\x9e\
\x13,B\x8bv\x98\x90\x99\x1cIM\x09\x7fA-\xc6\
~\x14\xc7&*\xc9Q\xa5\x08\x06D\xe2O\xed)G\
\x96/\xa1\xc1W\xf1\x5c%\x0d\x0a|j3\xafi\xe1\
J\x19\xa5\xa6\xb1\x9b\x9cS\xb9\xbc\x10\x1a\xdaVDw\
D\xa6P(#5W6^\xab\x037\x840V\xb0\
\xa1\x8f\xf8q\xb0*gJ'\xdf\x0e\xfbG\xdb\xa7\x1f\
\xb7O>\xed\x95f\x8d\xb0\x86.\x09\xf1\xd9\x06\xf0\x1a\
{\x02Zw~\xd4]\x17\xdc\x19\xc9$\xaa&\x8f\x8a\
\x1276\x89\xc6\x9a\xea\xe9\xd2D\x1bg\xe2\xc2\xcc<\
\xea4\xbc9\x81\xd2\x88\x9cL\x14(\xaa\xe0!mB\
\xb4#\xf1\xa9j\xdd\x17\x0ep\xc2\xc1k\xea\xfa\xddL\
\x91\xfb;_\xf0\x959<8\xf8Z\x9a%T6g\
\xce\x7fo\x16[\xb8T\x9a\x06\xcfm+\xfd\xf5\x8c\xe3\
\x0b\x11\xca\xd8'\xb4J\xda\x95Z\xdc0\x15\x16\x1ec\
\xea\xd9-!\x03\xe2j\x1a\xe6\x05\xd6\xdfF\xcd\xb5\xc6\
\x0dd\xd8W\xc0\x07\x8d.sI`\xecF\xfc\x13\x0f\
4\x17\xac-\xd0\xd4\x81\xd6\x84\xce\x9d\x1a\xc3\xec\xe2\x0a\
\x1a\xa31Z\xfal\x03\xc4i\xdf\xa2\x8a\x12\xe69\xb0\
\xb1j\xb6[A\xf5\x98\xd7\x10c\xa2\xcfks\x83\xcc\
\x97\xd0\x00)\xc1I\xf1\xae\x97Gb\xc3\x7f J\x7f\
H\xd3\xf3\xa8\xf1\xf4S\xd6A\xff\x08%\xf5\xa3r[\
8:G\xb2\xa6\x97\x97\x0a\xe4\x8b\x80)&\xbc\x8bU\
)\xff\x8d\x15\x14\xa1R)O\x87\xb6\xe0\xf5\xba-\x90\
p\xa9\x88\x1d\xe0B_[\xbd\xff\x8a8_\xdcg\xe6\
:D\xa8\x18\xa7\xc3\x02\xa6o\xd3\xc2\x9fj\xb5Z\xc5\
\xf9\x04\xb2\xf7\xcb\xe0\xcd\xd6\xe0\xf5\xfb\xe4\x96\xf9\xf5\xe3\
\xc3\xe0\xd9\xe1\xef\xef\xfb\xc7\x9f_\xf4\x8fvNww\
O\xdf>\xef\x1f\xec\x0f\xf6^\x1e\xbfz\xa7\xc7\x9fO\
\xb7rw\xd0\x05\x0e)Dc\x10\x13c4\x86(D\
\x7f\x00>b\xbc\xb4\
\x00\x00\x09\xf1\
i\
mport QtQuick.Co\
ntrols\x0aimport \x22.\
./../datas\x22 as D\
atas\x0aimport \x22../\
../Api\x22 as Api\x0ai\
mport \x22../../wor\
ks\x22 as Works\x0aimp\
ort \x22../../cores\
\x22 as Cores\x0a\x0aMenu\
 {\x0a  title: qsTr\
(\x22\xe6\x89\x8b\xe5\x8a\xa8\xe6\x8e\xa7\xe5\x88\xb6\x22)\
\x0a\x0a  function sen\
dManual(action) \
{\x0a    if (!Datas\
.StatusDatas.for\
ceEnableControls\
 && !Datas.Statu\
sDatas.controlEn\
abled)\x0a      ret\
urn\x0a\x0a    var par\
ams = {}\x0a    var\
 currentRecordId\
 = Cores.CoreCur\
rent.record && C\
ores.CoreCurrent\
.record.id ? Num\
ber(Cores.CoreCu\
rrent.record.id)\
 : 0\x0a    if (cur\
rentRecordId > 0\
)\x0a      params.r\
ecord_id = curre\
ntRecordId\x0a    e\
lse if (Datas.Ta\
skDatas.readyRec\
ordId && Datas.T\
askDatas.readyRe\
cordId > 0)\x0a    \
  params.record_\
id = Datas.TaskD\
atas.readyRecord\
Id\x0a    else if (\
Datas.TaskDatas.\
latestRecordId &\
& Datas.TaskData\
s.latestRecordId\
 > 0)\x0a      para\
ms.record_id = D\
atas.TaskDatas.l\
atestRecordId\x0a  \
  var currentWor\
kpieceId = Cores\
.CoreCurrent.wor\
kpiece && Cores.\
CoreCurrent.work\
piece.id ? Numbe\
r(Cores.CoreCurr\
ent.workpiece.id\
) : 0\x0a    if (cu\
rrentWorkpieceId\
 > 0)\x0a      para\
ms.workpiece_id \
= currentWorkpie\
ceId\x0a    else if\
 (Datas.TaskData\
s.workpieceId &&\
 Datas.TaskDatas\
.workpieceId > 0\
)\x0a      params.w\
orkpiece_id = Da\
tas.TaskDatas.wo\
rkpieceId\x0a    pa\
rams.manual = tr\
ue\x0a\x0a    if (para\
ms.workpiece_id \
&& params.workpi\
ece_id > 0) {\x0a  \
    Cores.CoreCu\
rrent.updateWork\
piece({\x0a        \
id: params.workp\
iece_id,\x0a       \
 code: Datas.Tas\
kDatas.workpiece\
Code,\x0a        ty\
pe: Datas.TaskDa\
tas.workpieceTyp\
e\x0a      })\x0a    }\
\x0a    if (params.\
record_id)\x0a     \
 Cores.CoreCurre\
nt.updateRecord(\
{ id: params.rec\
ord_id })\x0a    Co\
res.CoreCurrent.\
pushControl(acti\
on, params, { so\
urce: \x22manual_me\
nu\x22 })\x0a\x0a    Api.\
ApiClient.contro\
l(action, params\
, function() {\x0a \
     Works.TaskW\
ork.refresh()\x0a  \
  }, function(_,\
 errMessage) {\x0a \
     console.war\
n(\x22Manual contro\
l dispatch faile\
d\x22, action, errM\
essage)\x0a      Wo\
rks.TaskWork.ref\
resh()\x0a    })\x0a  \
}\x0a\x0a  MenuItem {\x0a\
    text: qsTr(\x22\
\xe5\x8d\x95\xe5\xb8\xa7\xe9\x87\x87\xe9\x9b\x86\x22)\x0a \
   onTriggered: \
sendManual(\x22manu\
al.single_frame_\
capture\x22)\x0a  }\x0a\x0a \
 MenuItem {\x0a    \
text: qsTr(\x22\xe9\xa2\x84\xe5\
\xa4\x84\xe7\x90\x86 (ROI+\xe8\x81\x9a\xe7\xb1\
\xbb)\x22)\x0a    onTrigg\
ered: sendManual\
(\x22manual.preproc\
ess_roi_cluster\x22\
)\x0a  }\x0a\x0a  MenuIte\
m {\x0a    text: qs\
Tr(\x22\xe7\xbc\xba\xe9\x99\xb7\xe6\xa3\x80\xe6\xb5\x8b\
\x22)\x0a    onTrigger\
ed: sendManual(\x22\
manual.defect_de\
tection\x22)\x0a  }\x0a  \
MenuItem {\x0a    t\
ext: qsTr(\x22c5.\xe4\xb8\
\x8a\xe4\xbc\xa0\xe6\x8c\x87\xe4\xbb\xa4\x22)\x0a   \
 onTriggered: se\
ndManual(\x22manual\
.c5_upload\x22)\x0a  }\
\x0a  MenuItem {\x0a  \
  text: qsTr(\x22\xe6\xb8\
\x85\xe9\x99\xa4\xe4\xb8\x8a\xe4\xbc\xa0\xe7\x9a\x84\xe6\x8c\x87\
\xe4\xbb\xa4\x22)\x0a    onTrig\
gered: sendManua\
l(\x22manual.clear_\
upload\x22)\x0a  }\x0a\x0a  \
MenuItem {\x0a    t\
ext: qsTr(\x22\xe8\xbf\x90\xe8\xa1\
\x8c\xe6\x8c\x87\xe4\xbb\xa4\x22)\x0a    on\
Triggered: sendM\
anual(\x22manual.ru\
n_command\x22)\x0a  }\x0a\
  MenuItem {\x0a   \
 text: qsTr(\x22\xe5\x88\x9d\
\xe5\xa7\x8b\xe5\x8c\x96\x22)\x0a    onT\
riggered: sendMa\
nual(\x22manual.ini\
tialize\x22)\x0a  }\x0a}\x0a\
\
\x00\x00\x02&\
i\
mport QtQuick.Co\
ntrols\x0a\x0aMenu {\x0a \
 id: root\x0a  prop\
erty var setting\
sDrawer: null\x0a  \
property var set\
tingsPage: null\x0a\
\x0a  title: qsTr(\x22\
\xe7\x95\x8c\xe9\x9d\xa2\xe5\x8a\x9f\xe8\x83\xbd\x22)\x0a\x0a\
  MenuItem {\x0a   \
 text: qsTr(\x22\xe6\x89\x93\
\xe5\xbc\x80\xe8\xae\xbe\xe7\xbd\xae\xe6\x8a\xbd\xe5\xb1\x89\x22\
)\x0a    visible: r\
oot.settingsDraw\
er && !root.sett\
ingsDrawer.visib\
le\x0a    onTrigger\
ed: {\x0a      if (\
root.settingsDra\
wer && root.sett\
ingsDrawer.open)\
\x0a        root.se\
ttingsDrawer.ope\
n()\x0a    }\x0a  }\x0a\x0a \
 MenuItem {\x0a    \
text: qsTr(\x22\xe9\x85\x8d\xe7\
\xbd\xae\xe4\xb8\xad\xe5\xbf\x83...\x22)\x0a  \
  onTriggered: {\
\x0a      if (root.\
settingsPage && \
root.settingsPag\
e.open)\x0a        \
root.settingsPag\
e.open()\x0a    }\x0a \
 }\x0a}\x0a\
\x00\x00\x01\xb5\
i\
mport QtQuick.Co\
ntrols\x0aimport \x22.\
./../datas\x22 as D\
atas\x0aimport \x22./\x22\
 as MainMenus\x0a\x0aM\
enu {\x0a  title: q\
sTr(\x22\xe6\x8e\xa7\xe5\x88\xb6\x22)\x0a\x0a \
 MenuItem {\x0a    \
text: checked\x0a  \
        ? qsTr(\x22\
\xe5\xb7\xb2\xe8\xa7\xa3\xe9\x94\x81\xe6\x8c\x89\xe9\x92\xae\xef\
\xbc\x88\xe7\x82\xb9\xe5\x87\xbb\xe6\x81\xa2\xe5\xa4\x8d\xe9\x94\
\x81\xe5\xae\x9a\xef\xbc\x89\x22)\x0a      \
    : qsTr(\x22\xe5\x85\x81\xe8\
\xae\xb8\xe6\x89\x80\xe6\x9c\x89\xe6\x8c\x89\xe9\x92\xae\xe7\x82\
\xb9\xe5\x87\xbb\xef\xbc\x88\xe8\xb0\x83\xe8\xaf\x95\xef\xbc\x89\
\x22)\x0a    checkable\
: true\x0a    check\
ed: Datas.Status\
Datas.forceEnabl\
eControls\x0a    on\
Triggered: Datas\
.StatusDatas.for\
ceEnableControls\
 = checked\x0a  }\x0a\x0a\
  MainMenus.Manu\
alControlMenu { \
}\x0a}\x0a\
\x00\x00\x02\x13\
i\
mport QtQuick.Co\
ntrols\x0aimport \x22.\
./../works\x22 as W\
orks\x0a\x0aMenu {\x0a  i\
d: root\x0a  proper\
ty var dataEntry\
Dialog: null\x0a\x0a  \
title: qsTr(\x22\xe6\x95\xb0\
\xe6\x8d\xae\x22)\x0a\x0a  MenuIte\
m {\x0a    text: qs\
Tr(\x22\xe6\x89\x8b\xe5\x8a\xa8\xe6\xb7\xbb\xe5\x8a\xa0\
\xe5\xb7\xa5\xe4\xbb\xb6\x22)\x0a    onT\
riggered: {\x0a    \
  if (!root.data\
EntryDialog)\x0a   \
     return\x0a    \
  if (root.dataE\
ntryDialog.openW\
ithReset)\x0a      \
  root.dataEntry\
Dialog.openWithR\
eset()\x0a      els\
e if (root.dataE\
ntryDialog.open)\
\x0a        root.da\
taEntryDialog.op\
en()\x0a    }\x0a  }\x0a\x0a\
  MenuItem {\x0a   \
 text: qsTr(\x22\xe5\x88\xb7\
\xe6\x96\xb0\xe4\xbb\xbb\xe5\x8a\xa1\xe7\x8a\xb6\xe6\x80\x81\x22\
)\x0a    onTriggere\
d: Works.TaskWor\
k.refresh()\x0a  }\x0a\
}\x0a\
\x00\x00\x10Y\
i\
mport QtQuick\x0aim\
port QtQuick.Con\
trols\x0aimport QtQ\
uick.Layouts\x0aimp\
ort \x22../componen\
ts/btns\x22 as Btns\
\x0a\x0aDialog {\x0a  id:\
 testDialog\x0a  pr\
operty var apiCl\
ient\x0a\x0a  title: q\
sTr(\x22\xe6\xb5\x8b\xe8\xaf\x95\xe5\x9b\xbe\xe7\x89\
\x87\xe9\x80\x89\xe6\x8b\xa9\x22)\x0a  pare\
nt: Overlay.over\
lay\x0a  modal: tru\
e\x0a  width: Math.\
min(920, parent \
? parent.width -\
 80 : 920)\x0a  hei\
ght: Math.min(60\
0, parent ? pare\
nt.height - 80 :\
 600)\x0a  standard\
Buttons: Dialog.\
Close\x0a\x0a  functio\
n openAndRefresh\
(){ open(); refr\
eshGroups() }\x0a\x0a \
 function refres\
hGroups(){\x0a    g\
roupsModel.clear\
(); imagesModel.\
clear(); selecte\
dSerial=''; sele\
ctedImage='';\x0a  \
  if (!apiClient\
) return;\x0a    ap\
iClient.listGrou\
ps(function(resp\
){\x0a      if (res\
p && resp.groups\
) {\x0a        for \
(var i=0;i<resp.\
groups.length;i+\
+) {\x0a          v\
ar g = resp.grou\
ps[i];\x0a         \
 groupsModel.app\
end({ serial: g.\
serial, note: g.\
note, created_at\
: g.created_at }\
);\x0a        }\x0a   \
   }\x0a    }, func\
tion(s,m){ conso\
le.log('list gro\
ups err', s, m);\
 })\x0a  }\x0a\x0a  funct\
ion refreshImage\
s(serial){\x0a    i\
magesModel.clear\
(); selectedSeri\
al = serial; sel\
ectedImage='';\x0a \
   if (!apiClien\
t) return;\x0a    i\
f (!serial) retu\
rn;\x0a    apiClien\
t.listGroupImage\
s(serial, functi\
on(resp){\x0a      \
if (resp && resp\
.files) {\x0a      \
  for (var i=0;i\
<resp.files.leng\
th;i++) {\x0a      \
    imagesModel.\
append({ name: r\
esp.files[i] });\
\x0a        }\x0a     \
 }\x0a    }, functi\
on(s,m){ console\
.log('list image\
s err', s, m); }\
)\x0a  }\x0a\x0a  propert\
y string selecte\
dSerial: ''\x0a  pr\
operty string se\
lectedImage: ''\x0a\
\x0a  contentItem: \
Rectangle {\x0a    \
color: \x22#1a1a1a\x22\
\x0a    anchors.fil\
l: parent\x0a    Co\
lumnLayout {\x0a   \
   anchors.fill:\
 parent\x0a      sp\
acing: 8\x0a      a\
nchors.margins: \
8\x0a      RowLayou\
t {\x0a        Layo\
ut.fillWidth: tr\
ue\x0a        Label\
 { text: qsTr(\x22\xe6\
\xb5\x8b\xe8\xaf\x95\xe7\xbb\x84\x22); font\
.bold: true }\x0a  \
      Btns.Actio\
nButton { text: \
qsTr(\x22\xe5\x88\xb7\xe6\x96\xb0\x22); \
onClicked: testD\
ialog.refreshGro\
ups() }\x0a        \
Item { Layout.fi\
llWidth: true }\x0a\
        TextFiel\
d { id: tfSerial\
; placeholderTex\
t: qsTr(\x22\xe6\x96\xb0\xe5\xbb\xba\xe7\
\xbb\x84\xe6\xb5\x81\xe6\xb0\xb4\xe5\x8f\xb7\x22); w\
idth: 200 }\x0a    \
    TextField { \
id: tfNote; plac\
eholderText: qsT\
r(\x22\xe8\xaf\xb4\xe6\x98\x8e(\xe5\x8f\xaf\xe9\x80\x89\
)\x22); width: 240 \
}\x0a        Button\
 { text: qsTr(\x22\xe5\
\x88\x9b\xe5\xbb\xba\x22); onClick\
ed: {\x0a          \
  if (tfSerial.t\
ext.length===0) \
return;\x0a        \
    apiClient &&\
 apiClient.creat\
eGroup(tfSerial.\
text, tfNote.tex\
t, function(_){ \
testDialog.refre\
shGroups(); }, f\
unction(s,m){ co\
nsole.log('creat\
e group err', s,\
 m); })\x0a        \
  } }\x0a      }\x0a  \
    SplitView {\x0a\
        Layout.f\
illWidth: true\x0a \
       Layout.fi\
llHeight: true\x0a \
       ListView \
{\x0a          id: \
lvGroups\x0a       \
   SplitView.pre\
ferredWidth: 320\
\x0a          model\
: ListModel { id\
: groupsModel }\x0a\
          clip: \
true\x0a          d\
elegate: Rectang\
le {\x0a           \
 width: lvGroups\
.width; height: \
36; color: (List\
View.isCurrentIt\
em? '#2a2a2a':'t\
ransparent')\x0a   \
         RowLayo\
ut { anchors.fil\
l: parent; ancho\
rs.margins: 6\x0a  \
            Labe\
l { text: serial\
; Layout.fillWid\
th: true }\x0a     \
         Label {\
 text: note; col\
or: '#888' }\x0a   \
         }\x0a     \
       MouseArea\
 { anchors.fill:\
 parent; onClick\
ed: { lvGroups.c\
urrentIndex=inde\
x; testDialog.re\
freshImages(seri\
al) } }\x0a        \
  }\x0a        }\x0a  \
      ListView {\
\x0a          id: l\
vImages\x0a        \
  SplitView.pref\
erredWidth: 420\x0a\
          model:\
 ListModel { id:\
 imagesModel }\x0a \
         clip: t\
rue\x0a          de\
legate: Rectangl\
e {\x0a            \
width: lvImages.\
width; height: 3\
2; color: (ListV\
iew.isCurrentIte\
m? '#2a2a2a':'tr\
ansparent')\x0a    \
        RowLayou\
t { anchors.fill\
: parent; anchor\
s.margins: 6\x0a   \
           Label\
 { text: name; L\
ayout.fillWidth:\
 true }\x0a        \
    }\x0a          \
  MouseArea { an\
chors.fill: pare\
nt; onClicked: {\
 lvImages.curren\
tIndex=index; te\
stDialog.selecte\
dImage=name } }\x0a\
          }\x0a    \
    }\x0a      }\x0a  \
    RowLayout {\x0a\
        Layout.f\
illWidth: true\x0a \
       Button { \
text: qsTr(\x22\xe5\x8a\xa0\xe8\
\xbd\xbd\xe9\xbb\x98\xe8\xae\xa4\x22); onCl\
icked: apiClient\
 && apiClient.lo\
adDefaultImage(f\
unction(_){}, fu\
nction(s,m){}) }\
\x0a        Button \
{ text: qsTr(\x22\xe5\x8a\
\xa0\xe8\xbd\xbd\xe6\x89\x80\xe9\x80\x89\x22); en\
abled: (testDial\
og.selectedSeria\
l && testDialog.\
selectedImage); \
onClicked: {\x0a   \
         var rel\
 = testDialog.se\
lectedSerial + '\
/' + testDialog.\
selectedImage;\x0a \
           apiCl\
ient && apiClien\
t.loadTestImage(\
rel, function(_)\
{}, function(s,m\
){})\x0a          }\
 }\x0a        Item \
{ Layout.fillWid\
th: true }\x0a     \
   Button { text\
: qsTr(\x22\xe5\x85\xb3\xe9\x97\xad\x22)\
; onClicked: tes\
tDialog.close() \
}\x0a      }\x0a    }\x0a\
  }\x0a}\x0a\x0d\x0a\
\x00\x00\x02\x8b\
i\
mport QtQuick\x0aim\
port QtCore\x0aimpo\
rt QtQuick.Layou\
ts\x0aimport QtQuic\
k.Controls\x0aimpor\
t QtQuick.Contro\
ls.Material\x0aimpo\
rt QtQuick.Windo\
w\x0aimport \x22../cor\
es\x22 as Cores\x0a\x0aDi\
alog {\x0a  id: err\
orDialog\x0a  title\
: qsTr(\x22\xe8\xaf\xb7\xe6\xb1\x82\xe5\xa4\
\xb1\xe8\xb4\xa5\x22)\x0a  parent:\
 Overlay.overlay\
\x0a  anchors.cente\
rIn: parent\x0a  wi\
dth: 480\x0a  modal\
: true\x0a  standar\
dButtons: Dialog\
.Ok\x0a  visible: C\
ores.CoreError.g\
lobErrorVisible\x0a\
  contentItem: T\
ext { text: Core\
s.CoreError.glob\
ErrorText; wrapM\
ode: Text.WordWr\
ap; color: \x22whit\
e\x22; width: 420 }\
\x0a  background: R\
ectangle { color\
: \x22#5b0000\x22; rad\
ius: 10 }\x0a\x0a  onA\
ccepted: Cores.C\
oreError.globErr\
orVisible = fals\
e\x0a  onRejected: \
Cores.CoreError.\
globErrorVisible\
 = false\x0a}\
\x00\x00\x08\x09\
\x00\
\x00\x1c\x18x\xda\xbdY_\x8f\x14\xc5\x16\x7f\x9fOQ\
4\xc1\xf4\x04lf'\xe8\xc5\xd1u\x03\x0b\x0a\x09H\
X6\xf2`\x0c\xe9\xe9\xae\x99)\xe9\xe9j\xab\xabY\
V\x98\x04y\xf0r5Dn\xee\x05\xc4\x88\x82A\xa2\
&\x22\xa8a\x0d\xb0\x98\xf8Q\x083\xb3<\xf9\x15<\
\xd5\xd5U\xdd=\xdd\xf3\x07\xbd{g\xb2\xbbUuN\
U\x9ds\xeaw\xfeT-\xe9\x06\x94qt\x94\x1f\x8d\
\x88s\xb2Br]k\x91\xfa\x9cQ/\x1c\x1d?d\
\xaf\xd2\x88\xeba\xc3\xb2v:\x94\xe1\xd0@v\x88\x16\
E+K\xda\x13\x90\x98\x00\x7f\xb3\xc3+\x94\x9d\x943\
\x8e\x8bV\xa5\xb2\x8f\xd8\x1em\xa33\x15\x84\x88\xdb@\
\xae\xcdm9\x04\x03\x9cp\x0f7\xd0\xfb\xe123\x8d\
\xfe\xda7O\x1f\xde\x1f\x5c\xbe;\xb8xgx\xe7\xe6\
\xf0\xd2GF\x15x\xba\xd4\xb5\xbd\x06\xe2,\xc2\xd0\x0b\
\xb9\xed\xbb6s\xf7F\x9cS?l \xb9\x96\xb5h\
\xfb\x0e\xf6\x80\xa1E\x9d(\xd4\xec\x01\xa3\x01f|\x15\
5)\xf5P3\x0aW\x1b\xa8e{a\x91\xe6\x91\x90\
\xef-\xa7\x13\x9f\xa3\x16\xe6N\xe7\x10\xe9\x12\xde@\xf5\
Z\x05\xc8+\xc4\xe5\x9d\x06ziW\xdc\xa3\xfe\x12~\
\x0f;\x1c\x83\x8aBU\x14o\x86\xe6\xf5jH\xef\x90\
\x19\xec\x89\xa9\xad\xc8w8\xa1>\x02\x03c\xfe\x06e\
]\xb3\x9a\xac\xc1[\x8b\xd4\xc5\x16\xc7\xa79\xcc2\x8c\
dpy5H\x07\xf7\xed?|D\x11\x0e\xdb\x1c3\
0\x88&.\xd2\x00tP\xe4}\xa4\x8b\xfd\x10\xb6\x0a\
5\xc3\x5c\xadvZ\xfe(\xa6c\x11k\xd9N\xba\xfe\
\x92\x8d^\x9bG5\xab\xae\x18\x96h\xd4\xee\xf88\x0c\
sr\xe5U\x01\xcb\xf9\xc7\x09\xef,\x09\x95\xb4:\x19\
\x05\x93~\x0b\x86:\x02(\x01\xc1\x0e\x0e\x93q1;\
n\xc6\x8b\x1e\x02\xbb\x1d\x063x\xc9*\x02E+j\
JL(\xb1daa5\xb9\x85Lu\x10r3!\
\x06\x8f\x98?zF\x09\x82\x90\x00\xb8\x05?\x8b\x1e\xc1\
>\xb7\xda\xa0\x8f\xb1S\xa0x\xa7\x16\x22\x5c\xf0\x042\
\xe6\x0d\xb4=\x03\x94\x1dZ\x1e\x13\x84\x09\xc0\xeaXI\
\x81F\x14\xb0\x1c\x0f\xdb\xccT\x02\x9d\xb2\x19bt%\
\x04)\xd4L\xf4\xc2\x0b\xbam\xa5\x1b\xa3\x85\xd2\xd1\x06\
z\xe7\xddd\xad\x16e\xc8\x14\x0b\x12X\xad\xf6*\xfc\
y-^\xdb\xf2\xb0\xdf\xe6\x1d\x18\xd8\xbe=\x15K\xef\
-\xb6\x06\xaew\xc8\xbb\xe8\xecYt\xa6\xa7\xe9#\x82\
\xdb\x80/\xdf5\xd3\xf9\x19\x8e\x83pP\xb0\x88E\xdc\
\x1d\x19\xb2\x03\xf3\xe4\xb8h\x89\xd5\x0d#K\xe7\x00n\
I\x17\xad\x22\xbd\x9b`\x5c\xf2\xa8^\x91\xcf\xd5`\x97\
\x9ci\xbf\xc8\x1bJ\xccK\xc6\xa4s\x82\xe1\xf7#\xc2\
0\xcc\xe2\xc5\x19L9\x81\x9c\xa3\xbbj\x96\x8b\xb6\xcc\
\xcf#?\xf2\xbc\xf8\xe4\xc6\xb3D\xbe\x8b[\xc4\x87\xde\
\xc28\xb6\xc6\xc8\xde\x0e\xc3\xa0\xb5\xbb\x87'f\x94\xdd\
\x13\x1c\x14\x94\x82j\xde\x9eB\x94:\xbf\x92\x18\x04\xc4\
\x0cRO\xec@]\xd8\xdcng\xb0Z:I\xba\x92\
\xe2\xd5;\xc6i\xc2\x12\xbf\xf73F\x99\x15v\xe8J\
\xdc\xca\xb3\xf6\xaa\x05\x9f\x0d\xa3&8M\xceQ\x9b\xe5\
N\xda\x1cqP\x01\xd9\xc0^\xf5\xa8\xed\xc2\xb0\x92Z\
\xe2,\x13A\x95\x09%\xc02QT\x11Rd\x8dD\
R\xc5\x90\x85T!\x9a*\xa6\x12\xf84F\xc2\xaab\
-\x9eu\xa3\x10_+\xe9\xf1\xe5\x03Q@\xc3\x92H\
d\xecP\xa6\x98\x18~\x9a\xc5\xe3\x8c\xd3\xb5\xb5l\x87\
'E\xcbJB\xa8\x99\xda\xbf<V\xcb\x93\x9a\x1c\xa6\
Rx8@\xa0\x1e\xb6 e\x9b\x86\xa6+D\x83\xf0\
\xc5\xc9\x10>\xd4\xfc\xb4v\x80\x80IC\x9c\x880\x0d\
\xbf%\xcaN\x85\xa9p$Y\x96<\xfd\xedz\xff\x87\
\xcf\xfa\xb7\xeem\xfc\xf2\x8dQ\x1d\x0b_\x08\x86\x98c\
m\x1e3\x13\x05G!-\xd6\xde\x92\xa5O\x87x\xfe\
\xe8a\xaf\xe2\xc9\xef\x14\xd9'\xb3j\xc6(\x13M1\
\xee`7\xd7\xaa\xfd\x0b7\x9e]\xbb5\xce\xaa\xd4?\
\x02iE\xb8C\x99t\x95\x18G\x1c,q\x90\xe3n\
\x03\xb6\xf5\xa2\xae/\xab\xd7D\xbc0\xb0\x1d\xe2\xb7\x1b\
h\xae\x1e\xf7\xa1:\xecP\x16Z-\xe2\x81{\x076\
\x83\xc99B\xd7fm\x22\xfc\x1a&\xc4\x847\xc19\
\x83\xbd\xf4\xb4\xd67W\xab\x0e\xbe87\xb8r\x17m\
\x9bC\x83\xeb7e\xe1\xbaq\xe7n\x7f\xfd\xb2Q\xb5\
`%3\x83\xd4\xb4 P\xe7,%\x8de9.\x8b\
H}\xce\x9a\x18\x80\xe2\x98AD8\x80I\xbb#\x8a\
\xce\x97k\x15m\xe6\x82\xbe\x13u,\xd5s\xb7&i\
[\xbd\x5c\xd1cKt\xa5\xb0\xfe\x14\xc1%CS\x97\
i:\x9fC\x10k\xa49dA\x01\xe0\xe3\x1b\x1b\xeb\
\xebO\x7f\xfd\xe1\xc9\xb9\xdbF\x15\xe9K\xc0\xfa\x7f\xfa\
\xff\xba8\xf8\xec\xf1\xf0\xd6\x83?\x1e}\xbem.1\
\xe8h\xbdD#\x9fWs\xfb8\xd4\xa3\x0cR\xe5\xd6\
\xdd\xf1\xc7\xc8\x11\xa7J\xde\xcb\xb4\xe5\xdd\xa2T\x0d\x05\
\xde58}#\xbf?\xf6\xed\xa6' \xbbE\xeb\x0a\
\xc1pK\x06\x09\xc2crS\xa8\x0f\x0e\xed\x9c\x1c\x87\
\xf32\xe9z\xe9\x19\x89\xba\xf8m\x82Wr\x82\xe6\x8a\
c\xc1\xf1|\xc7\xa7\x19\x14\xecF8\x1c\x8f\x04\x85A\
\x0d\xa0]\xd92M\x9cSI\xa1\xae\xcb3\x88\x97m\
\x08\xfa\x0d\xb4\x04\xd7&\xdbo{x\xc4\xe2\xc9\x05+\
\xa7\x8d\x15\x0f\xe6\xd8:\x89\xa4\xff\xa8\xe7\x86\x99\xed\x12\
q\x11\xdcU\x06\x12\x02E\xd7i\xb4\x0d\xd5\xd1<\x94\
`5\x00\xa5\xb1u\xce\x16_CT[[\xe7\xea\xe2\
\x9b\x87P\x932\x173K\xc3\xac\x1e\x7f\x8cJ\x8e\xa9\
\xdco\xa6z\xe7T\x1f\x1d1\xf4\xee\xca\x08eLH\
\x98\xf9\xe4G\xd6\xafWJ\x96(\xbav\xd63\xcc\xb8\
\x9a_\x88\xcb.\x94\x86\xc9\xef\xfb\xff^\xef_\xba\x08\
!\x1e\xb2\x93\x81~_C\x22M\x99qi\xbf\x10\x97\
b9\xe6\x0b\x1f\x0d\xef=T\xf9 \xffiA\xc8\xb7\
\x9a\xd4s\xc7\x08\x9f\x89\x00\xad\x9a\xf8\x1a%,\xd8#\
\xa2*\x5c\x06\x91\xad\xfd\xa2\xbd$\xc0S`\xec=\xb7\
\xfaR\x05\xc8\x07g\xd1\xb6z\x12\xb3\xb2w\x93D\xc5\
\xeb\x97\x06W\xae\x81\xa2\x1bw\x1e\x83\x962U\xe4\xef\
%/\x1a\xd5I\xaa9\xf1\xc7\x18g\x9f\x80\x12\x9f\x1f\
#\x1f\x80\x8es\xb5\xff\xa7\xfefR\xf6\x8a\x98\x974\
\x93\x1b&z=v0EW\xa6\xda\xb8\xf9\xed\xb3\xeb\
_o\xdc\xfepp\xef\xbc6H\x8c\x91'\xe7\xbe\x96\
 \xd1\xf7\x9c\x8c\x01\x05\xa7\xc8\xb3\x83\xab\xf7\x9f]\xfd\
\xa5\x1c)\x133A\xb9\xb1^\xf9\xdf\xd9\xaa\xf7\x9c\xbe\
Y\x1a=g3\xba\xbe?\xc47I\xc3\xd0\xc9u\xc9\
F:sj\xa64\xc9\x0e\x7f\xba:\xfc\xf9Z\xff\xc1\
me\xf8\xbf\x82\xb8\x22FJ\xf3fY\xf6\x14\xa5_\
\xe9\xa6i\x0e\x9d\x946\x0b\xc93\xc3<\xa9\x0c\x9f\xe1\
\xe8\xc6\xf5r\x87z\xcca\xd4\xf3\xf6\xda\xcc:\x85\x19\
'\x8e\xb81\xea1tfL\xb6.\x9c\xe5)\x12\x92\
\xa6()s\x05CY\xa1#\xb3T\xa5\xdc\x9c\x83\xcf\
\xcf\x0f\xae\xde\x90\xcf\xa69\xa3Np\x03H3\xe4\x03\
p\x01\xdb\xdb\xe3\x91\xb6/\xef\xa81\xd0\xe3\xfe\x81E\
\x18\xc0l\xf6\xd2\xa1\x97{f\xe8\xcdTA\xaf=\x84\
\x12P\x96\xce\xc6\x94\xcax\x93\xeb\xdeL6\x156x\
\x83`\xcf-\x14U\xf2!!3\x18x\x10\xce:\x90\
\x8f0[\xce\xa2;\xd6h\xf8\xe8J\xff\xd35d\x0e\
/_\x1b~\xf7`\xe3\x9f\xdf\xf7?\xfev\xf8\xdf\xaf\
\x06\x17.Usg4\x1d\xf0\xbd\xd9\x84\x13\x8f\x193\
\x0bw\xefa\xff\xcbO6G\x0e\xf5n2]\x16\x99\
\x0b7G\x8a\xf4if\x06\x9b\xdc}\xd0\xff\xf1Wd\
>}\xfcI\xff\xf6y\x94>\x88o\xd2I%\x0fA\
\xd3\x05\xcbf\xc8\xcd\x11E\xbf4\xcd L,\x86N\
\x1c\xc8\x84\x80\xd3?\xf7(o#\xe2\x07\x11?\x8cy\
\x87\xba\x07 \xb5\x82\xb7\x1d\xe5\xd6\xc1nG<\xf9\xdb\
\x1cR\xf9[Q\xb7\x89Yx\xc4\xf7V\x9fS\x9f|\
|Q\x8f/\x94\x02\xda\xd4\xff\x80d\xfaI\x03N\xc6\
\xbf\xe3H\x90F\xba\xa3I\x9cK\x13\xfaH\xea\xca\xc6\
W\xf9\xfe\xa3\xf5\x9c&lyZR\x8f\x9b\x99\xd7\xbc\
\x09[\xf6?\xbd2\xb8\x7f\xe1on\x99{!\x8b-\
\xd6\xab\xfc\x09&\xbf^\xad\
\x00\x00\x01\xe3\
i\
mport QtQuick\x0d\x0ai\
mport QtQuick.Co\
ntrols\x0d\x0aimport Q\
tQuick.Layouts\x0d\x0a\
import \x22../cores\
\x22 as Cores\x0d\x0a\x0d\x0aDi\
alog {\x0d\x0a  id: co\
nfirmEstop\x0d\x0a  mo\
dal: true\x0d\x0a  anc\
hors.centerIn: O\
verlay.overlay\x0d\x0a\
  title: qsTr(\x22\xe7\
\xa1\xae\xe8\xae\xa4\xe6\x80\xa5\xe5\x81\x9c\x22)\x0d\x0a \
 standardButtons\
: Dialog.Yes | D\
ialog.Cancel\x0d\x0a  \
contentItem: Col\
umn {\x0d\x0a    spaci\
ng: 8; padding: \
12\x0d\x0a    Label { \
wrapMode: Text.W\
ordWrap; text: q\
sTr(\x22\xe6\x98\xaf\xe5\x90\xa6\xe7\xab\x8b\xe5\x8d\
\xb3\xe6\x89\xa7\xe8\xa1\x8c\xe6\x80\xa5\xe5\x81\x9c\xef\xbc\x9f\
\xe6\xad\xa4\xe6\x93\x8d\xe4\xbd\x9c\xe4\xbc\x9a\xe7\xab\x8b\xe5\
\x8d\xb3\xe4\xb8\xad\xe6\x96\xad\xe5\x8a\xa8\xe4\xbd\x9c\x22)\
 }\x0d\x0a  }\x0d\x0a  onAcc\
epted: { Cores.C\
oreControl.estop\
(); close() }\x0d\x0a}\
\x0d\x0a\
\x00\x00\x03\xe6\
\x00\
\x00\x13Gx\xda\xed\x97\xddn\xd3H\x14\xc7\xef#\xe5\
\x1d\x8e\xb8\xa8m58N\x01\x81\xd2\x0d7\x10m\x85\
\x0a\xa1\xdbT\xda;4q&\xb1\x1b\xdb\xe3\x9d\x19S\
\xa2\xc87+\xed3\xf0\x00\xb0\xdak\xb4\x08q\x01\xda\
{\xde\xa3\x88\x8b\x95\xf6\x15\xf6\x8c?b\xbbI\x9b\xa6\
\x94\x8f\xaeV\x89\x1cg\xe6|\xcd\xff\x1c\xff\xa24\x9b\
\xb0\xeb\x8e\x1dyD\xd5\x15v\xfa\xfd\xc7\xe0P/\xa4\
\x5c\xc0\x91+\x1d\x90\xaeOY$\x81\x04C\xa0\x9c3\
\x0e!\x0b\xa3\x10l\xe2y\x03bO\xea53\xe4d\
\xec\x13\xf0\xdc\x01'|Z\xaf\xd5kO\x09\x87\x01\x11\
\x14:p\xcd\x912l7\x9b\xad\xad\xdb\xa6\x85\xafV\
\xfb\x8e\xd5\xb2\xae\xa56Y\xf0\x87\x02\x0doY\x96\xa5\
|GQ`K\x97\x05\xf0\xc4'\x13\xdaG\x0b\xaes\
\xc6d\x03|\xd1\x00\x16\xf4S\x1fcV\xaf\x01$A\
\xd0yO\x9a6\xa7D\xd2=\xdf\xeb\x0d\x0e\xa9-u\
\xcd\xf5C\xc6%n\xedE\xae=\x81-\xb3uk\x1b\
\x92x0\x037\x90\x94?%^\x1b\xb4M_lj\
\xdb\xc0i\x88\x01\xda0\x22\x1e\x16\x1ek\x0dPY\x0d\
\x95E\x9a\x92\xbb\xe31\xe5th\xda,\x08T\xf8\xbc\
L\xdd\x98\x81\xe4\xd3YQ\xd9\xc6\xc6\xfcV7 \x86\
\x91\x1b\xa0VSL*\xcd!\x15\x92\xb3i\xb2\x1eg\
\xb1\x85$\x1c-\xd5\x17Ne\xc4\x03\x90\xf5Z\x5c\x91\
bLe\xa6AH\xa4\xa3T\xe8M\xd4\xb5\xcby\x03\
\x84\xc3\x8e\xba\xaa3\x85$\xcf\x1c\x8e\xa2\x04\xf4\x08~\
~\xb8\xbb\x83\x0d\xf8\x89\xfe\x12a\xea4K\xae\xfc\xb0\
\x17)\xed\x92\x03\xcf\xd7\x19\xae,(?\xefS\x03J\
\xe7V>P\x8e$yD\xb3E\xa5\x08Va\x92\x01\
\xe3\x89\x0c6\x91\xb6\xa3Sc\x16\xa7\x16*\x99/\xc6\
\xe8\xa5\xfd\xd8\xed\x83\x06\x9b\xc9\xd9\xf0C\x83Oo~\
\xfb\xf8\xfc\x8d\xae\xd6\x8a\x09\xc1\x0d_\x18Z\xea=?\
3ll\x14_t\x0ch\xa4\x06\x896j3\xb9\xd1\
oZw\xd4\xfc\xa4\xbb\xa9\xf0\xaa:\x16\xd2@W\xf9\
\xb1\xdb\xc9\xbc\xa6E\x14\xfb\x01\x0e\xd5p\x8a\x1d\x92\xd4\
vH0V\x13\xbd\xa0\x80;\x02]Y'\xb6\xfb\xca\
\x16:\x9d\xce\x09\xe9\xcd\xfb\xbdG\xdd\xdc#\x13H2\
l>\x0buc[\xdd\x96f\xe3\xa4Xi\x8e\x5ci\
#\x9b\x93\xf2\x9e\xca\xaf\xca\x8c\xc4\xdd\xce\x96e\xa9\x93\
\x17K?\xdc\xb0\xac\x225\xe4\xf3\xda\x9b\xa4\x02\xf5&\
\xfa\x83\xfd\xde#3$\x5c\xd0\xec$\x22d\x81\xa0}\
\xfaL\x1a\xe5z\xaa^\xb3\x18\xf7\xf2\xb01\xc51*\
%9\xab\xc1\xc7/_}z\xfd{;Y,\xcaL\
\xb6\xf2\xa5r\x09E\xd0\x95}_\xd2\xfb\x22Ac!\
\xf2\xdc+;F\xf2\x91\x5c\xe6\x13,h0\xac\xf4\xa4\
4\xe1\xab\x1a\xb8u\xaeq?~\xf7\xeb\xf1\xdb\xb7\xa9\
\x1a\xf4b\xf3}\xbd\xd5\x80}\x84T0\xc6\x0a\x8d\xec\
\x10U\x86\x84L\xc8\x07\x02\xc7\xb6\x02\x92\xc1\xe1\xe94\
Y\x09\x93\xef\x90%\x8f{\xfb\xdf\x16&\xaa\x80Sh\
\x22\xa8\xcc\xa4\xdbAR\xa0 \xda=\x86?C\x81\xbc\
\xde\x9f\x86\x14\x9d4\x12\x86\x9e\x8b\xa7CM\x9a\x87\xd8\
+\xed\x7f\x12].\x89\x16\xc7\xe3\xca\xa1(\x11H$\
\xcf\xba;\x9a\xea\xf8\x04\x1b\x97I\xa7%\x0a}\x11<\
\xd5\xe2Z\x89M\xd1WB\xd3\x05\xc8\xb4\x0cL+\xb9\
\xb4\xa0\xea\xc1\x1aTZ%\xf1\x99LJ\x90T%\xd2\
\xc1I }\x06\x8f\xce\x89\xa3\xb5i\xb4&\x8c\xce`\
\xd1z(\xfa2$\xaa\x80h)\x87\x0e>\x0fC\xe7\
\xa1\xd0\x85 \x94W^\xcb\xaf\xf1\xba\x00Z\x8f?+\
\x1f\x94\x0a}.\xf2dT\xd9\xb3\x80\x9e!\xf5\xce\xf5\
\xd7\xea\xaa\x11\xe7~w\xb7\xdb\xefV\xb5\xfc\xe7\xaf\xf7\
\xf8\xfe\xf0\xea\xab`'-`9y\xfe{\xf8P\xca\
\xab\x07\x09\xcf1\x0f\x9f\xd5\x93-\x9f\x85\x93%\xb5A\
\x15+\xca\xdcX\x89\x95eM\xff\xf0G\xda\xf6+\xc1\
\x96\xcb\x03\xc9)\xf3\xff\xf7\x9f/.\x9b%\xea_\xd6\
\xbf\xa3.\xf6j\
\x00\x00\x03\x7f\
\x00\
\x00\x0b\xf2x\xda\xadV]O\xdb0\x14}\xaf\xb4\xff\
p\xc9S2 e\xec\xad\xa5\x9a\x90&\x1e\x90\x00M\
c\xd36\xa8&7u\xa8!q*\xc7\x81\x06\xe8\x7f\
\xdf\xb5\x9d\x0f\xbbi\x0bc\x03\x09\x14\xfb\xdcs\xcf\xfd\
\xb2\x1d\xce\x05\xb9I\x09$l\x22\x88({\xbd{\x22\
\xe0\xf7\x94Hz\x92\x89\x94H\x18\x81W\xe2\xcf\xfe\xd9\
\xd9\xfet\x0a\xb3\xd9 M\x07y\xee\x0d{\xbd\xb8\xe0\
\x91d\x19\x87\x9c\xc4\xf4\x92.\xa4\x7fO\x92\x82\xeeA\
L\x92dB\xa2\xbb\x00\x9ez\x00,\x06\xb3\x01\xa3\xd1\
\x08\x0a>\xa51\xe3t\x0a\xcf\xcf\xd0.\xf3\x22I\x02\
\x04\x03\x08*\x0b\xc1\x1b\x0e\xd8q\x8c>\xb5\x1b\x03\xf0\
\xf6Q\x06\x80R,\xd1=J\xfd*\x05\xe37\xc6]\
\x10\xe2G\xea\x07\x0aR\x91*T\x98P~#g\xc8\
\xa4m\x06\xe0\xbf\xd2\x15\x12-\xad\xa0I~^\xa4\x13\
**g\x7f\x17\xaa\xbb\xe2yN\xe8\x8d]\x1d\x1c/\
R\x8c\xcdqg\x05\xc5\xf2sr\xee#&@\xc9\xad\
\xcf\x812s%\xc7\xba\xa2\x97,\xa5\xb9$\xe9\xfc\xff\
+\xaf\x0a\xd2\x921\x8e\x9exD\xb3\x18>cK9\
\xe0/24\x82\xd4\x8e\x12U\xb7\x8f\xd5}AM'\
\xcb\xb9\x22\xb1<s\x9d\x0e\xcf\xc87yJsL\x93\
\x86\x0c\xf5\x9a2\xc4\xb5#8<\xa8\x7f\x8c\x020P\
\xfc\xf3\x1e>\xe0\xeap\xbb.N\x1f\xb4|$\x0b\xba\
\xf2\x96U\x95\xe6D\xe4\x98\xb1\x91\x86\x86\xfa\xcb*\x96\
\xd2\xb2cJe\x80A\xf0J\xa7\x15\xbc\xeb\xb82]\
\x9d\xben\xab\x1a\xe6\xd3<\xe3o*\xf9\xa6\x12wk\
\x92\xeb\xf1sj\xa2f0\xd5i\xd18k&\xdb\xa9\
4\x10k0+\x9bf\xc2\x97/u\x81\x12\xdd\xdd\x9c\
dYB\x09w{\xd49\x22\x14\xb9\x14\xa5\xad\xd7\x1c\
$\xa7_/\xceC\x13\x0e\x8b\xcb:\xb5*\x1b{p\
\x18\xb4\xed\xb5\xa3\xf1\xca\xbb\xb6S^\x9f\x96\x9e\xbbp\
5\xf6\xea\xb6s\x93\xe8\x9cK:N\x88\x88\x8cf\xe0\
S!\xea$\xb6\xf26\x87\xe0Zf\x8dm\xd7\xe1R\
g\xd3n\x0e\xae\x9a#a\x8f\xf4X\x08R\xfe{\x83\
\x5c\x8d\xeb\xfe\xd0\x84!\xcbmb\x07\xda\x8c\xea\xf6n\
r\xd8\xf5\xfex\xb3Q6\xb9\xa5\x91lZp\x83\x8e\
\x90I\x8a\xc3\xbcR\x16kk\xb8\xd5:a\xb9\x5co\
\xacv\x86\x1b\x04/{N\x92\xec\x22\x08J\xa6\xdf\x15\
\xd0\xcf\xb3BD\xd8jw\xb4\xcc\xdb2\xec\x98\xe5\xcd\
\xd7\x04\x8e\xb8*\x96\x00\x86\xcd{0\xc4\x7fG\x9a\xa2\
\x1a\xaa!\xec\xee2{,q\x0f\x81\x0aq\xc5\xc6m\
\xb0\xc6\xcd\x15\xae\x8f\xdd\xdbp%X\x0b\xb7\x12\x99\xa5\
\xca\x0ep\xca\xf2yB\x22\x9aR.\xf5a%\xb2\x07\
+<\xf5\xb5\xe6\x94\xa9\x8eU\xa9\x0e\xeb\xb6\xaf\x10\x1c\
\xd2\xc5:}\x1a\x1b\xce\x8b|\xe6{?\xc0\x83\xdd\xfa\
\xd24&\xf8\x22\xc8N\xd8\x82N\xfd\x8fA\xe0\xb0\x95\
/\xb1\xfd\xec\xb0\x95\x9b\xd9\x1e_b\xfb\xd5a{\xec\
\xb0U\x990f\xcd\xd1h>o3\xc6}\x0f\x00\xdb\
\xbc:#\xdd\x97\xc9\x09K\xe87\x91\xe0\xd5!gm\
\x96\xd5Ww\x94\x9b\xd5\xeeQ\xbf\xe1u\xa5Y\x9b;\
\xcdzS\xad\xb1\xd6C\xaa\x10\x0c}..b\xdf\x8b\
Q\xdb\x00\x85+\x97\x07\xc1\xbaSP?y\xcc\xa9d\
.TM \xa8n \xbf\x7f}\xdd\xbf\xc1[\xae\xef\
5\x1aZp\x18\xcd\x888\x96\xfe\x81\xe1W G\x93\
v\xde\xef\xab\xec\xb7FV\xb6k@\x07a\xe77\xca\
(6\xbf\xfd\x1c{\xf3\x93w\xebk\xaa\xe6|\xc33\
\xd0z\xb9V\xaf\xc0w\xcd\xef\x1f\xc00\xb3\x8d\
\x00\x00\x02\xa8\
i\
mport QtQuick\x0aim\
port QtQuick.Win\
dow\x0a\x0aItem {\x0a  Sh\
ortcut { sequenc\
e: \x22Ctrl+E\x22; onA\
ctivated: estopD\
ialog.open() }\x0a \
 Shortcut { sequ\
ence: \x22Ctrl+Shif\
t+E\x22; onActivate\
d: estopDialog.o\
pen() }\x0a  Shortc\
ut { sequence: \x22\
Enter\x22; onActiva\
ted: if (estopDi\
alog.visible) es\
topDialog.accept\
() }\x0a  Shortcut \
{ sequence: \x22Ret\
urn\x22; onActivate\
d: if (estopDial\
og.visible) esto\
pDialog.accept()\
 }\x0a  Shortcut {\x0a\
    sequence: \x22F\
11\x22\x0a    onActiva\
ted: {\x0a      if \
(rootWindow.visi\
bility === Windo\
w.FullScreen) {\x0a\
        rootWind\
ow.showMaximized\
()\x0a      } else \
{\x0a        rootWi\
ndow.showFullScr\
een()\x0a      }\x0a  \
  }\x0a  }\x0a\x0a  Short\
cut {\x0a    sequen\
ce: \x22F12\x22\x0a    on\
Activated: {\x0a   \
   testWindow.vi\
sible=true\x0a    }\
\x0a  }\x0a}\x0a\
\x00\x00\x00\x00\
\
\x00\x00\x00%\
s\
ingleton AppEnum\
s 1.0 AppEnums.q\
ml\x0d\x0a\
\x00\x00\x02C\
p\
ragma Singleton\x0d\
\x0aimport QtQuick\x0d\
\x0a\x0d\x0aQtObject {\x0d\x0a \
 readonly proper\
ty string title:\
 \x22\xe5\x85\xa8\xe8\x87\xaa\xe5\x8a\xa8 \xe9\x93\x9c\xe7\
\xb2\x92\xe7\xb2\xbe\xe5\xaf\x86\xe7\xa3\xa8\xe5\x89\x8a\xe7\xb3\
\xbb\xe7\xbb\x9f\x22\x0d\x0a  readonl\
y property strin\
g companyName: \x22\
\xe9\x95\xbf\xe6\xb2\x99\xe9\x93\xad\xe5\x87\x86\x22\x0d\x0a \
 readonly proper\
ty string system\
Title: title\x0d\x0a\x0d\x0a\
  readonly prope\
rty var pageMode\
ls: [\x22\xe5\xae\x9e\xe6\x97\xb6\x22, \x22\
\xe6\x89\x8b\xe5\x8a\xa8\x22, \x22\xe8\xb0\x83\xe8\xaf\x95\
\x22, \x22\xe6\xb5\x8b\xe8\xaf\x95\x22]\x0d\x0a  \
readonly propert\
y var dataViewMo\
dels: [\x222D\x22, \x223D\
\x22]\x0d\x0a  readonly p\
roperty var allR\
unModel: [\x22\xe5\x85\xa8\xe8\x87\
\xaa\xe5\x8a\xa8\x22, \x22\xe5\x8d\x8a\xe8\x87\xaa\xe5\x8a\
\xa8\x22, \x22\xe6\x89\x8b\xe5\x8a\xa8\x22]\x0d\x0a \
 readonly proper\
ty var allImageT\
ype: [\x22\xe5\xbd\xa9\xe8\x89\xb2\x22, \
\x22\xe7\x81\xb0\xe5\xba\xa6\x22, \x22\xe6\xb7\xb1\xe5\xba\
\xa6\x22, \x22\xe6\xb3\x95\xe7\xba\xbf\x22]\x0d\x0a \
 readonly proper\
ty var controlsM\
odels: [\x22\xe6\xb0\x94\xe7\xbc\xb8\x22\
, \x22\xe4\xb8\xbb\xe8\xbd\xb4\x22]\x0d\x0a\x0d\x0a}\
\x0d\x0a\
\x00\x00\x16h\
\x00\
\x00yLx\xda\xed]\xffo\x13\xc7\xb6\xff\xbd\x12\xff\
\xc3\xde\x95Z\xd9j\xb0\x1dCh\x9euS\x14 m\
\xf3\xc4\xb7K\x92\xf2\x9eZ\x14m\xec\x89\xbde\xbdk\
v\xd7\x09y\xb9\x91\xa0\xb7\x10\xbe\x94\x02\xa2\x85\xb6\xd0\
KiI\xa1\x95(\xf4\xf6Kh T\xba\x7fK\xd6\
v~z\xff\xc2;\xf3e\xd7\xfbef\xbdN\x0c/\
\x95\xc8\x95.\xde\xdd\x993g\xce\x9c\xf3\x993g\xce\
L\xd5j\xcd0m\xe9o\xf6\xdf\xeaj\xf1\xf8\xb6W\
\xd4\xc0sf\xaf\xa1\xdb\xa6\xa1Y\x91\x0f\xfb\x959\xa3\
nG\xdf\x1fU\xf5\x921\xeb\xbd\x963\x99\xecpM\
\x95%\xc5\x92\xe0\xdfm\xafl{e\xb8V\xd3\xd4\xa2\
b\xab\x86N\x0bK\xf3\xdb^\x91\xe0O-\x15\xa4Y\
V\x1d?\xcf\xaa%\xbbR\x90\xfas\x839\xfa\xa2\x82\
\xd4r\xc5.Ho\xe4\xd9\x8b\x19\xd5R\xa74T\x90\
\xa6\x15\xcdB\xf4\x9d\xad\xda\xf8\xcd\x09k\xdcL\xc9\xc3\
\x87G\xa5\xb5\xc7\x9fH\x13\xa3R\xe3\xd7\x8b\xad\x87\x9f\
5\x7f\xb8\xe1\x5c\xfeVNcFp\xe9lV\x1aS\
\xcb:T\x97\xa6\xeaS@KR\x8a\x983K\xb2\x0d\
\xc9\xae \xe9\xf0\x9c]1t\xc9RKH\x9a6L\
`\xcaT\xf5\xb2\xa4\xea\xec\xbb\x89\x14M\x82f2\x94\
\x9eE\x88IJM\xdd\xabh\xda\x11t\xa2\x8e,\x1b\
\x95R\x96M\xaa!\xbdT3\xa0n\x9f4\xa3\x98\x92\
Q#M\xa5\x03U\xeb\xea0\xe1 R\x9726Z\
\x8a\xa9k\xa2i\x13Y\x95\x09u\xccVl\xd4\xa6\x10\
,UR\x95\xb2nX\xb6Z\xb4\x22\x8d\xc0\xb8\xa0\xb2\
a\xcey\x02\xaa\x99F\x0d\x99\xf6\x9c\xc4\x0aL)\x16\
\x9a0\xb5\x82$Wl\xbbV\xc8f5\xa3\xa8h\x15\
 W\x18\xcc\xe5rY\xe8\xb9\x1c\xaa9e\x18 \x91\
\xbam\xec7\xca\xacA\xab \xd9f\x1d\xb9\x8d\xec5\
@[t\xa4\xdb\x19C\xc7\xbf5\x04,\x15\x5c\xbd \
\xa3j\xce\xf9\x1f\x89\xbaLK)P)\xe9\xb5\xd7\xb0\
fe\x80)\xcb\xff;\x839M\x87+Q\xbd\xc2:\
\x96a=\x91\x86\x82U\x5ca\xb9\x7f\x0b\xed\xc7\x05,\
\x9ebEJ!\xd3\x8cP\x06M\x02\xf1\x1a&\xf2\x95\
o\xff\xc4\xcc\xdas5dL\xbb\x12|KEZI\
\xfa\xcb\xd0\x90$\xd7\xf5\x12\x9aVuT\x92q\x07\xfc\
\xdf#\xad\xf8?flt\xd2\x06\xf6\x83\xfd\x894\xbf\
\xe0J\x19T\xb5d\xe8\xda\x5c{d\xb0\x22Ys0\
\xfeU\xaas0,\xefy\xd5\xe7%M\x99B\x9ak\
J\xcd\x9f\x9f4\x9f\xdcv\xce}\xe5\xdc\xbb\xe8||\
]N\xf7y\xda\x0c\xca@\xa9dU]\xb5\xe5>\xa9\
\x8a\xc0h`\x00\xe5\xc3\x87\xc6\xc6ei\xa1OD\xd4\
9\xf3\xf3\xfa\x8d\x07\x944\x9f\xa2U\xa9\xdb\xd0;\xbd\
\x1b\xaa\xadO\x96\x9d\xcb\xd7\x9b\x17~k\x9c:\xdd\xb8\
\xfay\xeb\xbb\xd3a\xda`\x1eu+k\xd5\xabU\xc5\
\x9c\xf3\x93~{$\x9e\xdf\xbb\x97\xd6V/5>;\
\xb3\xfe\xe5->\xbf`\x7f\xc8\x9e\x9cV\xea\x9amu\
\xc3\xf3\xfa\xe2\xa5\xc6\xf5G\xce\x85\xaf[\xab\xab\xebg\
.5W\x7f\x0c\xd1/\x1a\xfa\xb4Z\x06\xfa\x9a\xa1\x94\
\xe2)\x074&\xd0J\xe3\xc2R\xeb\xc1w\x14\x0a\x81\
~\xa0\xa0\xaf-\x1fBd\x15M1\xabV\xd6\x06\xab\
\x95\x83\x15\x82\x1c\x04\xbf\xd5\x949\xcc' s]'\
\xaa\x95J\x87\xf8\xa2\x1ai\xd7M\x9d\xf3\x81\x92\xb7,\
\xa5\xecA\xf9\xc4(e\x9bvA\x92\xd3\xd2\xeb0\xe9\
d\x00\x93\xab\x8a\xbd\x0f`k\x5c\xad\xa2\x94\x8ef%\
\xfc\x90\x02\xe1\xc9\x95J\xa1Z-XV\xb8\xa7\x9eh\
\xd0\x0c\x16\xcd\x8e\xc8\xc7\x85 \x02\x04k\x1b\xfaX\xbd\
X\x04\xe6|\x9d\x83Q\xaf\xf1:\x88\x0d\x8c\x08\x10\xcc\
\x14\x97\xc1\xf6\x8d\xff\xcd\xd0\x97\xbb\xfd\x0f\x05I\xafk\
Z\x84\x04F\x0eR -\x90\x133\x7f\xa5V\x83\x11\
\x04\x88M\xf9\x87\xda9\xfb\x85sf\xa9q\xee\x8as\
\xe1vAz\xb5_z5/\xa73\x8aY\xa643\
E\x03\xe6\xb5\xbf\xff]\x92\xb7\x07^3\xd9\xbb_\xd2\
Q\x09I\x08f\xdc^p\xc4\xda\xfd\xcf\xb1C\x073\
t\x8eQ\xa7\xe7\x88@q\xeb\xf3\x0bi^\xeb\xf1\xe3\
3b\x9a\x86\xe9\x1b\x1dj\xee}\xaeF\xf1\x04\x99\x80\
e\xe7\xeeO\xad_\x96R\xaf\xf6\xa7\x0bm)R\xd2\
\xf4\xb7K>\xc8o\x9bW\xfa\xebX,\x1a\xc3\x03V\
\xad6\x1co\x13B\xd1\x95\x87\xce\x85\xfb\x8d\xf3\xd7\x9a\
\xdf\xdeo\xfcz\xbay\xffb\x080\x18\xa9,\xb0h\
FA\xb9\xafm\xa2\xf3\xc0KQ\xad!l\xf8\x88 \
\x17\xc0\x09HU\xd8t\xe3\xcb\x0f\x9d\xd3\xb7b\x1b\xad\
)u\x0b\xf1PJL\xf4\xf47\x80\xae\xb1DA)\
\xea\xd5\xee\xa86\x9f\x9ck<\xf8&\x96\xaa2e\x98\
vWD\x9d\xf3\x97Z\x7f\xdc\x5c{|\xaa\xf1`I\
D\xb44\xa3\xe8E4\x09sB\x8dC\x9b\x92>\x16\
?3\x97\xd0\x8cZD\x09Ta\xfd\xd9\x17\xeb7\xee\
;7\xff\xb9~\xf3\xb7\x10?\x94\x86\x95-+\xe0\xc7\
\xcfe+F\x97\xf2k|}\xc7Y<\xbb\xf6\xf8I\
k\xf5\x17\x01i\xab\x06\xb6\xa3\xa1,\xb8\x81\xea\x94\x09\
\xd8\xdb]\x03\xbf^\x5c_\xbc\xdc\xbc\xf7\x08&\xc0\xb5\
\xa7_7>\xba\xed|q_\xd0\x12V\xd7\xc9\x22\xd2\
\xb4\xac\xa5`'\x913q\x8b\xc7\xec\xdcb\xe3\xd27\
\xcd[\xb7\x9b\xdf\xaf\x08\xc8\xcf(\xc5z\xbd\x9a\xb5\x8d\
rY\xeb\xb2\x13\xf7\xef4.\xde\xe6\xba\x05\x9e\x94\xd4\
j]Sl\xc3\xccR\x0b\x8b\xb5G\x8c\xca\xf0a|\
dl|\xf2\xad\xe1\x89\xfd\xe3\xc4 \x13)\x0d^\x12\
\x19z\x12\xa5Y\x5c\x5c\xbfy\xd6\xb9\xf9\xcc\xf9\xc7\xe5\
\x10\xcf\x94\x06\x0ch\x0d\xa6\xe7\xee$\xd1\xfa\xe3J\xeb\
\xce\xc7\xce\xc3\xdf\xc1M\xe2S\x05-)\xebU\xf0\xf5\
\xbb\x93\xf0\xb7\xa7@S\x9c\xe5\xa5\xb5'\xbf\xf1\xe9\xaa\
\xbaUC\xa4\xdb\xf1\xb2\xadR\xd9\x9e\xc0\xab\xd5N8\
G\x94\xbfy\xf3q\xe3\xd6\x8aHDT\xe7y\xad\xc6\
\x8a\x89x\xa8\xce\xe5\xaf\xc1\xe1s~\xfa\x90O\xdc\x98\
A\xa6\xa6\xccYQ5O\xa4\x09\xeeB2V\x0bZ\
\xa7\xbfl~\xf4\x1d\xedb\xeb\x1eV\x07\xcc\x8b\xbb\xd4\
\x84\x06\xebjv\xda(\xd6\xad\xc9\xa2RE\xa6\x02\xbc\
\xb0\x95'\x96\xe5\x8c\x8af\xa1LUQ\xf5\x0e\xa2\xa4\
\xe6\x17\xe8p\xb0\x11ju\x93\xac\xcf\xc1f\xd8K\x0c\
\xaf0\x95\xa9E(WUj\x9d\x06\xef\xf3g\xcd\xbb\
+\xce\xd5\x0bx\x02\x7f\xf8{\xeb\xe1W\x8d;g\xa3\
\xedZ\x15cvR\xd1\x10\x99\x02|m2\xdfP\x9e\
UL\x1d|\x12\xb9/\xec\x8f6\xbeZj-\xfe@\
}R\xd0K\xe7\xccr\xf3\xcb\x8fhs\xe0\x9b\xc6\xb3\
v\xfe\x9a\xf3\xf4\x14x\xf9\x8d\xeb\xbf7\x9f^o=\
\xbb\xca0/\xc8\x1a\x8c\xa5>I\xa7\xe6ITR\x01\
;\x02,v\x90\xf72,'\xd6\x9e\xfc\xd0\xbas\xbf\
y\xf3\xf3(q\xba\x8e\x98,)Ve\xcaP\xccR\
\x98t\x22\x15\xa3\xde\xcfX\x11\xe9\x8a\xa9\x1aAEK\
\x85V\xae\xc1i\xf9\xfb\x95\xf5\x1b\xff\x92\xfe\xbd,9\
\xcf\xce8WW\xc1\xcc\x9c\xbb\x8b\xc0e\xb0\x0e\xa5_\
\xe0-\xe2\xf1'l\xc7\xa3\xfb\xf6\x8f\xc8}\xd1\xeff\
]\x9fd\xa6>6z\x80W\xc2B\xa6\xaah\x93z\
\xbd:\x85LZl{.\x97\xeb\xe7\x95\xb5\x0dC\x9b\
\xac\xd3\xe1\x97s\xaf\xf2\x8a\x14\xeb\xb6\x8d\xccIX:\
\x81\xb1\x12\x82\x83\xb9jUHLS\xa7\x09-\xa9\xc2\
+\xe2\xe9y\xd1\xa8cH\xc8\xf1\xcah\x8a\x8e&\xdd\
\x98\x98\xbc=\x97\xc9\xe7\xb8\xb4\x0cK\xc5\x03\x8b\xb5Z\
>)\x03\xb1L\x0e\x16Gs\xde\xaf\xff\x81_\x03\xf4\
\xa7]A\xb6B?\x04\xb4\xcb\x93\x19\x9d\xeb'\xcdZ\
\x95\xcf\x94[\x00\x94\xf5D\x1d\x11B\x03\x9cb\xd3\x08\
\x95&M2\x82\xb8a\x8e\x8cL\x05\xeco\x12 \x1d\
\x07\x82\xf8e\xf0\x00\x22kX\xc0\x08\xf9\xb8G\xc8\x01\
U\xad\xfdXx\xc4\xde)\xbc\x81\x1c\x8f\x8c\x0c\xef\xfb\
o\xb0\x06\xd6\x13\xdf\x1b:\x95{:\x87c\x80\x80K\
F\xf18\x0df\xf5\xe16g\xf0\xc8\xe3'\xae\xf8\xb4\
\xe7\xd8\x5c(j\x15j\x1dk'\xc0\x18\xd7\x94:\x0e\
\x06\x8e\xbf\x90B\xb0\x92(#\xac\x8e\x99\xc1\xb8b\xc5\
\xbai\x22\xa2\xb6\x5cr&\xaa\x1a3`y\x09\x8b\xa1\
\x93x^\xc7j\xd0\x9f\x17(\x0bQ6\x98\x13Nb\
Z\xfd\xc2\x12Be@\x9aR\xb3\x80q\x0b\x15\xa1\x8c\
8\xfe\xe7\xc7\xa7X|\xc3\xb3\xdc\xf2\x12\xc6\xb7\xc6\x83\
o\x9d\xc7\x8fa\xfas\xce_\xd8\x08\xbe\x1d\x998x\
p\xf4\xe0\xdb\x1d nxb\xfcP\x17\x18\x97\xef\x88\
q;v\xf5\x10\xe4\xfa3\x83\xc9`nG>\x19\xd0\
\xed\xc8'\x02\xba\xfe\xfc@f'\x83\xba\x9dy\xd0Y\
\x8au@`\xe7\xae\x00\xd8\xbd1\xd0\x19\xed\xf2;\x06\
\x92\x01\xde\xc0`<\xe0\xe5w&@\xbc\x81|<\xe4\
\x89\xb8i\xa3\x1e\x97\x8dnP\xcfU\xbc6\x10\xb5_\
=/\xe8\xdbD\x9b=\xc1?\xc1\xd8l\x02\x00\xb9\xc3\
\x10A\xc0\x9d\x83\x99\x1d=\x84\xc0]\xf9X\x0c\x1c\xe8\
\x88\x81;v\xf5\x02\x05Y\xa8\x16P\x90\x06\x10Z\x7f\
,\xb6VW7\x82\x82t\x11\xdcS\x0c\xdc\xd1\x11\x03\
\x07\x07{\x88\x81;3\xbb\x92a\xe0@\x7f>\x11\x06\
\xee\x1c\xe0Q#\xc1\x85I\x16?\x18;<z\x10|\
\x87\xc9C\xef\x8e\x1c\xd9\x7fhx\x9f\xb8BhmC\
\x87\xabq\xfeA\xf3\xf6\xf7\xadg\xcf\x9cs\x8f\xd6\xbf\
\xb8\xe2\x9c\xfb-2t|\xd8\x1d\xcc{\x1e\xe6\xc0`\
f\xc0\x85\xdd\xfeL~\xc0\x07\xbb\xf0\xd8\x19u\x07\x93\
`.!\xfc\xbc\x9d\xcc\xc1X\xbc\x15\xb0 \xc4\xdb\xa3\
\xc3G\x18\xac\xb5\xd1\x8f)y\x1b\xfb\xdc\x17>\xe4#\
\x1b\xdd\x1b\x83\xdb\xe7\xdd$YD\x07\xd7\x80\xfe\xbf\xf6\
\x92\x1a\xe1\xf0|tA\xedW:\xe7\xe9\x87\xe05\xfd\
\xef\xd3\x8f[\x0f\x97q\xe8\xe7\xf6R\xeb\x97\xdb\x04;\
\xc2@\xcfV\xa9[\xd1\xf7M\x84\xfc\xff\xf1Ff\xa0\
g\xc8\xdf\xcf\x9dE:\x98I\x00\xf8\x07\xf2q\xc0\x1f\
\x0a\x0a\xecW-\xfb\x00@\x8d\xe6\x97,\xce\xe2\xd0\x8c\
2y\x1f\xda\x80v7d\xf0\xae\x97\xa1\xcd\xb8\x09\x0a\
\x13\xa6\x96r\xa3_\x81\x0do\x1cb\xa0b\x97\x86$\
Y\x0e\xee\xa6\xbb5\xc8\x16\xba\xb7\x83\x8e7\xd8\x02_\
\xf0\x9eZd\x17\xdd#:F6\x9c\xda\xadg\xe0\xb9\
\xea\xcf\x00\x08o\xe1\x93\x8a\x19\x0d\xe9e\xbb\x22\xbd)\
\xe5p{\xec%\xd8\x14:yh:%\x17\xb2Y\xd0\
\xd37\x87\xa4\x5c(\x95\x80mw\xd2\xf2\xc1n\xe2\xcd\
\xfb\xc8V\xbe\xb4\xdbe0\xf8\xdeeS*D\xa4\x82\
K\xb8\xec\x0d\x0dEY`\xedtL\xde\x08\xd0\x03\xf1\
XGU\xbb\x92\x92\xa1c|\x82\xa4\x9c\xa5\x01\x88\xa4\
\x00\xfa\xfd\x5cl\x97\xfa\xd3qB\xe4q\xc9\x04\x85\xc9\
p\xab\x92--!K\xde\xe8\xba\xa5\x09[~.|\
\xf4\xa5\xd7% \x01\xff\xef\x1f\x95\xa8\xc6\xd6\x90\x89w\
\x9a\x87k*S\xdaT;\x95\x87\x06g\xbd s_\
{\x87\xb8\xcf\xdd\x8c\x8c\xa85@\xe9\x14pH\xab\x86\
Tx\xb7\xfb\x9a\xc5{}5i-\xa6\x14\xf8\x09T\
\xc1\x98\xa8\x01w{C\xa9+$\x02L\xb2[b\x8c\
-\xa4\x83FinX\xd3\x8cY\xe0aHz\x8f\xb4\
\x0d\xf3\xf5;\xe0\xa6\xcb\xc7<\xf5&\xad\x92Q\xdb\xde\
\x1f\xad\xff\xae\xa2\xd5\x89>\xf8h\xed\x96RL4Q\
[\xf5\x7f\xc0\xa6\x0a\x85\xddW8\x0e\x99f\xbb\xe2\xee\
x\x90y&\x9c[\xd5\x05\x12\x00y\xef\x1d6\x9e\xbe\
02\xb8\x81v\xdc\xcb>n\xeaM!d\xa4\xa1R\
\xdeN\x83'\x8d \x80\x06Ev\xb2b\x82\xb0p\xd2\
\xc2\x7f\x1d\xd8\xff\x0e\xd8\xa4\xab]\xe9\xd8\xd4'\xa8\x96\
\xc1\xd1a2\x18}x\x9c\xd3\x9c,%\x5cb\x84\x93\
\xa9\x14\xd9\xeb&ir\xb8\xb4D\xa6f\x09\x9b\x03Q\
5\xb0\x0d\xf2\x80\x15\x09\xff.\x90'\x97n4\x1d\xcb\
\xd3v\xf6#\xb5\xbd\xbf\xcf\xd5V\xb7\x16\xd7\xd4\x85\x80\
\xeb\xd3\xa3tT\x06\x16\xb2\x99\xc0\xdeAJ\x09\x81\x13\
\x81\xf3\x15a^\xdd>>W\xc3\x1bW\xb2\xd2N6\
\xcc~`\x19\xba\xec\xa3B\xa4\xa8\xe3\xc8\xf6\x1cYg\
\x14+\x8a^\xc6\xca\xeb\xcfY\x89v\x12W#\x95H\
\x92\x1dQ\xad\xe0\xe0e\xf6\x1d:8\x92\xde&\xc8v\
\x09\xbeoG\xd1\xa1]\xd2%\xf2\x10-\xc4r\xbdh\
\xe3V\xcd\xd0-4\x8e_Et\x9e[\x82\xe9~\xe4\
[p\x02q{\xc8\x18\x82\x19,\x9f#3\x1c{\xf1\
WiG.\xc7M\xa9\xc3\x1c\xe2\xddy\x0d\xf38\xcf\
q\xd1\x08xC\x8b\xbe\xa9\x93K\xc8S\xf869\x92\
\x19\x02\xab$\xc07L!\xddVp\xf2\x92j\xb8\xbf\
u\x9e\x8b(`\xc9C\xea4\x9f\x15\xef{\x8a\xd2\xef\
c\xa2H\xf3\xdc(\xffd\xd5\xd9\xde,JXll\
\x7f\xddN\x1eI\x9fC>\x19K\xbe\x11\xf5\x89\x1a\xa1\
\xa8G\xd42\xdd\x9c\x18\x0e\xf9\x8d\xf4fZQ\xb5\xba\
\x89\xc4\xbd\xd9\xfe&yd\x9a\xe4~\xe5u\x8e\x8b\x05\
\xd4V)<\xc5\x19(V\xc4\xaaU\xc6.\x0efK\
G\xf6\xaca\x1e\x8f\xc1\xb5\x0e\xd0\x08\xb4bp.*\
!?\xf0\x05\xeb.tLf\x15c]\x1b\xef\xf4R\
8S\xca\x9bg\xc2\xc8\xca\x1fB\x8f\x0co\xc6\xc0\x1f\
x3\x06\xcdF\xb1a\x8c]\xc1\xe2\x92\xc9f\x0bF\
\xb3\x83\x9c)\xf5\x0d\x8b\x9a\xcd1.\xffiq\x12\xac\
\xe7\xd1\x155\xd0\xa7\xc3t\xb6v\xfd\x93@\xc7q\xeb\
\xae/2\xe4GY\xbe\xb3J\xdd\x14Qe\xb2\x0cI\
P\x8f\xa3\x1a\xac\x9c\x0f\x06C\x1a\xe02\x9fN\x98\xa9\
\xcc\x08\xb2j\x09D\x85\xc5\xean\xf2\xa6,\xf6#\x22\
\xab\xbfx_\xe2g\xf8\xf6\x94w\xd8\x15Pp0\x5c\
:\x99\x08\xd6\xe2\xaal5\xdf\xa9.+\x16\xaa\xac\x1b\
\xb3\xe3x\xa6=\xa0\xd8\x95\x8ci\xc0\x90\xa6p\xb6h\
\x06\xde\x03\x96d\xa5~X\x05\x05\x9c\xb4\xf6tx\x98\
\xa3\x22\xed\x10\x0f\xfb\x9a\xb1\xd5*x\x00J\xb5\xc6\xdc\
:\x9a\x8b\x0aN\xfa\xe8\xd8!\xa6\xa4i\xd1\x84\xeb\xd2\
`!\xa7\xa0\xd2\xb5\xa7a\xafX;N\x16\xf4\x02\xd2\
\xa28T\xa4\x011\xc5d<\xeeI\xca#\x0dAl\
\x88\xcd=B6)\xd1\x90\xfb\x1dY\xa7\xb9\xc9\xde8\
\x81y\x92\xe9<\xf6\x0cYfP\x804/\x88(\x9c\
j:\xa4\x8e\xb2\xf4s\x9a\xb3\xfc\xd9\xa3\xc6\xa5\x1f\x9d\
\xe5\x7f5._Y[\xb9\xebK{\xf5\xf4\x95\x04\xce\
\xd3\x1c\x99,\xc41\x85\x03\xbd\xfe\xbc\xd6\xcdr\xc8K\
q\xc5m\x84\x12\x5c9\x5c\x8ac&A\x83\xe5\xba\xd4\
\xc1\x22\x19\xdb\x8a\x05\x5c_L\xcf_\x83\x1awGu\
`5E\xfa\x10$\xdcK\x85\xa0{\xc0[Y!8\
\x1c\xf6R!\xb8q@d\x8f\xc3@0q[A\xa1\
&7\xe6}#\xfbG\xc6q\x92\x04\x9eMC\xf2\x89\
\x1f0\x91(`hHB23\x12\x92\xe0\xe9\x9cz\
\x1a\x096-\x88Z\xeb<\x12\xa2\x9cs\x7f\xbb\x9b\x18\
\x05\xff\x08ta\x07\xcfO\x94L\xbd^\xb8(Y\xbb\
=\x10eT\x83\xa7\x11\xb8Y\x07\x14\xbd\xaehc\xba\
R\xb3*\x86\xbda%\xa6\xf1\xb68\xb1\xb3c&\x89\
\xfbO\x95\xa8\xf5\xdd\xd9\xe6\xcd\xeb\xf1g-\xd2\xcf\x7f\
0Z\x0f\x9fx\xa7\xb2(K/T\xaf{/]\xaa\
W[J\xba~\x96z\xad\xea\xbeE1\x87=w\xcb\
'\xa3\xea\xe0\xb7\xd9x\x17 \xc4\xbc\xec\xf9\xc6r\xa1\
\x8b\x93[!\x22\xacm \xc1~E\xf7\xa7xk=\
\xa4\x98\x98s>\xcb\xe4sJX\x1b\x86\xb2\x5cF&\
(\x19M\xa8N\xd1LZ\xff1\x22\xb2\xfea\xaf9\
\x8b\x1f^\xb9\x8c\x17\x85\xe7U\x08\xacZ\xbc\x90\xf5\x90\
\x14\xaa\x1b \xcc\xbe\x81\x1d\xc0\x222\x12\x17\x8c|e\
;c\x11g\x8c\x1dS\x0d\x94\xc7\xee\x98LuZ\x16\
\x9ds;a\xb5\xf9#\xb5\xa2A\xa5v?\xbc\x9f\xaf\
K\xa0\xc0\x81\x0d\x9d\xdd\xd0\xc2nL\xad \xe1\x07(\
q\xc2\x0a\x9f\xa9\xa2\x01\xb0Xn\x8d\xa9\x0fP\xd1\x16\
r\x8b\xd3.0\xc3\xef\x1d\x8b:S\x86)\xa5p\x99\
\xe3hNR\xf5\x00m\xd1!<\xff\xc0\x92\x82\x99\x8a\
b\x1d\x9a\xd5\x0f\xb3t\xe9\x14\xd0\xe2\x1cd\xf3\xdcY\
C\x07\xd0\xaa#n\x01\xb2_\xc4\xf6U\xfcM\xbc\x07\
4\x8fqk\x90\xceeju\xab\x92B:6\xf9\x89\
#\xa3\xde\x19k\xc2\x0a\x0e\xd0\x0ca\xd9r\xbe\xcf\xd0\
hR\x87Sw\xed(\x07n\xcb\x17\xd6\xe5r\xc4\x1f\
z:\xbc\x94\xc2\x07\xf0.%\xbf&\x8bO\xcf\xbd\x12\
\x1c?w\xfd?\xbf\xc0\xb3\x02\xee\x8eSgu\xf7\xc7\
ld\x17\x01\xb8JD\x225\x02\xe9\xbb\xac\x05\x89\xa6\
x\xc7(\xbdP6)B\x83o]-\xe2>\xbd\xdd\
8w\x05\xa7I\xfc\xf4\xe1\xda\xea5\x0a\xfa\xbe\xd9\xc8\
G8\xdd\x81\xdb\xf9\x85N\x07-E\x87>E=\x8e\
=\x08\xe9\x85k\xe9f\xa7WW\xb0'\x1a\xfc\xca\xb6\
F\x83A%\x1aQ\x7fG\xc1\xd1\x01\xb3M\xd0\x0b\xe2\
\x8bh\xb6\x0b\x84\xce\xe0\x12\xf0\xc5AF\x0eM\x12|\
\x14S\xa4\x9fC\xf4\xba\xdaE\x0ev\xa7/\xc0\x08\x1d\
\xca\x05\xc1L5\x11\x99\xa8\xb6qg\xaa\xf88\x9d\x1f\
\xd2\xdc\xb3#\x82*\xc1 \x1b;G\xe2\x13\x16{!\
\x12\x16\xfb\x5c\x08\xec\x1cE\xef\xc1\x08\xf1\xd2\x17\xba\x03\
\xc3\x9b\xb8\x0d}8\xb4E\x5c\x08K t\x1bE\xc4\
\xd1\x0a\xedn\xb4\x1e\xfd\xa3\xf9\xe9}\x89\xe2e\x1b\xbd\
\xdcM\x8d\x90\xc7\xe7\xb2\x15\xb3\x026\xf4\x89p\xf76\
\xc3c\xf3\xb3\x8f\xd7\xbf\xfa\xa6q\xed\xd2\xda\xea-\xc2\
\x91+\xa3\xcdry\x84\x7f\xa1H\xc1\xdf8\xc5\x1ez\
\xe0\x882\xe2n\xb2\x1a\xfa>\xceU#\x9c\xca\xad\x87\
\x17\x1a\xd7\x1f\xd0\xfd\x82\xc8\x0d${\x0d\xad^\xd5\xe9\
}3~\x19(z\xb1b\x98VfZ\xd5\xb4\x02\x9e\
D`\xee\x8a~\xad\x02\x08\xaa\xf8PS\xff\xae\xf6G\
\xab\xa6\x14IFX\x7f\xde\xaf\xbco\x9bF\xbd\xb6\xc7\
8\x19I\x17\xf2_)\xb3\xf6\xf4K|\x96\xec\x93{\
$\x1f2X\x902I8:J/\xaf\xf1\xdfr\xe2\
\xfe\x89:\x94\xacc\xe2\x0e\xe6y\x99\x92\xac\xa3\x83a\
&\xf0\xdf\x11cV\xccE\x5c\x7fxe\xe3\x9b\xa2\xd4\
\xa6\x82\xa9b\x91)\x15\x9d\xb4\xbd\x13\x14\xb7W\x9aw\
NI\x13G\xf6\xcbiq\x0d\xc6\xa0w\xa6\x94,,\
\x86\xf1\xd3\xbb{\x11Na\xe4W]\x10\xb1\x887\xc5\
\xe9\xc5,1l\xe2\x0c7\xff=,\x1d\xd9K$\xbf\
\xb6\x00D\xf7\xb9pr\x82\x8b\xa8bh%d\x8e\xfb\
$'N\xed\x8a\x11\xa4\x854\xf0\x96\xf7\xcc\x1d0\xea\
\x16\xea\xc4&\xccn%\x15/\xb2\xdfRu\xd5\xaa\xa0\
R!z\xa7Nh\xb3\x1f\xd0\xde\xa6\x09\x07Iz'\
\x1c\x9f=\xb0\xb8\x87y.\xa9\x0e\xad|\x0a\xb0\x1d\xd7\
mC\xdf\xab\xa9\xc5\xe3\xdc\x1eD\xae\xda\x09v'z\
\x13\xcf\x0b\xed\xdba|\x19S\xe3\x93%v\x9bU\xf2\
\x0eFV\xb3\xf3\x9c\x9bqj\xee\x91\xd7\xc0\xb1\xe3\xf4\
\xf3\x1d-\xdf\x0cB\xa3D\x09;\x16C\xdf\xe78w\
\xb8\x1bK\xd0\xb1\x84\xaf\x17^\x1c\xbc\x06\xa7,\xff\xdf\
\xd8\xac\x8a\xd7\x12\x1d\x90\x8b\xb9\x15\xb4p\xb2\x91i-\
\xfe\xe0\x5c\xb8\xdf\xfa\xf1\x91\xb3\xfa\x19\x9d\xb0\xe3F\xa6\
XA\x01\x85\x0b\xf91=\x07s\xaa\x0d\xe3\xe4\xfc\xb8\
\xb0U\xbcOL\xf9z\xae:\xdc8\x7f\xafu\xe7c\
\xea\xcetg\x96\xdcK\xd9`\x05\xaair\xba\x1b5\
\x14\xa7\xd2t\xe9\xe74\xce_\x84A\x97\x88\xfb\xcb\x1d\
\xf3\x97\xceN\xcf\x9c\x1d\x8a\xe3\xad\xe5\x87\xce\xb3\x8f\xb6\
\xa4\xbbS%;\x1c#l\x9e\xe8\xb1\xd7#\xf0cx\
\xbb$\xe9d\xf2\xec\xb2jb\xe7G(\xc8\xbdFu\
\xca\xe0X\x14_\x8e\x07\xc8\xb4\x0a\xc5;\xca\xb0\x06\xb3\
\x16\xac\xfbQ\xe9\xa8{\x17fN\x5c\x07\x9f\x83\x03\x1b\
\xf2\x12\xb7\xd9\x8e\xb6|xb\xdc\xb7\xb1w\xec\xf9N\
\xe2\x97\xaf\xae\xf7j\xe2\xc6\x8b`\x8e\xe2\x05|1z\
z\xa0\x13%~\xde\x22E8\x0an\xcd\xa7+\xce\xa3\
\xabI\xed0.\xa37\xb1`E\xd1\xcc\xa4Ba{\
\xe6\x5c\xff4\x91D8\xb9fB\x13\xf5\xf8\xf3\xa5\xa1\
\x09\xd8H \xb7\xd8\xf4\xb4\xe4\x03H\xcf\x84\xb5\xee}\
\xdb\xf8\xe7\x15gqe\xfd\xd3/h\x08\x01\x99f:\
\x19\xcd$\x03\x18\xe3\x09&\x1e\xe3h\xe0\xafs\x9b\x22\
\xd5\xefKZ\xd5\x83\x99\x0c;m6\x9e\xacvM\x98\
\xfb\x22L;\x11n\x9dv\x11\xc9\xf6\x9b\xa3s\xed\x12\
,\xde\xba\xdcT\xe5\x8eL7\xbd\x88\xde\x13\xd8\xbb\x0e\
%\xbe<p\xd3\xca\xf8\xfc\x164X\x7f\x86M\xa4\x88\
\xe4\xd2\x9e\xe1\xfc\xa0\xb0yo+<\x19\xbe\xc3\x8eA\
\x0bg\xc3\x88G!\xcf\xbf\xaf\xe3\x0f\xef\x13\xd7\x00\xbd\
/\x17\xe0'\xbbZ\xe0}\xb9\xcf\xfb\xd8N\x80\xc4E\
\xf2\xf9\x5c\xee}}A\x16$Q\x99J\xed\x009h\
\x8d\xdb\xc0\x11\x91\xccA\xe3(\xbc\xdc\xb0_>V4\
\x0dM{WE\xb3a\x09'\x91\x96\xaf\x8c+ \xb1\
C\xce\xcf, \x94\xa9\x0f\x9e!O1N6\x8e\xa7\
F?\x8b\x96\x16\xfc%\x86/\xd3\xac\xf1\xf3}\xe7\xcc\
\x92h\xd2M\xb6\xd6\xe8\xdc\xc5\xeeV\x1d]\xad>\x92\
/\x0d\xf0\xdf[\x9a1\xdb9p\x91`<\xbao\x9a\
,\x86P\x0d\x81\x1d\x98I\x10\x8e\xb9\x95\x0c\xe4BW\
~u\xae\x0e\x95Q\x99\x1c\xb0\xee\xecIF\xbdJ\xd2\
\xf8>\xc5Vh>d\xb2\xaa\xd1\xd5u \x83\xdd\xa3\
\x99\xee\xc5\xc4\xbf!\x9f\xa0\xe3bt\xa3k\xa9\xee\xd4\
 \xf9\x88\x04V\xab\xf4\xa6V\x92\xc7\xd7zv\x0d<\
\xaf$\xbertP8\xd9\x9f\x9bt\xb36\xd8\x9f\xdb\
K\xcd[\x17\x9d\xd5k\xf8^W\x92:\xb5\xb1\xfe\xf0\
s\x017\xd9\xa5Q\x1bU\xa5y\x81\x1et\xd0\xbf\xcd\
\xcc\xf5]\x019\xbd\xc0\x1d\xc7\x8a^\x02\xf8\x96\x07p\
\xff}\xff\x7f\x12\xf8\x8e\xecY\xbc0\x08\x7fa&\xe4\
,/\xb5\xce\xaf\xbc4\xa1?\x83\x09\x05/i\x7fi\
C[\xc5\x86Z?>s\xee.\xbe\xb4\xa1?\x83\x0d\
\x05.\xb7\x7fiB[\xc6\x84\xee\x9dm\xdd;\xff\xd2\
\x84\xfe\x0c&\x14\xb8\xea\xff\xa5\x09m\x99\xc5\x90/\x19\
\xf3\xa5\x11mu#\xf2\xfe+\x09\x7f.\x03\x9a\xd8\xc2\
\xf6\x93$\xd4\x9d,\xd5v\xe5\xe2\xda\x93\xdf\x1a7\x96\
\x9c?n$\xcd>I\xb2o\x90\xc7\x97\x1cn\xd14\
\x15|\xa7\x22o\x07\xc0\xbf\xc7\xa2\x19e\x5c\xa4g\x1b\
+\xd1-\x03^\xe1\xa2\xa6\xd6\xe2\xbe3\xbb\x0a\xde\xfd\
(\xb6\xa1D!P\x06\x19\xac\xc3\x9d0#A\x8e\x1c\
\xedu\x87\xd4\x9c\x90\xd1\xb6/\xf5\x88\xaf2m\x00\xac\
M+UU\xc3\xff\xa9\x92\x03\x86n`\x86\x90\x9c(\
\xc2\x1b\xce\xf4\x18\xccm0\xb4L\xee\xf5\xea\xa2s\x91\
c\x94\x9d\xf7\xba2\xfc]\xae\xcd\xc4\xad\x17\xba\xccJ\
\xa1[e{\x1433\x83\xf0\xfd\xc9\x0ah\x9e\xf7N\
\x9a\xff\x7f\xce\xd1\x1c\xecQ6\xe1\xf2\x13\xfc\x1f\x12\xb8\
\xbb\xd8\xf8\xb9\xcb,\xe6H\x96\x0b%B\xb2#\x12\x1f\
\xbd\xed6\xdd\xb7c\xa8\xba'2y|\xa6\xf9\xfd\x0a\
\x7fN\x88\x97I\xfb\x10po&3\xf6\x0f\xe9\x17\xfd\
\xdf\xff\x01\x17j\xd4{\
\x00\x00\x08\xff\
p\
ragma Singleton\x0d\
\x0aimport QtQuick\x0d\
\x0a\x0d\x0aItem {\x0d\x0a\x0d\x0a   \
 function get(ur\
l, success, fail\
ure)\x0d\x0a    {\x0d\x0a   \
     var xhr = n\
ew XMLHttpReques\
t();\x0d\x0a        xh\
r.open(\x22GET\x22, ur\
l);\x0d\x0a        xhr\
.onreadystatecha\
nge = function()\
 {\x0d\x0a            \
handleResponse(x\
hr, success, fai\
lure);\x0d\x0a        \
}\x0d\x0a        xhr.s\
end();\x0d\x0a    }\x0d\x0a\x0d\
\x0a    // POST\x0d\x0a  \
  function post(\
url, arg, succes\
s, failure)\x0d\x0a   \
 {\x0d\x0a\x0d\x0a        //\
 WARNING: For PO\
ST requests, bod\
y is set to null\
 by browsers.\x0d\x0a \
       var data \
= JSON.stringify\
(arg);\x0d\x0a\x0d\x0a      \
  var xhr = new \
XMLHttpRequest()\
;\x0d\x0a        xhr.w\
ithCredentials =\
 true;\x0d\x0a        \
xhr.onreadystate\
change = functio\
n() {\x0d\x0a         \
   handleRespons\
e(xhr, success, \
failure);\x0d\x0a     \
   }\x0d\x0a        xh\
r.open(\x22POST\x22, u\
rl);\x0d\x0a        xh\
r.setRequestHead\
er(\x22Content-Type\
\x22, \x22application/\
json\x22);\x0d\x0a       \
 xhr.send(data);\
\x0d\x0a//        // W\
ARNING: For POST\
 requests, body \
is set to null b\
y browsers.\x0d\x0a// \
       data = JS\
ON.stringify(dat\
a)\x0d\x0a\x0d\x0a//        \
var xhr = new XM\
LHttpRequest()\x0d\x0a\
//        xhr.wi\
thCredentials = \
true\x0d\x0a\x0d\x0a//      \
  xhr.addEventLi\
stener(\x22readysta\
techange\x22, funct\
ion() {\x0d\x0a//     \
     if(this.rea\
dyState === 4) {\
\x0d\x0a//            \
console.log(this\
.responseText)\x0d\x0a\
//          }\x0d\x0a/\
/        })\x0d\x0a\x0d\x0a/\
/        xhr.ope\
n(\x22POST\x22, url,tr\
ue)\x0d\x0a//        x\
hr.setRequestHea\
der(\x22Content-Typ\
e\x22, \x22application\
/json\x22)\x0d\x0a\x0d\x0a//   \
     xhr.send(da\
ta)\x0d\x0a//        x\
hr.open(\x22POST\x22, \
url)\x0d\x0a////      \
  xhr.setRequest\
Header(\x22Content-\
Length\x22, arg.len\
gth)\x0d\x0a////      \
  xhr.setRequest\
Header(\x22Content-\
Type\x22, \x22applicat\
ion/x-www-form-u\
rlencoded;\x22)  //\
\xe7\x94\xa8POST\xe7\x9a\x84\xe6\x97\xb6\xe5\x80\x99\
\xe4\xb8\x80\xe5\xae\x9a\xe8\xa6\x81\xe6\x9c\x89\xe8\xbf\x99\xe5\
\x8f\xa5\x0d\x0a//        xh\
r.onreadystatech\
ange = function(\
) {\x0d\x0a//         \
   handleRespons\
e(xhr, success, \
failure)\x0d\x0a//    \
    }\x0d\x0a//       \
 xhr.send(data)\x0d\
\x0a    }\x0d\x0a\x0d\x0a\x0d\x0a    \
// \xe5\xa4\x84\xe7\x90\x86\xe8\xbf\x94\xe5\x9b\x9e\xe5\
\x80\xbc\x0d\x0a    function\
 handleResponse(\
xhr, success, fa\
ilure){\x0d\x0a       \
 if (xhr.readySt\
ate === XMLHttpR\
equest.DONE) {\x0d\x0a\
            if (\
xhr.status ===  \
200){\x0d\x0a         \
       if (succe\
ss !== null && s\
uccess !== undef\
ined)\x0d\x0a         \
       {\x0d\x0a      \
              va\
r result = xhr.r\
esponseText\x0d\x0a   \
                \
                \
success(result)\x0d\
\x0a               \
 }\x0d\x0a            \
}\x0d\x0a            e\
lse{\x0d\x0a          \
      if (failur\
e !== null && fa\
ilure !== undefi\
ned)\x0d\x0a          \
          failur\
e(xhr.responseTe\
xt, xhr.status)\x0d\
\x0a            }\x0d\x0a\
        }\x0d\x0a    }\
\x0d\x0a\x0d\x0a    Componen\
t.onCompleted: {\
\x0d\x0a    }\x0d\x0a\x0d\x0a}\x0d\x0a\
\x00\x00\x00D\
s\
ingleton ApiClie\
nt 1.0 ApiClient\
.qml\x0d\x0asingleton \
Urls 1.0 Urls.qm\
l\x0d\x0a\
\x00\x00\x03\xca\
\x00\
\x00\x0e\xaax\xda\xb5W\xddo\xda:\x14\x7fG\xea\xff\
p\xc6\x0b\xa9\x86\xc8{\xa4i\xdael\xeb\xb4\x8d\xb5\
p\xb5Gd\x127\xa4u|\x22\xdb\xa1EU\xff\xf7\
\x1d;\x1f%i \xd0\xab\xfb\x92\x90\xf8\xfc>||\
|\x1c2\xc5\xe2\x94\xc1\x22\x91\xb1\xe0\x06\xe5 I3\
T\x06\xae\xcdu\x9e\x84\xf7\xd5\xe3p2\xf1\xef\xb4\xff\
\xcd\x98lr\xa7\x87\xc04\xd8\xdf\x83\x8b\xc1\xb5\x99\xaf\
\xefxh\xe0\xe9b\x00\x90D\x01\xb0,\x99\x8a\x84K\
c_\xf8>\xdc \x1axHd\x84\x0fp\x8b\x0aL\
\x92r\xa5\x81\xc9\x08\xa2\x84\x09\x8c\xb5\x0d\xcc\x14f\x5c\
\x99\x1dl\x99\x02E\x90\x12=S\x8a0\x19fy\x06\
\x1b\xc4{\x1b\xb8M\x22\x1e\xc1zW\xc75\xc0z\x83\
\x0f\x0eu1\xb0c\xb7\xb9\x0cM\x82\x1247\xff0\
\xcd\xbd\x5c\x89\xcb'g\x7f\xb2\xa6g\xf8\x00\xf4\x06\x9e\
\xdb\xb1K\xb2\x89\xb9\xf1R]E\x9b\xe2\xcdOM\x90\
T[D\xe9\xf1\xebl\xb9\x0f\x8e\xb9\xf12f6c\
@9\xbf\xb7W\xb2S\x91\xd8Ak{\x0c\xafB\xc6\
/\xd6/\xe1\xb9\xa6\xa6\xdc\x99\x0d\xe9B,p\xcd\x04\
\xf0\x97\x8c\xb4Ti\xc9\xde,-s!j\xd5\xdf\xf3\
\xc5\x12\xbe/\xe6\xbf\x1aI\xc9PW\xeck\x8cv\x9d\
\x1a6\xe6\xbbF\xd9\x10z\x15\xdd\x9ci\x99\xc5\xcf\xb3\
\x1f\xb3\xe5\xac\xa1\x18qqx:v\xf0\xa4L\xb6\xea\
 Di\x14\x0a\x8f\xb9\xc7q\xc6\x14K\xf5\xb8!`\
\xe3\xa1\x98\xef\xc8/\xe3Gcx\x1a\x16\x98aPb\
\x87\x05x\x18\x14\xf7\xe7\xa6O\xcb\xf2R$S\x94[\
.i_\x84\x1c>\xfd\xbe\xd2\xcdz3L\x99\x9b\x5c\
z\xcdyVVGn\xdc:hI\xb4\xcb\xd6`v\
\x94\x05\xb3\x13H\xb8Yd\x9cG\xde\xf6\x0b\xd3\x94\xdd\
\xed\x1fT\xf7\xed\x15\xa89S\xb4\xa0\x09\x81V\xda\xa2\
,?lW\xb7\x04\x0d\xa0bX=\x10EP0\xc1\
q\xf5;\x8c=\xf6\x98\xe815\x07\xbb\x8e\x96\xb3O\
\x9c0N\xd6\xe2\x02\xa8\xd1\xdc1\x06{DAq\xeb\
\xb1\xb0\xc1\x94{\xc7\x15m\xc8I\x99\xb43\x9e\xab$\
N\xa4\xd7\x9f@\x9b\xa5\x15\xba\xe8\x93\xc8\xa7;Am\
\x95+\xcf^\x1f).\xe3\xf2`\xae\xc22\xd8*\xb9\
l9P\x00{\xd8\x00\xde\xbd\xb3w\xe8U\xfe$D\
%\xae\xbd\x93eWL\xb8mt\x96\x98a&\xd7\xad\
\xe4\xd9N6\xf2\x8b\xa1\xd1Q\xb8A\x14?\x12\xda\xc7\
]\x04\xd5\xe0\xa8o\xba\x86\x8eG\xfd\x85\x9bp\xe3\x1d\
\xed\xab\xe4\xa9\x0c\xf6]G\xe0\x86\xf23\xeai}\xdd\
BSfx\x8cj\xe7\x85\xe5\x8f\x9e\x96\xde)\xed\x8f\
\xe0=P\xc7\xc1\x88\xff{s5E:\xcc%\x1d\xcc\
5\xe7\xe5\xb9\xd6\x16l\xcb;\x9cel'\x90E\xdd\
'B\xbe\x7f \xbc\xd5f\x97\xc2\x09~\xaf\xdc\xe7K\
\x87\xe3\x1dK\x05udC2m\xd7e\xdb\x7f\x8bO\
\x1a\x1e\xf9\xc5'\x93\xab\xf3\xb0P\x08\xf6\xe5\xfa7\x97\
\x93\x9d=\x1ep\xfe?T\x81\xb3\xcd\x1fK\xdb\xe7e\
x\xd9\xbd\xc1\x0e\xfb\xb2\x9b\xee\xfc=a\x0b\xcfJi\
\xcf\xe1\xcf\xab\xb4J\xf2\xc9\xb5\x03:\x22\xdc\xad\xb5\x10\
GL\x84L$k\xc5\xec\xef\xce>\xb2M4\x0d\xf9\
{a\x9d\x1d\x85>\x02\x96\x5c\x1bHR\x16\xf3\xe6\xf9\
/(\x83v\xec\xca\x0du7+\x1a\xf6\x0b\xe8\xf1~\
e\xf7I\xcd\xe5I*\x82\x03\x15\xee\x18m\xf4\xca\xd1\
~\xb4\xa1\x1f\x0e\xd4\x8a\x1d\xbb\xec=\x93,\xd9g~\
\xcbrQ\xaa\xf7\xe8FE\xec\x81\xc3n?g\xb1\xc2\
<{\x9d\xb3\xaf\xee\xf5\xe1|9\x98/z{|\xcd\
U.\x80\xe6\x8a\xfe\x9a\xb4\xf3\xf6\x8a\xf8@\xb2\x0at\
\xd5\x0d\xfaW,T\x9c\xb6\xa2\xd3\xaf\x95%\x9a\xa3\xeb\
V\x18(\x90\xae\xb4\x0b`\x00\xfb\x04\x81\xbb\xf6t\x1c\
\x16En\xd6Kl9\xe8\xa9\x9c\x93S@\x02\xff\xad\
\xc2\x5c-\xfc\x05\x91\xda\xf9\xe7\
\x00\x00\x03\x8c\
p\
ragma Singleton\x0d\
\x0a\x0d\x0aimport QtQuic\
k\x0d\x0aimport \x22../co\
res\x22 as Cores\x0d\x0a\x0d\
\x0aQtObject {\x0d\x0a  /\
/ Host and port \
from CoreSetting\
s\x0d\x0a  property st\
ring host: Cores\
.CoreSettings.ap\
iHost\x0d\x0a  propert\
y int port: Core\
s.CoreSettings.a\
piPort\x0d\x0a\x0d\x0a  func\
tion base() {\x0d\x0a \
   return 'http:\
//' + Cores.Core\
Settings.apiHost\
 + ':' + Cores.C\
oreSettings.apiP\
ort\x0d\x0a  }\x0d\x0a  func\
tion api(path) {\
\x0d\x0a    if (!path)\
 path = ''\x0d\x0a    \
if (path.length>\
0 && path[0] !==\
 '/') path = '/'\
 + path\x0d\x0a    ret\
urn base() + pat\
h\x0d\x0a  }\x0d\x0a  functi\
on wsStatus() {\x0d\
\x0a    return 'ws:\
//' + Cores.Core\
Settings.apiHost\
 + ':' + Cores.C\
oreSettings.apiP\
ort + '/ws/statu\
s'\x0d\x0a  }\x0d\x0a  funct\
ion wsLogs() {\x0d\x0a\
    return 'ws:/\
/' + Cores.CoreS\
ettings.apiHost \
+ ':' + Cores.Co\
reSettings.apiPo\
rt + '/ws/logs'\x0d\
\x0a  }\x0d\x0a  function\
 wsCode() {\x0d\x0a   \
 return 'ws://' \
+ Cores.CoreSett\
ings.apiHost + '\
:' + Cores.CoreS\
ettings.apiPort \
+ '/ws/code'\x0d\x0a  \
}  function docs\
() { return base\
() + '/docs' }\x0d\x0a\
}\x0d\x0a\x0d\x0a\x0d\x0a\x0d\x0a\x0d\x0a\
\x00\x00\x00f\
i\
mport QtQuick\x0aim\
port QtQuick.Con\
trols\x0aListView{\x0d\
\x0a\x0d\x0a    ScrollBar\
.vertical: Scrol\
lBar{\x0d\x0a\x0d\x0a    }\x0d\x0a\
}\x0d\x0a\x0d\x0a\
\x00\x00\x00f\
i\
mport QtQuick\x0aim\
port QtQuick.Lay\
outs\x0aItem {\x0a    \
Layout.fillWidth\
: true\x0a    Layou\
t.fillHeight: tr\
ue\x0a}\x0a\
\x00\x00\x00\x5c\
i\
mport QtQuick\x0aim\
port QtQuick.Con\
trols\x0aMenuItem {\
\x0d\x0afont: fontConf\
ig.menuFontInfo.\
font\x0d\x0a}\x0d\x0a\x0d\x0a\
\x00\x00\x00;\
i\
mport QtQuick\x0aim\
port QtQuick.Con\
trols\x0aScrollBar \
{\x0d\x0a\x0d\x0a}\x0d\x0a\x0d\x0a\
\x00\x00\x02[\
i\
mport QtQuick\x0aim\
port QtQuick.Con\
trols\x0aItem{\x0d\x0a   \
 height: parent.\
height\x0d\x0a    widt\
h: height\x0d\x0a    i\
d: root\x0d\x0a    pro\
perty string too\
lText:\x22\x22\x0d\x0a    To\
olTip.text: tool\
Text\x0d\x0a    ToolTi\
p.visible: toolT\
ext!=\x22\x22&&hovered\
\x0d\x0a    property a\
lias hovered: it\
De.hovered\x0d\x0a    \
property alias s\
ource: icon.sour\
ce\x0d\x0a    signal c\
licked()\x0d\x0aItemDe\
legate{\x0d\x0a    id:\
itDe\x0d\x0a    anchor\
s.fill: parent\x0d\x0a\
    onClicked: r\
oot.clicked()\x0d\x0a}\
\x0d\x0aEffectImage{\x0d\x0a\
    id:icon\x0d\x0a   \
 width: itDe.hov\
ered? parent.wid\
th*0.9:parent.wi\
dth*0.7\x0d\x0a    Beh\
avior on width {\
NumberAnimation{\
duration: 300}}\x0d\
\x0a    height: wid\
th\x0d\x0a    anchors.\
centerIn: parent\
\x0d\x0a}\x0d\x0a}\x0d\x0a\x0d\x0a\
\x00\x00\x01\x1f\
/\
* \xe5\xa4\x96 \xe9\x98\xb4\xe5\xbd\xb1 \xe5\x9f\xba\
\xe7\xa1\x80\xe7\xb1\xbb \xe6\x96\xb9\xe4\xbe\xbf\xe7\xbb\x9f\
\xe4\xb8\x80\xe9\x98\xb4\xe5\xbd\xb1\xe6\xa0\xb7\xe5\xbc\x8f\x0d\
\x0a*/\x0d\x0aimport QtQu\
ick\x0d\x0aimport QtQu\
ick.Controls\x0d\x0aim\
port QtQuick.Lay\
outs\x0d\x0aimport Qt5\
Compat.Graphical\
Effects\x0d\x0a\x0d\x0aDropS\
hadow{\x0d\x0a     vis\
ible:true\x0d\x0a    h\
orizontalOffset:\
 3\x0d\x0a     vertica\
lOffset: 3\x0d\x0a    \
 radius: 8.0\x0d\x0a  \
   color: \x22#8000\
0000\x22\x0d\x0a    }\x0d\x0a\
\x00\x00\x01L\
\x00\
\x00\x04ix\xda}\x93\xcdm\x840\x10\x85\xefH\xf4\
`Q\x80\xf7\xce19E\xcae\xb5\x15\x18\xf0\xae,\
\x8c\x07\xd9&\xca&J\x059\xa6\x8ft\x90n\x92>\
\xe2\x1f~l\xd6k\x84\x04\xf3xof\xa4\xcf\xb0a\
\x04\xa9\xd1Q\x1f'\xd6\xf6\x05\x8bJ\xfc\x08BK\xe0\
\xaax\xd2t@\xefe\x81\xcc\xc5\xbaZ\x02h_\x8c\
\x12F*\xf5\x15\x11\xce\x88B-\xd1\xf4\x02\xf2Z#\
E\xb5\xc6K\x99\xf4\x9eM\xf3\x1aq\xd2`\xfb\xb6\xb3\
(-\x99\xb8 A\x06ZW\x95\xff\xf8L\x1a\xca\xe7\
%\xe6ELz\xabm\x1b|&\x03\xe3f~\xf5\xf7\
\xfd\xf9\xfb\xf35G?v\xed\x1b\x00\x8ez*\x85\x19\
\xb2\xed\x80g%\xbd\xee\xdcx5{!\xe9m\x80w\
\x81\xd3\x96I\x1f\xd3\xe6\xd9\x06N/$\xbd\x93\xe8\xa8\
\xe4L\xd0\xc0\xbej\xc9\xc4\x08L\xe8\x13{\x0b\x13\xab\
V\x16\x87C*\xc3^)\xdfg\x16-9\x05^n\
\xd6Z\xa4\xa4\xdf\x92\xed)L\x01{\xbcj>q2\
g\xc7`P\x0fD\xd1\x98\xb7=U\x9bp\x87\x90=\
\x9d\x11\x9d\x84we\xef\xcc\x11\xf7\xbb<\x9duc\x99\
\xe1\xe9\x9c!\xcb<Og\xdf\xb1\xcc\xf3t\x89\x1b\x96\
y\x9e>\x13\xb3\xcc\xf2t\x81\x98e\x9e\xa7\x0b\xecX\
\x9a?\xcf\xdce\xf1\x0f\xd1>s,\
\x00\x00\x00n\
i\
mport QtQuick\x0aim\
port QtQuick.Lay\
outs\x0a// \xe5\xa1\xab\xe5\x85\x85\x0d\x0a\
Item {\x0d\x0aLayout.f\
illWidth: true\x0d\x0a\
Layout.fillHeigh\
t:true\x0d\x0a}\x0d\x0a\x0d\x0a\
\x00\x00\x00A\
i\
mport QtQuick\x0aim\
port QtQuick.Con\
trols\x0aApplicatio\
nWindow {\x0d\x0a}\x0d\x0a\x0d\x0a\
\
\x00\x00\x03\x7f\
i\
mport QtQuick\x0aim\
port QtQuick.Con\
trols\x0aimport QtQ\
uick.Layouts\x0aSel\
ectRectangle{\x0d\x0a/\
/ \xe5\x8c\xba\xe5\x9f\x9f\xe9\x80\x89\xe6\x8b\xa9\xe7\x9a\
\x84\xe5\x9f\xba\xe7\xa1\x80\xe7\x9f\xa9\xe5\xbd\xa2\x0d\x0ap\
roperty real sta\
rtX: 0\x0d\x0aproperty\
 real startY: 0\x0d\
\x0aproperty real e\
ndX: 0\x0d\x0aproperty\
 real endY: 0\x0d\x0ap\
roperty real min\
X: Math.min(star\
tX,endX)\x0d\x0aproper\
ty real maxX: Ma\
th.max(startX,en\
dX)\x0d\x0aproperty re\
al minY:Math.min\
(startY,endY)\x0d\x0ap\
roperty real max\
Y: Math.max(star\
tY,endY)\x0d\x0awidth:\
 Math.abs( endX-\
startX)\x0d\x0ax:Math.\
min(startX,endX)\
\x0d\x0aheight:Math.ab\
s( endY-startY)\x0d\
\x0ay:Math.min(star\
tY,endY)\x0d\x0a//prop\
erty real absX: \
endX-startX\x0d\x0a//p\
roperty real abs\
Y: endY-startY\x0d\x0a\
//function refre\
shX (){\x0d\x0a//width\
= Math.abs( endX\
-startX)\x0d\x0a//x=Ma\
th.min(startX,en\
dX)\x0d\x0a//}\x0d\x0a//func\
tion refreshY ()\
{\x0d\x0a//    height=\
 Math.abs( endY-\
startY)\x0d\x0a//    y\
=Math.min(startY\
,endY)\x0d\x0a//}\x0d\x0a//o\
nEndXChanged: re\
freshX()\x0d\x0a//onEn\
dYChanged: refre\
shY()\x0d\x0a}\x0d\x0a\x0d\x0a/*##\
^##\x0d\x0aDesigner {\x0d\
\x0a    D{i:0;autoS\
ize:true;height:\
480;width:640}\x0d\x0a\
}\x0d\x0a##^##*/\x0d\x0a\x0d\x0a\
\x00\x00\x00]\
i\
mport QtQuick\x0aRe\
ctangle{\x0d\x0aborder\
.width: 1\x0d\x0aborde\
r.color: \x22#0078D\
7\x22\x0d\x0acolor:\x22#4300\
78D7\x22\x0d\x0a}\x0d\x0a\x0d\x0a\
\x00\x00\x01n\
\x00\
\x00\x05\xd1x\xda\xe5\x93\xbfN\xc30\x10\xc6\xf7H}\
\x07\xab\x130\xa4\x056/\x08\xca\xc2\xc0Px\x80\xca\
\x8d\xaf\x89\x85\xe3\x8b.\xd7\x22\x88\xfa\xee8q\xd2\xf4\
/\xaa\x04\x13$Qt\x9f}\xe7\xf3\xf7sb\xf2\x02\
\x89\xc5\x94\xa7K\x93\xbcEfG\xc6\x13tLh\xcb\
\xf8Y1\x90Q\xf6TB\xf4\xc4\x90W\x83H\xb9$\
C*\xe3\x85\xb1V\x8aB\x118\x1eD\xc2_FK\
BlEAX\x00\xf1\x87H\xd0\x22\x899\x92\x9e5\
\xa1\x1c\x12\xe8\xe1h$\x1e\x1b\x19\x93rzRG\x17\
\x97{\x95\x04\xca\x0a\xe3\xbb\xce\xde\x8d\xe6L\x8a\x9b\xbd\
\x849\xa2\x15\xb4t\xc6\xa5R,\x94-\xe1\xd8\x0az\
I\x8a\x0d:)n\xc7\xe3c\x09\x16\x5c\xca\xd9\xacL\
\x94\x05)\xae\xe36\xe9\x05\x12V.\xb5P\x05]_\
\x9dy\xc6\xa2\xf3^\xc7}B\x06&\xcdXnm\xbb\
\x9f\x0b\xf6\xb7P\xf4S\xad\xc1\xe0\xe5\xae]\xb8\x19\xbc\
\xda\xd9\xdd\xb8/y\x80L\xad\x8cG\x8b.\x94\x8b\xea\
5\xf7\xf83\xd0\xf7\xce\xe4\x8d\xe5\xaa\xf7^\x9fL\xdc\
\xc9\xf5\xfa\xd0\x92\x7f\x99O\x7f\xd6\xcaN|s\xa0\x8d\
\xbf\xfd\x89P\xba>\x0d\xe9\x1b\x9f]\xb392c\xbe\
i\x11\xe4y\x14\xff\x1b*\x0b\x0b\xde4\xa8\xc5\x01\x8a\
c\x94Z\x82-\xa5\xc6Q\x18:\x0bRH\xfd!\xa5\
\x95\xff\xc3Lr\xc0hw\xf87\x08Q\xf8X\x9a\x0d\
5\xf1\xdf$\xe4\x9fp\x7f\x01g\x81\xe1\x8c\
\x00\x00\x00:\
i\
mport QtQuick\x0aim\
port QtQuick.Lay\
outs\x0aRowLayout {\
\x0d\x0a\x0d\x0a}\x0d\x0a\x0d\x0a\
\x00\x00\x01d\
i\
mport QtQuick\x0aim\
port QtQuick.Con\
trols\x0aimport \x22..\
/../cores\x22 as Co\
res\x0aItemDelegate\
 {\x0a    implicitH\
eight: Cores.Cor\
eStyle.cardHeadH\
eight\x0a    height\
:Cores.CoreStyle\
.cardHeadHeight\x0a\
    property str\
ing tipText: \x22\x22\x0a\
    ToolTip.visi\
ble: tipText!==\x22\
\x22 && hovered\x0a   \
 ToolTip.text: t\
ipText\x0a    Frame\
{\x0a        enable\
d: false\x0a       \
     anchors.fil\
l: parent\x0a    }\x0a\
}\x0a\x0a\
\x00\x00\x009\
i\
mport QtQuick\x0d\x0ai\
mport QtQuick.Co\
ntrols\x0d\x0a\x0d\x0a\x0d\x0aLabe\
l {\x0d\x0a}\x0d\x0a\
\x00\x00\x0c\x8b\
i\
mport QtQuick\x0aim\
port QtQuick.Con\
trols\x0aimport QtQ\
uick.Layouts\x0aimp\
ort QtGraphicalE\
ffects\x0aimport Qt\
Quick.Controls.i\
mpl\x0aimport QtQui\
ck.Controls.Mate\
rial\x0aimport QtQu\
ick.Controls.Mat\
erial.impl\x0aimpor\
t \x22../Label\x22\x0d\x0aRe\
ctangle{\x0d\x0a    id\
:root\x0d\x0a    heigh\
t: 30\x0d\x0a    radiu\
s: height/2\x0d\x0a   \
 width: maxWidth\
!=-1? lab.conten\
tWidth+leftPaddi\
ng+rightPadding:\
maxWidth\x0d\x0a    pr\
operty real righ\
tPadding: 10\x0d\x0a  \
  property real \
leftPadding: 10\x0d\
\x0a    property bo\
ol dragable : tr\
ue//\xe5\x8f\xaf\xe6\x8b\x96\xe6\x8b\xbd\xef\xbc\x9f\
\x0d\x0a    property s\
tring text: \x22\x22\x0d\x0a\
    property ali\
as _text_: lab.t\
ext\x0d\x0a    propert\
y real maxWidth:\
 150\x0d\x0a    proper\
ty alias font: l\
ab.font\x0d\x0a    pro\
perty alias font\
Color: lab.color\
\x0d\x0a    property b\
ool checked: fal\
se\x0d\x0a    property\
 alias hovered: \
 mourse.contains\
Mouse\x0d\x0a    prope\
rty alias contai\
nsMouse: mourse.\
containsMouse\x0d\x0a \
   property alia\
s lab_rotation: \
lab.rotation\x0d\x0a  \
  property alias\
 label: textMetr\
ics\x0d\x0a    propert\
y bool effect: t\
rue // \xe5\xa4\x96\xe9\x98\xb4\xe5\xbd\xb1\
\x0d\x0a    property a\
lias pressed_: m\
ourse.pressed\x0d\x0a \
   property alia\
s hoverEnabled: \
mourse.hoverEnab\
led\x0d\x0a    propert\
y bool enabled:t\
rue\x0d\x0a    propert\
y alias accepted\
Buttons: mourse.\
acceptedButtons\x0d\
\x0a    signal clic\
ked(var mouse)\x0d\x0a\
    signal click\
(var mouse)\x0d\x0a   \
 signal canceled\
()\x0d\x0a    signal d\
oubleClicked(var\
 mouse)\x0d\x0a    sig\
nal entered()\x0d\x0a \
   signal exited\
()\x0d\x0a    signal p\
ressed(var mouse\
)\x0d\x0a    signal re\
leased(var mouse\
)\x0d\x0a    signal po\
sitionChanged(va\
r mouse)\x0d\x0a    Re\
ctangle{\x0d\x0a      \
  color:!root.en\
abled?\x22transpare\
nt\x22:mourse.conta\
insMouse ? Mater\
ial.listHighligh\
tColor :\x22transpa\
rent\x22\x0d\x0a        B\
ehavior on color\
 {ColorAnimation\
{duration: 400}}\
\x0d\x0a        anchor\
s.fill: parent\x0d\x0a\
        radius: \
root.radius\x0d\x0a   \
     clip: true\x0d\
\x0a        id:bg\x0d\x0a\
        Ripple {\
\x0d\x0a            cl\
ipRadius: root.r\
adius\x0d\x0a         \
   id:rip\x0d\x0a     \
       width: pa\
rent.width\x0d\x0a    \
        height: \
parent.height\x0d\x0a \
           clip:\
 visible\x0d\x0a      \
      pressed: m\
ourse.pressed|ch\
ecked\x0d\x0a         \
   anchor: bg\x0d\x0a \
           activ\
e:mourse.pressed\
|checked\x0d\x0a      \
      color: Mat\
erial.rippleColo\
r\x0d\x0a        }\x0d\x0a  \
      TextMetric\
s{\x0d\x0a            \
id: textMetrics\x0d\
\x0a            fon\
t:lab.font\x0d\x0a    \
        elide: T\
ext.ElideRight\x0d\x0a\
            elid\
eWidth: maxWidth\
-rightPadding-le\
ftPadding\x0d\x0a     \
       text:root\
.text\x0d\x0a        }\
\x0d\x0a        BaseLa\
bel{\x0d\x0a          \
  id:lab\x0d\x0a      \
      text: text\
Metrics.elidedTe\
xt\x0d\x0a            \
color: root.enab\
led ? root.Mater\
ial.foreground :\
 root.Material.h\
intTextColor\x0d\x0a  \
          anchor\
s.horizontalCent\
erOffset: root.l\
eftPadding-root.\
rightPadding\x0d\x0a  \
          anchor\
s.centerIn: pare\
nt\x0d\x0a            \
Behavior on colo\
r {\x0d\x0a           \
     ColorAnimat\
ion {\x0d\x0a         \
           durat\
ion: 300\x0d\x0a      \
          }}\x0d\x0a  \
      }\x0d\x0a       \
 MouseArea{\x0d\x0a   \
         anchors\
.fill: parent\x0d\x0a \
           hover\
Enabled: enabled\
\x0d\x0a            en\
abled: root.enab\
led\x0d\x0a           \
onPressed:root.p\
ressed(mouse)\x0d\x0a \
          onRele\
ased:root.releas\
ed(mouse)\x0d\x0a     \
       id:mourse\
\x0d\x0a            on\
Clicked:{ root.c\
licked(mouse);ro\
ot.click(mouse)}\
\x0d\x0a            on\
Canceled: root.c\
anceled()\x0d\x0a     \
       onDoubleC\
licked: root.dou\
bleClicked(mouse\
)\x0d\x0a            o\
nPositionChanged\
:root.positionCh\
anged(mouse)\x0d\x0a  \
      }\x0d\x0a    }\x0d\x0a\
    layer.enable\
d: true\x0d\x0a    lay\
er.effect: DropS\
hadowBase{\x0d\x0a    \
    visible: eff\
ect\x0d\x0a        ena\
bled: effect\x0d\x0a  \
  }\x0d\x0a}\x0d\x0a\x0d\x0a\
\x00\x00\x00\x84\
i\
mport QtQuick\x0aim\
port QtQuick.Con\
trols\x0aRadioDeleg\
ate {\x0d\x0alayer.ena\
bled: true\x0d\x0aheig\
ht: 30\x0d\x0alayer.ef\
fect: DropShadow\
Base{\x0d\x0a\x0d\x0a}\x0d\x0a\x0d\x0a}\x0d\
\x0a\x0d\x0a\
\x00\x00\x02m\
i\
mport QtQuick\x0aDa\
teTime{\x0d\x0a    // \
  \xe5\x88\xb7\xe6\x96\xb0 \xe6\x97\xb6\xe9\x97\xb4\x0d\
\x0a        propert\
y alias interval\
: timer.interval\
\x0d\x0a    Timer{\x0d\x0a  \
      id:timer\x0d\x0a\
        triggere\
dOnStart:true\x0d\x0a \
       repeat: t\
rue\x0d\x0a        run\
ning: true\x0d\x0a    \
    interval: 10\
00\x0d\x0a        onTr\
iggered: {\x0d\x0a    \
        let nowD\
ate= new Date()\x0d\
\x0a            ful\
lYear=nowDate.ge\
tFullYear()\x0d\x0a   \
         year=fu\
llYear%100\x0d\x0a    \
        month=no\
wDate.getMonth()\
+1\x0d\x0a            \
day=nowDate.getD\
ate()\x0d\x0a         \
   week=nowDate.\
getDay()\x0d\x0a      \
      hours=nowD\
ate.getHours()\x0d\x0a\
            minu\
tes=nowDate.getM\
inutes()\x0d\x0a      \
      second=now\
Date.getSeconds(\
)\x0d\x0a        }\x0d\x0a\x0d\x0a\
    }\x0d\x0a}\x0d\x0a\x0d\x0a\
\x00\x00\x00\xf9\
i\
mport QtQuick\x0aim\
port QtQuick.Con\
trols\x0aRectangle{\
\x0d\x0a    layer.effe\
ct: DropShadowBa\
se{\x0d\x0a        hor\
izontalOffset: 5\
\x0d\x0a        vertic\
alOffset: 5\x0d\x0a   \
     radius: 8.0\
\x0d\x0a        sample\
s: 17\x0d\x0a        c\
olor: \x22#52000000\
\x22\x0d\x0a    }\x0d\x0a    la\
yer.enabled: tru\
e\x0d\x0a}\x0d\x0a\x0d\x0a\
\x00\x00\x09\xd2\
i\
mport QtQuick\x0aIt\
emDelegateBase {\
\x0d\x0a    id: root\x0d\x0a\
    property Ite\
m homeTarget:par\
ent\x0d\x0a    propert\
y Item dropItem\x0d\
\x0a    property in\
t elementIndex: \
index\x0d\x0a    prope\
rty string theNa\
me\x0d\x0a    property\
 int numer\x0d\x0a    \
property alias d\
ropArea: dropAre\
a\x0d\x0a    property \
alias active : d\
ragHandler.activ\
e\x0d\x0a    width: dr\
agRectangle.widt\
h\x0d\x0a    height: d\
ragRectangle.hei\
ght\x0d\x0a    propert\
y bool is_grid: \
false\x0d\x0a\x0d\x0a    pro\
perty bool yAxis\
_enabled: is_gri\
d?true:!orientat\
ion\x0d\x0a    propert\
y bool xAxis_ena\
bled: is_grid?tr\
ue:orientation\x0d\x0a\
    signal reord\
er(int to, int f\
rom)\x0d\x0a    Item{\x0d\
\x0a        id: dra\
gRectangle\x0d\x0a    \
    anchors.top:\
 parent.top\x0d\x0a   \
     anchors.lef\
t: parent.left\x0d\x0a\
        Drag.sou\
rce:root\x0d\x0a      \
  Drag.active: d\
ragHandler.activ\
e\x0d\x0a        Drag.\
imageSource: \x22\x22\x0d\
\x0a    DragHandler\
{\x0d\x0a        id:dr\
agHandler\x0d\x0a    y\
Axis.enabled: yA\
xis_enabled\x0d\x0a   \
 xAxis.enabled: \
xAxis_enabled\x0d\x0a \
   }\x0d\x0a    Compon\
ent.onCompleted:\
 {\x0d\x0a        drop\
Item.parent=drag\
Rectangle\x0d\x0a     \
   dragRectangle\
.width=dropItem.\
width\x0d\x0a        d\
ragRectangle.hei\
ght=dropItem.hei\
ght\x0d\x0a        dra\
gRectangle.width\
=Qt.binding(()=>\
dropItem.width)\x0d\
\x0a        dragRec\
tangle.height=Qt\
.binding(()=>dro\
pItem.height)\x0d\x0a \
   }\x0d\x0a    }\x0d\x0a   \
 Item{\x0d\x0a        \
x: width * - 0.5\
\x0d\x0a        y: hei\
ght * - 0.5\x0d\x0a   \
             anc\
hors.fill: root\x0d\
\x0a//             \
   color: \x22red\x22\x0d\
\x0a    DropArea {\x0d\
\x0a        x: widt\
h * - 0.5\x0d\x0a     \
   y: height * -\
 0.5\x0d\x0a        id\
: dropArea\x0d\x0a    \
    width: paren\
t.width\x0d\x0a       \
 height: parent.\
height\x0d\x0a        \
property real dr\
ag_x: 0\x0d\x0a       \
 property real d\
rag_y: 0\x0d\x0a      \
  onEntered: {\x0d\x0a\
            if (\
drag.source.elem\
entIndex !== ele\
mentIndex) {\x0d\x0a  \
              ro\
ot.reorder(drag.\
source.elementIn\
dex, elementInde\
x)\x0d\x0a            \
    drag.accept(\
Qt.MoveAction)\x0d\x0a\
            }\x0d\x0a \
       }\x0d\x0a//    \
    onDropped: {\
\x0d\x0a//            \
if (drag.source.\
elementIndex !==\
 elementIndex) {\
\x0d\x0a//            \
    root.reorder\
(drag.source.ele\
mentIndex, eleme\
ntIndex)\x0d\x0a//    \
            drag\
.accept(Qt.MoveA\
ction)\x0d\x0a//      \
      }\x0d\x0a//     \
   }\x0d\x0a    }\x0d\x0a   \
 }\x0d\x0a    states: \
[\x0d\x0a        State\
 {\x0d\x0a            \
name: \x22dragging\x22\
\x0d\x0a            wh\
en: dragHandler.\
active\x0d\x0a        \
    ParentChange\
 { target: dragR\
ectangle; parent\
: root.homeTarge\
t }\x0d\x0a           \
 AnchorChanges {\
 target: dragRec\
tangle; anchors.\
top: undefined; \
anchors.right: u\
ndefined; anchor\
s.bottom: undefi\
ned; anchors.lef\
t: undefined }\x0d\x0a\
        }\x0d\x0a    ]\
\x0d\x0a    transition\
s: [\x0d\x0a        Tr\
ansition {\x0d\x0a    \
        from: \x22d\
ragging\x22\x0d\x0a      \
      to: \x22*\x22\x0d\x0aA\
nchorAnimation{d\
uration: 20;easi\
ng.type: Easing.\
OutBack}\x0d\x0a      \
  }\x0d\x0a    ]\x0d\x0a}\x0d\x0a\x0d\
\x0a\
\x00\x00\x0d\x8c\
/\
****************\
****************\
****************\
****************\
************\x0d\x0a**\
\x0d\x0a** Copyright (\
C) 2018 The Qt C\
ompany Ltd.\x0d\x0a** \
Contact: http://\
www.qt.io/licens\
ing/\x0d\x0a**\x0d\x0a** Thi\
s file is part o\
f the Qt Quick C\
ontrols 2 module\
 of the Qt Toolk\
it.\x0d\x0a**\x0d\x0a** $QT_\
BEGIN_LICENSE:LG\
PL3$\x0d\x0a** Commerc\
ial License Usag\
e\x0d\x0a** Licensees \
holding valid co\
mmercial Qt lice\
nses may use thi\
s file in\x0d\x0a** ac\
cordance with th\
e commercial lic\
ense agreement p\
rovided with the\
\x0d\x0a** Software or\
, alternatively,\
 in accordance w\
ith the terms co\
ntained in\x0d\x0a** a\
 written agreeme\
nt between you a\
nd The Qt Compan\
y. For licensing\
 terms\x0d\x0a** and c\
onditions see ht\
tp://www.qt.io/t\
erms-conditions.\
 For further\x0d\x0a**\
 information use\
 the contact for\
m at http://www.\
qt.io/contact-us\
.\x0d\x0a**\x0d\x0a** GNU Le\
sser General Pub\
lic License Usag\
e\x0d\x0a** Alternativ\
ely, this file m\
ay be used under\
 the terms of th\
e GNU Lesser\x0d\x0a**\
 General Public \
License version \
3 as published b\
y the Free Softw\
are\x0d\x0a** Foundati\
on and appearing\
 in the file LIC\
ENSE.LGPLv3 incl\
uded in the\x0d\x0a** \
packaging of thi\
s file. Please r\
eview the follow\
ing information \
to\x0d\x0a** ensure th\
e GNU Lesser Gen\
eral Public Lice\
nse version 3 re\
quirements\x0d\x0a** w\
ill be met: http\
s://www.gnu.org/\
licenses/lgpl.ht\
ml.\x0d\x0a**\x0d\x0a** GNU \
General Public L\
icense Usage\x0d\x0a**\
 Alternatively, \
this file may be\
 used under the \
terms of the GNU\
\x0d\x0a** General Pub\
lic License vers\
ion 2.0 or later\
 as published by\
 the Free\x0d\x0a** So\
ftware Foundatio\
n and appearing \
in the file LICE\
NSE.GPL included\
 in\x0d\x0a** the pack\
aging of this fi\
le. Please revie\
w the following \
information to\x0d\x0a\
** ensure the GN\
U General Public\
 License version\
 2.0 requirement\
s will be\x0d\x0a** me\
t: http://www.gn\
u.org/licenses/g\
pl-2.0.html.\x0d\x0a**\
\x0d\x0a** $QT_END_LIC\
ENSE$\x0d\x0a**\x0d\x0a*****\
****************\
****************\
****************\
****************\
*******/\x0d\x0aimport\
 QtQuick\x0aimport \
QtQuick.Template\
s as T\x0aimport Qt\
Quick.Controls\x0ai\
mport QtQuick.Co\
ntrols.impl\x0aimpo\
rt QtQuick.Contr\
ols.Material\x0aT.S\
plitView {\x0d\x0a    \
id: control\x0d\x0a   \
 implicitWidth: \
Math.max(implici\
tBackgroundWidth\
 + leftInset + r\
ightInset,\x0d\x0a    \
                \
        implicit\
ContentWidth + l\
eftPadding + rig\
htPadding)\x0d\x0a    \
implicitHeight: \
Math.max(implici\
tBackgroundHeigh\
t + topInset + b\
ottomInset,\x0d\x0a   \
                \
          implic\
itContentHeight \
+ topPadding + b\
ottomPadding)\x0d\x0a\x0d\
\x0a    handle: Rec\
tangle {\x0d\x0a      \
  implicitWidth:\
 control.orienta\
tion === Qt.Hori\
zontal ? 6 : con\
trol.width\x0d\x0a    \
    implicitHeig\
ht: control.orie\
ntation === Qt.H\
orizontal ? cont\
rol.height : 6\x0d\x0a\
//        color:\
 \x22#00000000\x22\x0d\x0a  \
      Rectangle{\
\x0d\x0a        anchor\
s.fill: parent\x0d\x0a\
//        color:\
 \x22#82eeeeee\x22\x0d\x0a  \
      layer.effe\
ct: DropShadowBa\
se{\x0d\x0a           \
 horizontalOffse\
t: 3\x0d\x0a          \
  verticalOffset\
: 2\x0d\x0a        }\x0d\x0a\
        layer.en\
abled: true\x0d\x0a\x0d\x0a \
       }\x0d\x0a      \
  Rectangle {\x0d\x0a \
           color\
: control.Materi\
al.secondaryText\
Color\x0d\x0a         \
   width: contro\
l.orientation ==\
= Qt.Horizontal \
? thickness : le\
ngth\x0d\x0a          \
  height: contro\
l.orientation ==\
= Qt.Horizontal \
? length : thick\
ness\x0d\x0a          \
  radius: thickn\
ess\x0d\x0a           \
 x: (parent.widt\
h - width) / 2\x0d\x0a\
            y: (\
parent.height - \
height) / 2\x0d\x0a\x0d\x0a \
           prope\
rty int length: \
parent.T.SplitHa\
ndle.pressed ? 3\
 : 8\x0d\x0a          \
  readonly prope\
rty int thicknes\
s: parent.T.Spli\
tHandle.pressed \
? 3 : 1\x0d\x0a\x0d\x0a     \
       Behavior \
on length {\x0d\x0a   \
             Num\
berAnimation {\x0d\x0a\
                \
    duration: 10\
0\x0d\x0a             \
   }\x0d\x0a          \
  }\x0d\x0a           \
 layer.enabled: \
true\x0d\x0a          \
  layer.effect: \
DropShadowBase{}\
\x0d\x0a        }\x0d\x0a   \
 }\x0d\x0a}\x0d\x0a\x0d\x0a\x0d\x0a\
\x00\x00\x00r\
i\
mport QtQuick\x0aim\
port QtQuick.Con\
trols\x0aRectangle \
{\x0d\x0alayer.enabled\
: true\x0d\x0alayer.ef\
fect: DropShadow\
Base{\x0d\x0a\x0d\x0a}\x0d\x0a}\x0d\x0a\x0d\
\x0a\
\x00\x00\x01\xfb\
i\
mport QtQuick\x0d\x0ai\
mport QtQuick.Co\
ntrols\x0d\x0aimport Q\
tQuick.Layouts\x0d\x0a\
\x0d\x0aBaseImage{\x0d\x0a  \
  id:root\x0d\x0a    l\
ayer.enabled: tr\
ue\x0d\x0a    property\
 bool effect: tr\
ue\x0d\x0a    property\
 real horizontal\
Offset: 5\x0d\x0a    p\
roperty real ver\
ticalOffset: 5\x0d\x0a\
    fillMode: Im\
age.PreserveAspe\
ctFit\x0d\x0a    layer\
.effect: DropSha\
dowBase{\x0d\x0a      \
  id:drapShadow\x0d\
\x0a        horizon\
talOffset:root.h\
orizontalOffset\x0d\
\x0a        vertica\
lOffset:root.ver\
ticalOffset\x0d\x0a   \
     visible: ef\
fect\x0d\x0a    }\x0d\x0a   \
 Behavior on sca\
le {SmoothedAnim\
ation{duration: \
300}}\x0d\x0a}\x0d\x0a\
\x00\x00\x00\x8a\
i\
mport QtQuick\x0d\x0ai\
mport QtQuick.Co\
ntrols\x0d\x0aimport \x22\
../../cores\x22 as \
Cores\x0d\x0aLabel {\x0d\x0a\
    font.bold: t\
rue\x0d\x0a    color: \
Cores.CoreStyle.\
text\x0d\x0a}\x0d\x0a\
\x00\x00\x00j\
i\
mport QtQuick\x0aim\
port QtQuick.Con\
trols\x0aFlickableB\
ase {\x0d\x0a\x0d\x0a\x0d\x0a    S\
crollBar.vertica\
l: ScrollBarBase\
{}\x0d\x0a}\x0d\x0a\x0d\x0a\
\x00\x00\x00w\
i\
mport QtQuick\x0aim\
port QtQuick.Con\
trols\x0aTabBar {\x0d\x0a\
layer.enabled: t\
rue\x0d\x0aheight: 25\x0d\
\x0alayer.effect: D\
ropShadowBase{}\x0d\
\x0a}\x0d\x0a\x0d\x0a\
\x00\x00\x00 \
i\
mport QtQuick\x0aIm\
age{\x0d\x0a\x0d\x0a\x0d\x0a}\x0d\x0a\x0d\x0a\
\x00\x00\x00\xa0\
i\
mport QtQuick\x0aim\
port QtQuick.Con\
trols\x0aimport \x22..\
/../cores\x22 as Co\
res\x0aCheckDelegat\
e{\x0a    height: C\
ores.CoreStyle.h\
eadComboBoxHeigh\
\x0a    implicitHei\
ght: height\x0a}\x0a\x0a\
\x00\x00\x00;\
i\
mport QtQuick\x0aim\
port QtQuick.Con\
trols\x0aFlickable \
{\x0d\x0a\x0d\x0a}\x0d\x0a\x0d\x0a\
\x00\x00\x03B\
i\
mport QtQuick\x0aim\
port QtQuick.Lay\
outs\x0aimport \x22../\
Label\x22\x0d\x0aimport \x22\
../Buttons\x22\x0d\x0a\x0d\x0aC\
olumn {\x0d\x0a    wid\
th: parent.width\
\x0d\x0a    id:root\x0d\x0a \
   spacing: 15\x0d\x0a\
    property ali\
as title: titleL\
.text\x0d\x0a    signa\
l close\x0d\x0a    Row\
Layout{\x0d\x0a    wid\
th: parent.width\
\x0d\x0a        Item{\x0d\
\x0a        Layout.\
fillWidth: true\x0d\
\x0a        height:\
 1\x0d\x0a        }\x0d\x0a \
   TitleLabel{\x0d\x0a\
        id:title\
L\x0d\x0a        Layou\
t.alignment: Qt.\
AlignHCenter\x0d\x0a  \
      text: qsTr\
(\x22\xe8\xae\xbe\xe7\xbd\xae\x22)\x0d\x0a    \
    font.bold: t\
rue\x0d\x0a    }\x0d\x0a    \
Item{\x0d\x0a    Layou\
t.fillWidth: tru\
e\x0d\x0a    height: 1\
\x0d\x0a    }\x0d\x0a    Ite\
m{\x0d\x0a        widt\
h: height\x0d\x0a     \
   height: 50\x0d\x0a \
   CloseButton{\x0d\
\x0a        onClick\
ed: root.close()\
\x0d\x0a    }\x0d\x0a    }\x0d\x0a\
}\x0d\x0a    EfRectang\
le{\x0d\x0a        wid\
th:root.parent.v\
isible?root.pare\
nt.width-40:0\x0d\x0a \
       height: 3\
\x0d\x0a        color:\
 \x22teal\x22\x0d\x0a       \
 Behavior on wid\
th {NumberAnimat\
ion{duration: 60\
0}}\x0d\x0a    }\x0d\x0a}\x0d\x0a\x0d\
\x0a\
\x00\x00\x00\x98\
i\
mport QtQuick\x0d\x0ai\
mport QtQuick.Co\
ntrols\x0d\x0aimport \x22\
../../cores\x22 as \
Cores\x0d\x0aSpinBox {\
\x0d\x0aheight: Cores.\
CoreStyle.headSp\
inBoxHeigh\x0d\x0aimpl\
icitHeight: heig\
ht\x0d\x0a}\x0d\x0a\
\x00\x00\x01\x10\
i\
mport QtQuick\x0aim\
port QtQuick.Con\
trols\x0aimport QtQ\
uick.Controls.Ma\
terial\x0aButton{\x0d\x0a\
highlighted: tru\
e\x0d\x0a//Material.ba\
ckground: Materi\
al.Teal\x0d\x0a//icon.\
source: \x22qrc:///\
qml/resource/ico\
n/export.png\x22\x0d\x0a/\
/font.bold: true\
\x0d\x0a//font.pointSi\
ze: 13\x0d\x0afont:fon\
tConfig.buttonLa\
bel.font\x0d\x0a}\x0d\x0a\x0d\x0a\
\x00\x00\x00Z\
i\
mport QtQuick\x0aMo\
useArea {\x0d\x0aancho\
rs.fill: parent\x0d\
\x0aacceptedButtons\
: Qt.RightButton\
\x0d\x0a\x0d\x0a}\x0d\x0a\x0d\x0a\
\x00\x00\x03^\
i\
mport QtQuick\x0aim\
port DPlugs as D\
P\x0aItem{\x0d\x0a    id:\
root\x0d\x0a    proper\
ty alias interva\
l: t_d.interval\x0d\
\x0a    property al\
ias repeat: t_d.\
repeat\x0d\x0a    prop\
erty alias url: \
t_d.url\x0d\x0a    sig\
nal started()\x0d\x0a \
   signal finish\
ed(var api_data)\
\x0d\x0a    function s\
tart(){\x0d\x0a    ret\
urn t_d.start()\x0d\
\x0a    }\x0d\x0a    func\
tion quit(){\x0d\x0a  \
  return t_d.qui\
t()\x0d\x0a    }\x0d\x0a    \
property bool ru\
ning: false\x0d\x0a   \
 onRuningChanged\
: {\x0d\x0a        if(\
runing)\x0d\x0a       \
 {\x0d\x0a            \
start()\x0d\x0a       \
 }\x0d\x0a        else\
{\x0d\x0a            q\
uit()\x0d\x0a        }\
\x0d\x0a    }\x0d\x0a    fun\
ction restart(){\
\x0d\x0a    return t_d\
.restart()\x0d\x0a    \
}\x0d\x0a    DP.ApiThr\
eadGet{\x0d\x0a       \
 id:t_d\x0d\x0a       \
 interval:10000\x0d\
\x0a        repeat:\
false\x0d\x0a        o\
nStarted:{\x0d\x0a    \
        root.sta\
rted()\x0d\x0a        \
}\x0d\x0a\x0d\x0a}\x0d\x0a    Conn\
ections{\x0d\x0a      \
  target: t_d\x0d\x0a \
       function \
onFinish(data){/\
/ \xe6\x89\xa7\xe8\xa1\x8c\xe5\xae\x8c\xe6\x88\x90\x0d\x0a\
                \
finished(data)\x0d\x0a\
        }\x0d\x0a    }\
\x0d\x0a    }\x0d\x0a\x0d\x0a\x0d\x0a\
\x00\x00\x00\xce\
/\
*\x0d\x0a\xe4\xbf\x9d\xe6\x8c\x81\xe7\x8a\xb6\xe6\x80\x81\xe4\
\xbf\xa1\xe6\x81\xaf\x0d\x0a*/\x0d\x0aimpor\
t QtCore\x0a//  \xe4\xbf\x9d\
\xe5\xad\x98\xe6\x9c\xac\xe5\x9c\xb0\xe6\x95\xb0\xe6\x8d\xae\xe7\
\x9a\x84\xe5\x9f\xba\xe6\x9c\xac\xe7\xb1\xbb\x0d\x0aSet\
tings{\x0d\x0a    file\
Name:rootConfig.\
settingFile//\x22St\
ate.ini\x22 //Qt.re\
solvedUrl(\x22../co\
nfig/status.ini\x22\
)\x0d\x0a    category:\
\x22Base\x22\x0d\x0a}\x0d\x0a\x0d\x0a\
\x00\x00\x00u\
i\
mport QtQuick\x0d\x0ai\
mport \x22../Base\x22\x0d\
\x0a\x0d\x0aBaseBaseLabel\
 {\x0d\x0a    layer.ef\
fect: DropShadow\
Base{}\x0d\x0a    laye\
r.enabled: true\x0d\
\x0a}\x0d\x0a\
\x00\x00\x00\xe4\
i\
mport QtQuick\x0aim\
port QtQuick.Con\
trols\x0aimport QtQ\
uick.Layouts\x0aPop\
up {\x0d\x0a    proper\
ty string viewNa\
me:\x22\x22\x0d\x0a    spaci\
ng: 0\x0d\x0a    paddi\
ng: 0\x0d\x0a    Compo\
nent.onCompleted\
: {\x0d\x0a    if(view\
Name)\x0d\x0a        r\
unTime[viewName]\
=this\x0d\x0a    }\x0d\x0a}\x0d\
\x0a\x0d\x0a\
\x00\x00\x00\xf7\
i\
mport QtQuick\x0aIt\
em{\x0d\x0a    // \xe6\x97\xa5\xe6\
\x9c\x9f \xe6\x97\xb6\xe9\x97\xb4\x0d\x0a    p\
roperty int full\
Year\x0d\x0a    proper\
ty int year\x0d\x0a   \
 property int mo\
nth\x0d\x0a    propert\
y int week\x0d\x0a    \
property int day\
\x0d\x0a\x0d\x0a    property\
 int hours\x0d\x0a    \
property int min\
utes\x0d\x0a    proper\
ty int second\x0d\x0a\x0d\
\x0a}\x0d\x0a\x0d\x0a\
\x00\x00\x03A\
i\
mport QtQuick\x0aIt\
em {\x0d\x0a\x0d\x0a    enum\
 Enum_ViewModel{\
\x0d\x0a    SearchMode\
l=0,  // \xe6\x9f\xa5\xe8\xaf\xa2\xe6\
\xa8\xa1\xe5\xbc\x8f\x0d\x0a    Defec\
tModel=1,  // \xe7\xbc\
\xba\xe9\x99\xb7\xe6\xa8\xa1\xe5\xbc\x8f \xe8\xb7\xaf\xe5\xbe\
\x84\xe6\xa8\xa1\xe5\xbc\x8f\x0d\x0a    Cim\
gModel=2  ,   //\
 \xe5\x9b\xbe\xe5\x83\x8f\xe6\xa8\xa1\xe5\xbc\x8f \xe8\xb7\
\xaf\xe5\xbe\x84\xe6\xa8\xa1\xe5\xbc\x8f\x0d\x0a    \
RealTimeDefectMo\
del=3, // \xe5\xae\x9e\xe6\x97\xb6\
\xe7\xbc\xba\xe9\x99\xb7\xe6\xa8\xa1\xe5\xbc\x8f\x0d\x0a  \
  RealTimeSteelM\
odel=4  //  \xe9\x92\xa2\xe6\
\x9d\xbf \xe5\xae\x9e\xe6\x97\xb6\xe6\xa8\xa1\xe5\xbc\x8f\x0d\
\x0a        /*\x0d\x0a   \
     \xe5\x9b\xbe\xe5\x83\x8f\xe6\xa8\xa1\xe5\xbc\
\x8f\xe4\xbb\xa5 seqNo \xe4\xb8\xba\xe5\x9f\
\xba\xe7\xa1\x80\x0d\x0a    */\x0d\x0a  \
  }\x0d\x0a    enum Pl\
ayModel{//\xe6\x9f\xa5\xe7\x9c\x8b\
\xe6\xa8\xa1\xe5\xbc\x8f\x0d\x0a    Base\
Model=0,    // \xe4\
\xba\xba\xe5\xb7\xa5\xe6\x9f\xa5\xe7\x9c\x8b\xe6\xa8\xa1\xe5\xbc\
\x8f\x0d\x0a    AutoModel\
=1,    // \xe6\x96\xb0\xe9\x92\xa2\
\xe6\x9d\xbf\xe6\xa8\xa1\xe5\xbc\x8f\x0d\x0a    R\
ealTimeModel=2 /\
/ \xe8\x87\xaa\xe5\x8a\xa8\xe9\x98\x85\xe8\xaf\xbb\xe6\xa8\
\xa1\xe5\xbc\x8f\x0d\x0a    }\x0d\x0a   \
 enum MainViewMo\
del{\x0d\x0a    BaseMo\
del=0,\x0d\x0a    Sele\
ctDefectModel=1,\
\x0d\x0a    ZoomInMode\
l=2,\x0d\x0a    ItemMo\
veModel=3,\x0d\x0a    \
ClassiflyModel=4\
\x0d\x0a    }\x0d\x0a    enu\
m AppViewModel{/\
/\xe7\xaa\x97\xe5\x8f\xa3\xe6\xa8\xa1\xe5\xbc\x8f\x0d\x0a \
       BaseModel\
=0\x0d\x0a    }\x0d\x0a\x0d\x0a   \
 enum JoinModel{\
//\xe5\x9b\xbe\xe5\x83\x8f\xe7\x9a\x84\xe6\x8b\xbc\xe6\x8e\
\xa5\xe6\xa8\xa1\xe5\xbc\x8f\x0d\x0a       \
 UserModel=0,\x0d\x0a \
       AutoModel\
=1\x0d\x0a    }\x0d\x0a}\x0d\x0a\x0d\x0a\
\
\x00\x00\x02e\
i\
mport QtQuick\x0aim\
port QtQuick.Con\
trols.Material\x0ai\
mport \x22../../cor\
es\x22 as Cores\x0a\x0aMe\
nu {\x0a  id: contr\
ol\x0a  padding: 6\x0a\
  leftPadding: 8\
\x0a  rightPadding:\
 8\x0a  topPadding:\
 6\x0a  bottomPaddi\
ng: 6\x0a  backgrou\
nd: Rectangle {\x0a\
    implicitWidt\
h: control.conte\
ntItem ? control\
.contentItem.imp\
licitWidth + con\
trol.leftPadding\
 + control.right\
Padding : 120\x0a  \
  implicitHeight\
: control.conten\
tItem ? control.\
contentItem.impl\
icitHeight + con\
trol.topPadding \
+ control.bottom\
Padding : 40\x0a   \
 radius: 8\x0a    c\
olor: Qt.lighter\
(Cores.CoreStyle\
.surface, 1.12)\x0a\
    border.width\
: 1\x0a    border.c\
olor: Qt.darker(\
Cores.CoreStyle.\
border, 1.1)\x0a  }\
\x0a}\x0a\x0a\
\x00\x00\x00`\
i\
mport QtQuick\x0aim\
port QtQuick.Con\
trols\x0aTabButton \
{\x0d\x0a    font:font\
Config.baseFontI\
nfo.font\x0d\x0a}\x0d\x0a\x0d\x0a\
\x00\x00\x00\xb0\
i\
mport QtQuick\x0aim\
port QtQuick.Con\
trols\x0aimport \x22..\
/../cores\x22 as Co\
res\x0aComboBox {\x0a \
   editable: fal\
se\x0a    height: C\
ores.CoreStyle.h\
eadComboBoxHeigh\
\x0a    implicitHei\
ght: height\x0a}\x0a\x0a\
\x00\x00\x01\xf0\
i\
mport QtQuick\x0aim\
port QtQuick.Con\
trols\x0aTumbler {\x0d\
\x0a    MouseArea{\x0d\
\x0a    acceptedBut\
tons: Qt.MidButt\
on\x0d\x0a    hoverEna\
bled: true\x0d\x0a    \
anchors.fill: pa\
rent\x0d\x0a    onWhee\
l: {\x0d\x0a    let i=\
 wheel.angleDelt\
a.y>0?1:-1\x0d\x0a    \
    if(parent.cu\
rrentIndex==0&&i\
<0){\x0d\x0a        pa\
rent.currentInde\
x=parent.count-1\
\x0d\x0a        }\x0d\x0a   \
     else if(par\
ent.currentIndex\
== parent.count-\
1 &&i>0){\x0d\x0a     \
           paren\
t.currentIndex=0\
\x0d\x0a        }\x0d\x0a   \
     else {\x0d\x0a   \
         parent.\
currentIndex+=i\x0d\
\x0a        }\x0d\x0a    \
}\x0d\x0a    }\x0d\x0a}\x0d\x0a\x0d\x0a\
\x00\x00\x00k\
i\
mport QtQuick\x0aim\
port QtQuick.Con\
trols\x0aSlider {\x0d\x0a\
layer.enabled: t\
rue\x0d\x0alayer.effec\
t: DropShadowBas\
e{}\x0d\x0a}\x0d\x0a\x0d\x0a\
\x00\x00\x00\x9b\
i\
mport QtQuick\x0aim\
port QtQuick.Con\
trols\x0aimport QtQ\
uick.Controls.Ma\
terial\x0aimport Qt\
Quick.Layouts\x0aPa\
ne {\x0d\x0aspacing: 0\
\x0d\x0apadding: 0\x0d\x0aMa\
terial.elevation\
: 3\x0d\x0a}\x0d\x0a\x0d\x0a\
\x00\x00\x05*\
/\
/  \xe5\xae\xbd\xe5\xba\xa6\xe8\xb0\x83\xe6\x95\xb4\x0d\
\x0aimport QtQuick\x0a\
import QtQuick.C\
ontrols\x0aimport Q\
tQuick.Controls.\
Material\x0aimport \
QtQuick.Layouts\x0a\
Item{\x0d\x0a    id:se\
q_item\x0d\x0a        \
property real se\
qWidth: 6//right\
\x0d\x0a    property I\
tem target:paren\
t\x0d\x0a    property \
real\x0d\x0a    minimu\
mHeight: target.\
Layout.\x0d\x0a    min\
imumHeight\x0d\x0a    \
property real\x0d\x0a \
   maximumHeight\
: target.Layout.\
\x0d\x0a    maximumHei\
ght\x0d\x0a    height:\
 seqWidth\x0d\x0a    w\
idth: parent.wid\
th\x0d\x0a    y:target\
.height-height/2\
\x0d\x0a\x0d\x0a    onYChang\
ed: {\x0d\x0a        t\
arget.height=x+h\
eight/2\x0d\x0a       \
 y=target.height\
-height/2\x0d\x0a    }\
\x0d\x0a    DragHandle\
r{\x0d\x0a        id:d\
ragH\x0d\x0a        yA\
xis.enabled: tru\
e\x0d\x0a        yAxis\
.minimum: minimu\
mHeight\x0d\x0a       \
 yAxis.maximum: \
maximumHeight\x0d\x0a \
       xAxis.ena\
bled: false\x0d\x0a   \
 }\x0d\x0a    MouseAre\
a{\x0d\x0a        acce\
ptedButtons: Qt.\
NoButton\x0d\x0a      \
  hoverEnabled: \
true\x0d\x0a        x:\
dragH.active?-10\
00:0\x0d\x0a        y:\
dragH.active?-10\
00:0\x0d\x0a        he\
ight: dragH.acti\
ve?200:parent.he\
ight\x0d\x0a        wi\
dth: dragH.activ\
e?2000:parent.wi\
dth\x0d\x0a        cur\
sorShape:contain\
sMouse? Qt.Split\
VCursor:Qt.Arrow\
Cursor\x0d\x0a    }\x0d\x0a \
   MouseArea{\x0d\x0a \
       acceptedB\
uttons: Qt.NoBut\
ton\x0d\x0a        hov\
erEnabled: true\x0d\
\x0a        x:dragH\
.active?-1000:0\x0d\
\x0a        y:dragH\
.active?-1000:0\x0d\
\x0a        height:\
 dragH.active?20\
00:0\x0d\x0a        wi\
dth: dragH.activ\
e?2000:0\x0d\x0a      \
  cursorShape:co\
ntainsMouse? Qt.\
SplitVCursor:Qt.\
ArrowCursor\x0d\x0a   \
 }\x0d\x0a}\x0d\x0a\x0d\x0a\
\x00\x00\x03\x19\
\x00\
\x00\x0a\x87x\xda\xa5VMo\xdb0\x0c\xbd\x17\xe8\x7f\
PsJ\x8a\xce\xcd\x0a\xec\xe2\x22\x1b\xb2\xb6\xc0z\xd8\
G\xd7\xde\x86\xa1Pl\xc6\x16jK\x86\xcc\xb4\x09\x8a\
\xfc\xf7R\x96c[\xb2\x93a\x9b.\x96\xc8GJ\x22\
\x1f)\x8b\xbcP\x1a\xd9\x1d\xde\xadD\xf4tt\x8b\x90\
\xb3\xd7\xe3#FC\xc4!\xd3J\xa1]\x15Z\x15\xa0\
q\xc3*H\xaarx\xe0:\x01\x0c\x0b\xaeA\x0e\x82\
bZ\x99\x89\xa7\x13\x12\x19d\x90\x93\xd5\xad\x8ca\x1d\
\x92\x84>\x1e\xaaD-d\xc20\x85o<\x87\x01\x17\
r\x95\x83\xf6\xe4<\x13\xbc\xac\xf6\x9dk\xe0a3\x1b\
\x84\xf1\x08\xc530\x83\xe2\xc9\x17.\xe3\x0ct`\x85\
\x16\xff\x22bL\xad\xfa'D\xc8e\x92AP\x09\xad\
>\x05\x91\xa4\xe8\x03\xac\xd4\xdbq\xa1T\xc6D\xf9\x98\
h\x13\xd5%\xcfJ\xdac\x08\xb3\x99\xaf\x09\x06\x92/\
2 dm\xf2\x09\xf5\x0a\xc2\x13\xa5\x05\x05\x8d\xa3P\
r\xc8v}\xc0\xb6gZ\x8aD\xf2\x8ciP:\x06\
=6\x11EuVEv\xa9U>\xb1(\x93\xbe\x9a\
\x0e;J8\xb7mU\x5cF\xa9\xd2e\x80\xaa\x08\x99\
\xe5\x84\x99\xf7\x01\x19,\xb1A\x98E\x0b\xb9&\xd7A\
\xa9V:\x82\xb0e^\xa3\xb1\xb9\xd9\x9f\xaf\x06(r\
\x9e\xc0\xbd\xf5\xc3F\xa3\xe3\xa3\xf3\xf3\x9d\xbe9\xf9k\
WjF\xa42\xa5\x09\xae!\x1e\xf9\xba\x9a\x09\xef\xa7\
\xbebG\x81\xbef\x1d\x0e\xf0\xe6\xfc\xc2\x87m\xc2!\
\xf6\xb8\xb8\xad\xbd\xdeu{m7%\x9dxXyE\
\xa2\xa0!\x82\xc3)\x8bX\xbb\x88u\x1fQoz\xa5\
\xa8AH\x93*%\xcd<\x034\x06\x9d\x03\xec\xaa<\
\xb0)\x9d\xed\xe1\xc7@4f\x8di\xa7\xa8\xfaX\x1b\
\x92\x16\xdc-\xb0}\x9e\xef0XPW\xa1\x0e2\x1e\
Of\x1f\xdd\x8d&\x7f\xd8i\x9f\xb1UO\x9c\xf8l\
\x07\xeb\x84zZ\xb5\x13;e\xef\xd84\xf8\xd0j6\
a\xcd\x99\xbe\xca/\x94\xa5\xc8\xb2]\x07vI\xd3\xa7\
\xab\xe5\x87mv\xec\x7f\x0fb\xab\xbc\xdb9;5P\
\x17\xae\x97\xb1]\x1d\xd4Z?EM\x9f\x22\x8fY\x15\
\xf4G:\xd9\xf4 `\xe3\x00\x94\xbc\x91\x08\xda\xe3^\
u\xda%\x1b\xc7m\xe3\x08\xbaO\x0b;\x99\xcd\x9c\xb7\
f\xe2[\x9baB\x1c\xec\x1a\xe1>Wg\xae\x9f\xbe\
\x97\xd8\xb6\xa8\x08\x0a\x1c\x13\x83\xbe\xaag\x98G\xa6\xdf\
z\xd8m\xbb\xdcv\x13\xab\xa4I`Q\xdf\xd0M\xf8\
\xdf\xdf\xb1O\x98\x7f\xbbe\xdf\xcf\xa1{\xba\xe8\xed@\
\x13s?%\xbdHP\x86\xecW\x1b\x93{#\xf2\xb3\
$\xe9\x17\x80\xb8n\xb6N\xa8,G\xae\xf6%\x05y\
\xf8U0\xe3GE\xcd\xab\x94J\x9d\xfc3\xb4\x7f/\
n\x07\xb8\xac\x09l\xcb.h\xffr\xbaY3c^\
\xd5\xa8uV\xee\xf7\xe6<\x8a+\x0a\xe9RH\x88[\
\xb9\xb6U3\xa0Y(D\x95\x0f\xaa\xec\x03\xda(<\
B\x99\xcfo\xfbA\xcde)Lj\xdc\x10?4r\
?\xce\xe6\xe5\xdf\x1fgT\xa4;%\xa1\xbd\xfd\x5c\xd2\
;k\xbc\xbc\xc6+]MBv1\xbd\x04^\x92i\
\x80\x9b\x82Rvc\x17\xdfW\xf8\x99GO\x83'\xdd\
\x9a\x1f\xa17\x22\x83\x0c\x03\
\x00\x00\x01\xb7\
\x00\
\x00\x06\xa9x\xda\xedU=o\xc20\x10\xdd\x91\xf8\x0f\
\xe9JE\x922t\xb0T!\x1a*Q\xa9\xb4\xa2\x0c\
\xedV\xb9\xf1\x89X\x0dvzq \x08\xf1\xdfk\xe7\
\x03\x08I\x8aX:\xf5\x86\xc8w~\xef|\xf7|I\
\xf82\x92\xa8\xac\x99\x9a%\xdc\xff\xea\xf0\x8ak{R\
(\x94a\xdc\x16\xb7\xa7T\x01r\x1av^\xe1\x05\x19\
\xe0\x18BX\xe8\xd8\xb6\xdb\xb1\xb49\xbdn'_Y\
='_D(#@\xb5\xb1<\xa9s\x0a\x10\xca\xc2\
\x9c\xfb\xa8`y\x82A\xa0\xa1\x15\xc3\xf7\x1bg* \
\xd6\xad\xe3 _\x04\xaaH\xa9\x8di\xa4\xe1\x91C\xc8\
\x98\x09m\xab\xa1u\x9e\x22\x94\x94}p\xbdmg\x81\
*&\x00\x93\xfd\x18\x94G\xaa\xa8'\xbd\x0bx\x92\xde\
\x18gd\xcf\xac\xef\xc62A\x1f\xf6]\x93Z\xd7\xa5\
\xed\xce\xf6R\x1c\xa6\x85i9\xabl$\xa2\xa8\x8fj\
\xec\xe2H\x93R\xe0: %E\x86\x0c\xd9\xcf\x9e\xce\
\xa0\x8e\x93\xe2\xdd\x0b\xa8X\x00#VC\xad\xc6\x0e\x9a\
\x1e\xd4\xbfK\xaf[S\xee\xea\xa11\xd2\xc5\x84\x0a\x16\
6\xaa_\x88\xc2\x0c\xa8yw3Jyl\x83\xa0\x9f\
\xa1)\xf4J\x22\xd7\xbdQ\xc5\xa5h&\xa4U\xc2\xaf\
\xf8\x86z\xa72\x89a\xa4g\xb8\xa5Z\xea\xfb\x10)\
`\xf7\x89RR\xc4D\xbf^\xf6\xb3\xcc\xbdfF \
W\x80\x0fe=\x0a\x13h)<\x97\xc1\xa6\xbe\xe2+\
\x18\xf6o\x5c\xd7%n\x8b*\x17`\xcb\xb9\xaa0\x06\
\x1a\x7ff\xd0\x8e\x86\xed\x94\xeaVF\xac\x99\xea'\x18\
K\x9c\x074\x02\xe2\xebO\x0f\xe5\x22\xce\xc4\x1d\x1a\xc9\
\xe6Q\xc8\xd5\xc4\xcb0D\xfb#D\xb9\xce\xdd\xffk\
:\xd1\xda\xbd\xf0n\xdc\xbf\xbe\x90#wW\xfe;\xb2\
\xc5\x0f\xf4\xdf\xaa\x82\
\x00\x00\x05\x8b\
/\
/  \xe5\xae\xbd\xe5\xba\xa6\xe8\xb0\x83\xe6\x95\xb4\x0d\
\x0aimport QtQuick\x0a\
import QtQuick.C\
ontrols\x0aimport Q\
tQuick.Controls.\
Material\x0aimport \
QtQuick.Layouts\x0a\
Item{\x0d\x0a    id:ro\
ot\x0d\x0a    property\
 real seqWidth: \
6//right\x0d\x0a    pr\
operty Item targ\
et:parent\x0d\x0a    p\
roperty real min\
imumWidth: targe\
t.Layout.minimum\
Width\x0d\x0a    prope\
rty real maximum\
Width: target.La\
yout.maximumWidt\
h\x0d\x0a    property \
real p_width : t\
arget.width\x0d\x0a   \
 onP_widthChange\
d: {\x0d\x0a        x=\
target.width-wid\
th/2\x0d\x0a    }\x0d\x0a\x0d\x0a \
   height: paren\
t.height\x0d\x0a    wi\
dth: seqWidth\x0d\x0a \
   x:target.widt\
h-width/2\x0d\x0a\x0d\x0a   \
 onXChanged: {\x0d\x0a\
        target.w\
idth=x+width/2\x0d\x0a\
    }\x0d\x0a    DragH\
andler{\x0d\x0a       \
 id:dragH\x0d\x0a     \
   yAxis.enabled\
: false\x0d\x0a       \
 xAxis.enabled: \
true\x0d\x0a        xA\
xis.minimum: min\
imumWidth\x0d\x0a     \
   xAxis.maximum\
: maximumWidth\x0d\x0a\
    }\x0d\x0a    Mouse\
Area{\x0d\x0a        e\
nabled: root.ena\
bled\x0d\x0a        ac\
ceptedButtons: Q\
t.NoButton\x0d\x0a    \
    hoverEnabled\
: true\x0d\x0a        \
x:dragH.active?-\
1000:0\x0d\x0a        \
y:dragH.active?-\
1000:0\x0d\x0a        \
height: dragH.ac\
tive?200:parent.\
height\x0d\x0a        \
width: dragH.act\
ive?2000:parent.\
width\x0d\x0a        c\
ursorShape:conta\
insMouse? Qt.Spl\
itHCursor:Qt.Arr\
owCursor\x0d\x0a    }\x0d\
\x0a    MouseArea{\x0d\
\x0a        enabled\
: root.enabled\x0d\x0a\
        accepted\
Buttons: Qt.NoBu\
tton\x0d\x0a        ho\
verEnabled: true\
\x0d\x0a        x:drag\
H.active?-1000:0\
\x0d\x0a        y:drag\
H.active?-1000:0\
\x0d\x0a        height\
: dragH.active?2\
000:0\x0d\x0a        w\
idth: dragH.acti\
ve?2000:0\x0d\x0a     \
   cursorShape:c\
ontainsMouse? Qt\
.SplitHCursor:Qt\
.ArrowCursor\x0d\x0a  \
  }\x0d\x0a}\x0d\x0a\x0d\x0a\
\x00\x00\x01P\
i\
mport QtQuick\x0aLi\
stView{\x0d\x0a    mod\
el:5\x0d\x0a    orient\
ation: ListView.\
Horizonta\x0d\x0a    i\
nteractive: fals\
e\x0d\x0a    delegate:\
\x0d\x0a        ReOrde\
rItem{\x0d\x0a        \
onReorder: {\x0d\x0a  \
          consol\
e.log(from,\x22  \x22,\
to)\x0d\x0a        }\x0d\x0a\
        dropItem\
:Rectangle{\x0d\x0a   \
         width: \
100\x0d\x0a           \
 height: 200\x0d\x0a  \
          color:\
 \x22red\x22\x0d\x0a        \
}\x0d\x0a    }\x0d\x0a}\x0d\x0a\x0d\x0a\
\x00\x00\x08\xdd\
i\
mport QtQuick\x0aIt\
em {\x0d\x0a    id: ro\
ot\x0d\x0a    property\
 Item homeTarget\
:parent\x0d\x0a    pro\
perty Component \
dropItem\x0d\x0a    pr\
operty int eleme\
ntIndex: index\x0d\x0a\
    property var\
 orientation:-1\x0a\
    readonly pro\
perty bool allow\
Vertical: orient\
ation === -1 ? t\
rue : orientatio\
n === ListView.V\
ertical\x0a    read\
only property bo\
ol allowHorizont\
al: orientation \
=== -1 ? true : \
orientation === \
ListView.Horizon\
tal\x0a    property\
 string theName\x0d\
\x0a    z:active?1:\
0\x0d\x0a    property \
int numer\x0d\x0a    p\
roperty alias dr\
opArea: dropArea\
\x0d\x0a    property b\
ool active: drag\
Handler.active\x0d\x0a\
    width: dragR\
ectangle.width\x0d\x0a\
    height: drag\
Rectangle.height\
\x0d\x0a    signal reo\
rder(int to, int\
 from)\x0d\x0a\x0d\x0a    Lo\
ader{\x0d\x0a        D\
rag.source:root\x0d\
\x0a        Drag.ac\
tive: dragHandle\
r.active\x0d\x0a      \
  id: dragRectan\
gle\x0d\x0a        anc\
hors.top: parent\
.top\x0d\x0a//        \
anchors.bottom: \
parent.bottom\x0d\x0a \
       anchors.l\
eft: parent.left\
\x0d\x0a//        anch\
ors.right: paren\
t.right\x0d\x0a    sou\
rceComponent: dr\
opItem\x0d\x0a\x0d\x0a    Dr\
agHandler{\x0d\x0a    \
    id:dragHandl\
er\x0d\x0a    yAxis.en\
abled: root.allo\
wVertical\x0a    xA\
xis.enabled: roo\
t.allowHorizonta\
l\x0a    }\x0d\x0a    }\x0d\x0a\
\x0d\x0a    DropArea {\
\x0d\x0a        id: dr\
opArea\x0d\x0a        \
width: parent.wi\
dth\x0d\x0a        hei\
ght: parent.heig\
ht\x0d\x0a        // W\
hy is the X/Y of\
fset this way?\x0d\x0a\
        x: width\
 * - 0.5\x0d\x0a      \
  onEntered: {\x0d\x0a\
            if (\
drag.source.elem\
entIndex !== ele\
mentIndex) {\x0d\x0a  \
              ro\
ot.reorder(drag.\
source.elementIn\
dex, elementInde\
x)\x0d\x0a            \
    drag.accept(\
Qt.MoveAction)\x0d\x0a\
            }\x0d\x0a \
       }\x0d\x0a    }\x0d\
\x0a\x0d\x0a\x0d\x0a//    Mouse\
Area {\x0d\x0a//      \
  id: ma\x0d\x0a//    \
    acceptedButt\
ons: Qt.NoButton\
\x0d\x0a//        anch\
ors.fill: parent\
\x0d\x0a//        drag\
.target: dragRec\
tangle\x0d\x0a//      \
  drag.axis: Dra\
g.XAxis\x0d\x0a//     \
   preventSteali\
ng :true\x0d\x0a//    \
    propagateCom\
posedEvents:fals\
e\x0d\x0a//    }\x0d\x0a\x0d\x0a  \
  states: [\x0d\x0a   \
     State {\x0d\x0a  \
          name: \
\x22dragging\x22\x0d\x0a    \
        when: dr\
agHandler.active\
\x0d\x0a            Pa\
rentChange { tar\
get: dragRectang\
le; parent: root\
.homeTarget }\x0d\x0a \
           Ancho\
rChanges { targe\
t: dragRectangle\
; anchors.top: u\
ndefined; anchor\
s.right: undefin\
ed; anchors.bott\
om: undefined; a\
nchors.left: und\
efined }\x0d\x0a      \
  }\x0d\x0a    ]\x0d\x0a    \
transitions: [\x0d\x0a\
        Transiti\
on {\x0d\x0a          \
  from: \x22draggin\
g\x22\x0d\x0a            \
to: \x22*\x22\x0d\x0aAnchorA\
nimation{duratio\
n: 300;easing.ty\
pe: Easing.OutBa\
ck}\x0d\x0a        }\x0d\x0a\
    ]\x0d\x0a}\x0d\x0a\x0d\x0a\
\x00\x00\x00\xa7\
i\
mport QtQuick\x0a\x0ai\
mport \x22../../cor\
es\x22 as Cores\x0a\x0aCo\
lorItemDelegateB\
uttonBase {\x0a  ti\
pText: \x22ping\x22\x0a  \
source: Cores.Co\
reStyle.getIconS\
ource(\x22qml/resou\
rce/icon/ping.pn\
g\x22)\x0a}\x0a\
\x00\x00\x03\xe4\
i\
mport QtQuick\x0aim\
port QtQuick.Con\
trols\x0aimport QtQ\
uick.Controls.Ma\
terial\x0a\x0a\x0aimport \
\x22../../cores\x22 as\
 Cores\x0aimport \x22.\
./Base\x22\x0a\x0aItem {\x0a\
  id: root\x0a  hei\
ght: parent.heig\
ht\x0a  width: heig\
ht\x0a\x0a  property b\
ool selected: fa\
lse\x0a  property c\
olor selectColor\
: Material.color\
(Material.accent\
)\x0a  property str\
ing tipText: \x22\x22\x0a\
  property alias\
 source: iconIma\
ge.source\x0a\x0a  Too\
lTip.visible: ti\
pText !== \x22\x22 && \
hovered\x0a  ToolTi\
p.text: tipText\x0a\
\x0a  Item {\x0a    an\
chors.centerIn: \
parent\x0a    heigh\
t: parent.height\
 * 0.9\x0a    width\
: height\x0a\x0a    Im\
age {\x0a      id: \
iconImage\x0a      \
anchors.fill: pa\
rent\x0a      fillM\
ode: Image.Prese\
rveAspectFit\x0a   \
   visible: fals\
e\x0a    }\x0a\x0a    // \
ColorOverlay {\x0a \
   //   anchors.\
centerIn: parent\
\x0a    //   width:\
 iconImage.width\
\x0a    //   height\
: iconImage.heig\
ht\x0a    //   sour\
ce: iconImage\x0a  \
  //   color: ro\
ot.selected ? ro\
ot.selectColor\x0a \
   //           \
             : (\
Cores.CoreStyle.\
isDark ? \x22#eee\x22 \
: \x22#2e2e2e\x22)\x0a   \
 //   layer.enab\
led: true\x0a    //\
   layer.effect:\
 DropShadowBase \
{ }\x0a    // }\x0a  }\
\x0a}\x0a\
\x00\x00\x00\xb5\
i\
mport QtQuick\x0a\x0ai\
mport \x22../../cor\
es\x22 as Cores\x0a\x0aIm\
ageButton {\x0a  ti\
pText: \x22\x5cu5171\x5cu\
4eab\x5cu6587\x5cu4ef6\
\x5cu5939\x22\x0a  source\
: Cores.CoreStyl\
e.getIconSource(\
\x22qml/resource/ic\
on/explorer.png\x22\
)\x0a}\x0a\
\x00\x00\x00\xd8\
i\
mport QtQuick\x0aim\
port QtQuick.Con\
trols\x0a\x0aimport \x22.\
./../cores\x22 as C\
ores\x0a\x0aItemDelega\
te {\x0a  ColorImag\
eButton {\x0a    ti\
pText: \x22\x5cu8c03\x5cu\
8282\x22\x0a    source\
: Cores.CoreStyl\
e.getIconSource(\
\x22qml/resource/ic\
on/moreSet.png\x22)\
\x0a  }\x0a}\x0a\
\x00\x00\x01\xbc\
i\
mport QtQuick\x0aim\
port QtQuick.Lay\
outs\x0aimport QtQu\
ick.Controls\x0aimp\
ort QtQuick.Cont\
rols.Material\x0aIt\
emDelegate{\x0d\x0a   \
 property alias \
source: image.so\
urce\x0d\x0a    proper\
ty string tipTex\
t: \x22\x22\x0d\x0a    ToolT\
ip.visible: tipT\
ext!==\x22\x22 && hove\
red\x0d\x0a    ToolTip\
.text: tipText\x0d\x0a\
    Item{\x0d\x0a     \
   anchors.fill:\
 parent\x0d\x0a       \
 Image{\x0d\x0a       \
     id:image\x0d\x0a \
           ancho\
rs.fill: parent\x0d\
\x0a            fil\
lMode: Image.Pre\
serveAspectFit\x0d\x0a\
        }\x0d\x0a    }\
\x0d\x0a\x0d\x0a\x0d\x0a}\x0d\x0a\x0d\x0a\
\x00\x00\x01M\
i\
mport QtQuick\x0aim\
port QtQuick.Con\
trols\x0aimport \x22..\
/../cores\x22 as Co\
res\x0aItemDelegate\
 {\x0a    implicitH\
eight: Cores.Cor\
eStyle.cardHeadH\
eight\x0a    height\
:Cores.CoreStyle\
.cardHeadHeight\x0a\
    property str\
ing tipText: \x22\x22\x0a\
    ToolTip.visi\
ble: tipText!==\x22\
\x22 && hovered\x0a   \
 ToolTip.text: t\
ipText\x0a    Frame\
{\x0a            an\
chors.fill: pare\
nt\x0a    }\x0a}\x0a\x0a\
\x00\x00\x01\x12\
i\
mport QtQuick\x0aim\
port QtQuick.Con\
trols\x0a\x0aimport \x22.\
./Base\x22\x0aimport \x22\
../Labels\x22\x0aimpor\
t \x22../../cores\x22 \
as Cores\x0a\x0aBtnBas\
e {\x0a  ColorImage\
Button {\x0a    id:\
 icon\x0a    source\
: Cores.CoreStyl\
e.getIconSource(\
\x22arrow-pre.png\x22)\
\x0a  }\x0a\x0a  EffectLa\
bel {\x0a    text: \
qsTr(\x22\x5cu4e0a\x5cu4e\
00\x5cu5377\x22)\x0a  }\x0a}\
\x0a\
\x00\x00\x02\xa0\
i\
mport QtQuick\x0d\x0ai\
mport QtQuick.Co\
ntrols\x0d\x0aimport Q\
tQuick.Layouts\x0d\x0a\
Row{\x0d\x0a    spacin\
g: 5\x0d\x0a    id:row\
\x0d\x0a    signal cli\
cked()\x0d\x0a    prop\
erty alias cliac\
_enabled:  btb.e\
nabled\x0d\x0a    prop\
erty alias hover\
ed: btb.hovered\x0d\
\x0a    Item{\x0d\x0a    \
    MouseArea{\x0d\x0a\
            widt\
h: row.width\x0d\x0a  \
          height\
: row.height\x0d\x0a  \
          enable\
d: !cliac_enable\
d\x0d\x0a            a\
cceptedButtons: \
Qt.NoButton\x0d\x0a   \
         hoverEn\
abled: true\x0d\x0a   \
         cursorS\
hape:!cliac_enab\
led?Qt.Forbidden\
Cursor:Qt.Pointi\
ngHandCursor\x0d\x0a  \
      }\x0d\x0a       \
 ItemDelegate{\x0d\x0a\
            id:b\
tb\x0d\x0a            \
width: row.width\
\x0d\x0a            he\
ight: row.height\
\x0d\x0a            on\
Clicked: row.cli\
cked()\x0d\x0a        \
}\x0d\x0a    }\x0d\x0a}\x0d\x0a\x0d\x0a\
\x00\x00\x064\
i\
mport QtQuick\x0d\x0ai\
mport QtQuick.Co\
ntrols\x0d\x0aimport \x22\
../../cores\x22 as \
Cores\x0d\x0a\x0d\x0a// \xe7\xbb\x9f\xe4\
\xb8\x80\xe9\xa3\x8e\xe6\xa0\xbc\xe7\x9a\x84\xe6\x93\x8d\xe4\xbd\
\x9c\xe6\x8c\x89\xe9\x92\xae\xef\xbc\x9a\xe5\x9c\x86\xe8\xa7\x92\
\xe3\x80\x81\xe5\x88\x86\xe6\xa0\xbc\xe9\xa3\x8e\xe6\xa0\xbc\xe3\
\x80\x81\xe4\xb8\xbb\xe9\xa2\x98\xe8\x81\x94\xe5\x8a\xa8\x0d\x0a\
Button {\x0a  id: c\
ontrol\x0a  // \xe5\x8f\xaf\xe9\
\x80\x89\xe5\x8d\xb1\xe9\x99\xa9\xe6\x80\x81\xef\xbc\x88\xe5\xa6\
\x82\xe5\x81\x9c\xe6\xad\xa2\xef\xbc\x89\x0a  pro\
perty bool dange\
r: false\x0a  // \xe5\xa4\
\x96\xe9\x83\xa8\xe5\x8f\xaf\xe6\xbf\x80\xe6\xb4\xbb\xe7\x9a\x84\
\xe9\xab\x98\xe4\xba\xae\xe6\x80\x81\xef\xbc\x88\xe7\x94\xa8\xe4\
\xba\x8e\xe9\x94\xae\xe7\x9b\x98\xe5\x8f\x8d\xe9\xa6\x88\xe7\xad\
\x89\xef\xbc\x89\x0a  property \
bool active: fal\
se\x0a  readonly pr\
operty bool isHi\
ghlighted: down \
? true : active\x0a\
  Rectangle{anch\
ors.fill: parent\
;opacity:0.1}\x0d\x0a \
 font.pixelSize:\
 13\x0d\x0a  // \xe6\x98\x8e\xe7\xa1\xae\
\xe5\x86\x85\xe8\xbe\xb9\xe8\xb7\x9d\xe4\xb8\x8e\xe6\x82\xac\xe5\
\x81\x9c\xe8\xa1\x8c\xe4\xb8\xba\xef\xbc\x8c\xe9\x81\xbf\xe5\x85\
\x8d\xe5\xae\x9e\xe9\x99\x85\xe7\x82\xb9\xe5\x87\xbb\xe5\x8c\xba\
\xe5\x9f\x9f\xe4\xb8\x8e\xe8\xa7\x86\xe8\xa7\x89\xe4\xb8\x8d\xe4\
\xb8\x80\xe8\x87\xb4\x0d\x0a  padding\
: 3\x0d\x0a  leftPaddi\
ng: 6\x0d\x0a  rightPa\
dding: 6\x0d\x0a  topP\
adding: 2\x0d\x0a  bot\
tomPadding: 2\x0d\x0a \
 hoverEnabled: t\
rue\x0d\x0a\x0d\x0a  // \xe5\x9f\xba\xe4\
\xba\x8e\xe5\x86\x85\xe5\xae\xb9\xe8\xae\xa1\xe7\xae\x97\xe9\x9a\
\x90\xe5\xbc\x8f\xe5\xb0\xba\xe5\xaf\xb8\xef\xbc\x8c\xe5\x87\x8f\
\xe5\xb0\x91\xe5\xb8\x83\xe5\xb1\x80\xe4\xba\xa7\xe7\x94\x9f\xe7\
\x9a\x84\xe8\xbf\x87\xe5\xa4\xa7\xe7\xa9\xba\xe7\x99\xbd\x0d\x0a\
  implicitWidth:\
 Math.max(\x0d\x0a    \
                \
64,\x0d\x0a           \
         (conten\
tItem ? contentI\
tem.implicitWidt\
h : 0)\x0d\x0a        \
          )\x0d\x0a  i\
mplicitHeight: M\
ath.max(\x0d\x0a      \
               2\
8,\x0d\x0a            \
         (conten\
tItem ? contentI\
tem.implicitHeig\
ht : 0)\x0d\x0a       \
            )\x0d\x0a\x0d\
\x0a  background: R\
ectangle {\x0a    r\
adius: 4\x0a    anc\
hors.fill: contr\
ol\x0a    color: co\
ntrol.isHighligh\
ted\x0a           ?\
 (control.danger\
 ? \x22#b91c1c\x22 : C\
ores.CoreStyle.p\
rimary)\x0a        \
   : Cores.CoreS\
tyle.surface\x0a   \
 border.color: C\
ores.CoreStyle.b\
order\x0a  }\x0a  cont\
entItem: Text {\x0a\
    font.bold: t\
rue\x0a    text: co\
ntrol.text\x0a    c\
olor: control.is\
Highlighted ? \x22w\
hite\x22 : Cores.Co\
reStyle.text\x0a   \
 horizontalAlign\
ment: Text.Align\
HCenter\x0d\x0a    ver\
ticalAlignment: \
Text.AlignVCente\
r\x0d\x0a    elide: Te\
xt.ElideRight\x0d\x0a \
   width: contro\
l.availableWidth\
\x0d\x0a    height: co\
ntrol.availableH\
eight\x0d\x0a\x0d\x0a  }\x0d\x0a}\x0d\
\x0a\x0d\x0a\
\x00\x00\x00\xa8\
i\
mport QtQuick\x0a\x0ai\
mport \x22../../cor\
es\x22 as Cores\x0a\x0aIm\
ageButton {\x0a  ti\
pText: \x22\x5cu8fdc\x5cu\
7a0b\x22\x0a  source: \
Cores.CoreStyle.\
getIconSource(\x22q\
ml/resource/icon\
/remoteControl.p\
ng\x22)\x0a}\x0a\
\x00\x00\x01\x01\
i\
mport QtQuick\x0a\x0ai\
mport \x22../../cor\
es\x22 as Cores\x0a\x0aIm\
ageButton {\x0a  so\
urce: Cores.Core\
Style.getIconSou\
rce(\x22flush.png\x22)\
\x0a\x0a  Item {\x0a    a\
nchors.fill: par\
ent\x0a\x0a    Image {\
\x0a      id: image\
\x0a      anchors.f\
ill: parent\x0a    \
  fillMode: Imag\
e.PreserveAspect\
Fit\x0a    }\x0a  }\x0a}\x0a\
\
\x00\x00\x001\
i\
mport QtQuick\x0d\x0a\x0d\
\x0aItemDelegateBut\
tonBase {\x0d\x0a\x0d\x0a}\x0d\x0a\
\
\x00\x00\x00\xc9\
i\
mport QtQuick\x0aim\
port QtQuick.Con\
trols\x0a\x0aimport \x22.\
./../cores\x22 as C\
ores\x0a\x0aColorItemD\
elegateButtonBas\
e {\x0a  tipText: \x22\
\x5cu5207\x5cu6362\x22\x0a  \
source: Cores.Co\
reStyle.getIconS\
ource(\x22qml/resou\
rce/icon/switch.\
png\x22)\x0a}\x0a\
\x00\x00\x02g\
i\
mport QtQuick\x0aim\
port QtQuick.Con\
trols\x0aimport \x22..\
/Base\x22\x0d\x0aItemDele\
gateBase {\x0d\x0a    \
height: parent.h\
eight\x0d\x0a    width\
: height\x0d\x0a\x0d\x0a    \
property alias s\
elected: efi.sel\
ected\x0d\x0a    prope\
rty alias source\
: efi.source\x0d\x0a  \
  property alias\
 selectColor: ef\
i.selectColor\x0d\x0a \
   MouseArea{\x0d\x0a \
   anchors.fill:\
 parent\x0d\x0a    acc\
eptedButtons: Qt\
.NoButton\x0d\x0a    c\
ursorShape: Qt.P\
ointingHandCurso\
r\x0d\x0a    }\x0d\x0a    It\
em{\x0d\x0a        hei\
ght: parent.heig\
ht*0.66\x0d\x0a       \
 width: height\x0d\x0a\
        anchors.\
centerIn: parent\
\x0d\x0a        ColorI\
mageButton{\x0d\x0a   \
         id:efi\x0d\
\x0a            hei\
ght: parent.heig\
ht\x0d\x0a            \
width: height\x0d\x0a \
       }\x0d\x0a    }\x0d\
\x0a}\x0d\x0a\x0d\x0a\
\x00\x00\x00{\
i\
mport QtQuick\x0d\x0ai\
mport \x22../../cor\
es\x22 as Cores\x0d\x0aIm\
ageButton {\x0d\x0a   \
 source: Cores.C\
oreStyle.getIcon\
Source(\x22add.png\x22\
)\x0d\x0a}\x0d\x0a\x0d\x0a\x0d\x0a\
\x00\x00\x02\xf2\
i\
mport QtQuick\x0d\x0ai\
mport QtQuick.Co\
ntrols\x0d\x0aimport Q\
tQuick.Layouts\x0d\x0a\
import QtQuick.C\
ontrols.Material\
\x0d\x0aItemDelegate{\x0d\
\x0a    property al\
ias labelText: l\
ab.text\x0d\x0a    pro\
perty alias labe\
lColor: lab.colo\
r\x0d\x0a    property \
alias labelRotat\
ion: lab.rotatio\
n\x0d\x0a    property \
int labelPixelSi\
ze: width/1.5\x0d\x0a \
   property alia\
s labelScale: la\
b.scale\x0d\x0a    Too\
lTip.visible: To\
olTip.text&&hove\
red\x0d\x0a    Label{\x0d\
\x0a        id:lab\x0d\
\x0a        scale:p\
arent.hovered?2:\
1\x0d\x0a        ancho\
rs.centerIn: par\
ent\x0d\x0a        fon\
t.pixelSize: lab\
elPixelSize\x0d\x0a   \
     font.bold: \
true\x0d\x0a        te\
xt: qsTr(\x22\xe2\x96\xbc\x22)\x0d\
\x0a        Behavio\
r on rotation {N\
umberAnimation{d\
uration: 400}}\x0d\x0a\
        Behavior\
 on scale {Numbe\
rAnimation{durat\
ion: 400}}\x0d\x0a    \
    Behavior on \
color {ColorAnim\
ation{duration: \
400}}\x0d\x0a    }\x0d\x0a\x0d\x0a\
}\
\x00\x00\x006\
i\
mport QtQuick\x0aim\
port QtQuick.Con\
trols\x0aItem {\x0d\x0a\x0d\x0a\
}\x0d\x0a\x0d\x0a\
\x00\x00\x05\xe5\
i\
mport QtQuick\x0aim\
port QtQuick.Con\
trols\x0aimport \x22..\
/../cores\x22 as Co\
res\x0a\x0a// \xe5\xa4\x8d\xe9\x80\x89\xe9\xa1\
\xb9\xe5\xa7\x94\xe6\x89\x98\xef\xbc\x88\xe5\x8f\xaf\xe6\x8e\xa7\
\xe9\xab\x98\xe5\xba\xa6/\xe8\x87\xaa\xe9\x80\x82\xe5\xba\x94\
\xe6\x8c\x87\xe7\xa4\xba\xe5\x99\xa8\xef\xbc\x89\x0aChe\
ckDelegate {\x0a  i\
d: control\x0a\x0a  //\
 \xe5\x85\x81\xe8\xae\xb8\xe5\xa4\x96\xe9\x83\xa8\xe6\x8c\x89\
\xe9\x9c\x80\xe6\x8e\xa7\xe5\x88\xb6\xe9\xab\x98\xe5\xba\xa6\xef\
\xbc\x9b\xe6\x9c\xaa\xe8\xae\xbe\xe7\xbd\xae\xe6\x97\xb6\xe4\xbd\
\xbf\xe7\x94\xa8\xe9\xbb\x98\xe8\xae\xa4 24\x0a  \
property int con\
trolHeight: 24\x0a \
 implicitHeight:\
 controlHeight\x0a \
 spacing: 6\x0a  pa\
dding: 6\x0a  // \xe4\xb8\
\xba\xe5\x86\x85\xe5\xae\xb9\xe9\xa2\x84\xe7\x95\x99\xe5\xb7\xa6\
\xe4\xbe\xa7\xe7\xa9\xba\xe9\x97\xb4\xef\xbc\x88\xe6\x8c\x87\xe7\
\xa4\xba\xe5\x99\xa8\xe5\xae\xbd\xe5\xba\xa6 + \xe9\x97\
\xb4\xe8\xb7\x9d\xef\xbc\x89\xe9\x81\xbf\xe5\x85\x8d\xe6\x96\x87\
\xe6\x9c\xac\xe8\xa6\x86\xe7\x9b\x96\xe5\x8b\xbe\xe9\x80\x89\xe6\
\xa1\x86\x0a  leftPadding\
: (indicator ? i\
ndicator.width :\
 18) + 12\x0a\x0a  // \
\xe5\x9f\xba\xe4\xba\x8e\xe5\xae\x9e\xe9\x99\x85\xe9\xab\x98\xe5\
\xba\xa6\xe8\x87\xaa\xe9\x80\x82\xe5\xba\x94\xe7\x9a\x84\xe6\x8c\
\x87\xe7\xa4\xba\xe5\x99\xa8\xe5\xb0\xba\xe5\xaf\xb8\xe4\xb8\x8e\
\xe5\xaf\xb9\xe9\xbd\x90\x0a  indicat\
or: Rectangle {\x0a\
    id: ind\x0a    \
width: Math.roun\
d(Math.min(20, M\
ath.max(14, cont\
rol.height - 10)\
))\x0a    height: w\
idth\x0a    radius:\
 3\x0a    anchors.l\
eft: parent.left\
\x0a    anchors.lef\
tMargin: 6\x0a    a\
nchors.verticalC\
enter: parent.ve\
rticalCenter\x0a   \
 color: control.\
checked ? Cores.\
CoreStyle.primar\
y : Cores.CoreSt\
yle.surface\x0a    \
border.color: Co\
res.CoreStyle.bo\
rder\x0a    Text {\x0a\
      anchors.ce\
nterIn: parent\x0a \
     text: contr\
ol.checked ? \x22\xe2\x9c\
\x93\x22 : \x22\x22\x0a      co\
lor: control.che\
cked ? \x22white\x22 :\
 \x22transparent\x22\x0a \
     font.pixelS\
ize: Math.round(\
parent.height * \
0.8)\x0a    }\x0a  }\x0a\x0a\
  // \xe6\x96\x87\xe6\x9c\xac\xe5\x9e\x82\xe7\x9b\
\xb4\xe5\xb1\x85\xe4\xb8\xad\xef\xbc\x8c\xe9\x80\x82\xe9\x85\x8d\
\xe5\x8f\xaf\xe7\x94\xa8\xe9\xab\x98\xe5\xba\xa6\x0a  c\
ontentItem: Text\
 {\x0a    text: con\
trol.text\x0a    co\
lor: control.ena\
bled ? Cores.Cor\
eStyle.text : Co\
res.CoreStyle.mu\
ted\x0a    vertical\
Alignment: Text.\
AlignVCenter\x0a   \
 horizontalAlign\
ment: Text.Align\
Left\x0a    elide: \
Text.ElideRight\x0a\
    // \xe5\x8d\xa0\xe6\xbb\xa1\xe5\x8f\xaf\
\xe7\x94\xa8\xe5\x8c\xba\xe5\x9f\x9f\xef\xbc\x88\xe5\xb7\xb2\xe7\
\x94\xb1 leftPadding \xe8\
\xae\xa9\xe5\x87\xba\xe6\x8c\x87\xe7\xa4\xba\xe5\x99\xa8\xe7\xa9\
\xba\xe9\x97\xb4\xef\xbc\x89\x0a    widt\
h: control.avail\
ableWidth\x0a    he\
ight: control.av\
ailableHeight\x0a  \
}\x0a}\x0a\
\x00\x00\x00\xf5\
i\
mport QtQuick\x0a\x0ai\
mport \x22../../cor\
es\x22 as Cores\x0a\x0aCo\
lorItemDelegateB\
uttonBase {\x0a  so\
urce: selected\x0a \
         ? Cores\
.CoreStyle.getIc\
onSource(\x22qml/re\
source/icon/eye_\
l.png\x22)\x0a        \
  : Cores.CoreSt\
yle.getIconSourc\
e(\x22qml/resource/\
icon/eyeu_l.png\x22\
)\x0a}\x0a\
\x00\x00\x01\xef\
i\
mport QtQuick\x0d\x0ai\
mport QtQuick.Co\
ntrols\x0d\x0aimport \x22\
../Base\x22\x0d\x0aItemDe\
legate {\x0d\x0a    he\
ight: parent.hei\
ght\x0d\x0a    width: \
height\x0d\x0a    prop\
erty string tipT\
ext: \x22\x22\x0d\x0a    Too\
lTip.visible: ti\
pText!==\x22\x22 && ho\
vered\x0d\x0a    ToolT\
ip.text: tipText\
\x0d\x0a    property a\
lias source: efi\
.source\x0d\x0a    Ite\
m{\x0d\x0a        heig\
ht: parent.heigh\
t*0.66\x0d\x0a        \
width: height\x0d\x0a \
       anchors.c\
enterIn: parent\x0d\
\x0a        EffectI\
mage{\x0d\x0a         \
   id:efi\x0d\x0a     \
       height: p\
arent.height\x0d\x0a  \
          width:\
 height\x0d\x0a       \
 }\x0d\x0a    }\x0d\x0a}\x0d\x0a\
\x00\x00\x00\xeb\
i\
mport QtQuick\x0aim\
port QtQuick.Con\
trols\x0aItemDelega\
teBase {\x0d\x0a\x0d\x0a    \
property alias i\
conText:  lb.tex\
t\x0d\x0a    Label{\x0d\x0a \
       id:lb\x0d\x0a  \
  anchors.center\
In: parent\x0d\x0a    \
font.bold: true\x0d\
\x0a    font.family\
: \x22\xe9\xbb\x91\xe4\xbd\x93\x22\x0d\x0a    \
scale: 2\x0d\x0a\x0d\x0a    \
}\x0d\x0a\x0d\x0a}\x0d\x0a\x0d\x0a\
\x00\x00\x00X\
i\
mport QtQuick\x0d\x0ai\
mport QtQuick.Co\
ntrols\x0d\x0aimport Q\
tQuick.Layouts\x0d\x0a\
\x0d\x0aCheckBox {\x0d\x0a\x0d\x0a\
\x0d\x0a\x0d\x0a}\x0d\x0a\
\x00\x00\x00\xf0\
i\
mport QtQuick\x0d\x0ai\
mport QtQuick.Co\
ntrols.Material\x0d\
\x0aimport\x22../../co\
res\x22 as Cores\x0d\x0aI\
tem {\x0d\x0a    width\
: parent.width\x0d\x0a\
    height:Cores\
.CoreStyle.cardH\
eadHeight\x0d\x0a    P\
ane{\x0d\x0a        an\
chors.fill: pare\
nt\x0d\x0a        Mate\
rial.elevation: \
6\x0d\x0a    }\x0d\x0a\x0d\x0a}\x0d\x0a\
\x00\x00\x00\x1f\
i\
mport QtQuick\x0d\x0a\x0d\
\x0aItem {\x0d\x0a\x0d\x0a}\x0d\x0a\
\x00\x00\x096\
p\
ragma Singleton\x0a\
import QtQuick\x0a\x0a\
QtObject {\x0a  id:\
 root\x0a\x0a  propert\
y int historyLim\
it: 50\x0a  propert\
y double lastUpd\
atedMs: 0\x0a\x0a  pro\
perty var workpi\
ece: ({\x0a    id: \
0,\x0a    code: \x22\x22,\
\x0a    type: \x22\x22,\x0a \
   material: \x22\x22\x0a\
  })\x0a\x0a  property\
 var record: ({\x0a\
    id: 0,\x0a    s\
tatus: \x22\x22\x0a  })\x0a\x0a\
  property var t\
ask: ({\x0a    name\
: \x22\x22,\x0a    status\
: \x22\x22\x0a  })\x0a\x0a  pro\
perty var lastCo\
ntrol: ({})\x0a  pr\
operty var contr\
olHistory: []\x0a\x0a \
 function reset(\
) {\x0a    workpiec\
e = {\x0a      id: \
0,\x0a      code: \x22\
\x22,\x0a      type: \x22\
\x22,\x0a      materia\
l: \x22\x22\x0a    }\x0a    \
record = {\x0a     \
 id: 0,\x0a      st\
atus: \x22\x22\x0a    }\x0a \
   task = {\x0a    \
  name: \x22\x22,\x0a    \
  status: \x22\x22\x0a   \
 }\x0a    lastContr\
ol = {}\x0a    cont\
rolHistory = []\x0a\
    lastUpdatedM\
s = Date.now()\x0a \
 }\x0a\x0a  function u\
pdateWorkpiece(i\
nfo) {\x0a    if (!\
info)\x0a      retu\
rn\x0a    workpiece\
 = _merge(workpi\
ece, info)\x0a    l\
astUpdatedMs = D\
ate.now()\x0a  }\x0a\x0a \
 function update\
Record(info) {\x0a \
   if (!info)\x0a  \
    return\x0a    r\
ecord = _merge(r\
ecord, info)\x0a   \
 lastUpdatedMs =\
 Date.now()\x0a  }\x0a\
\x0a  function upda\
teTask(info) {\x0a \
   if (!info)\x0a  \
    return\x0a    t\
ask = _merge(tas\
k, info)\x0a    las\
tUpdatedMs = Dat\
e.now()\x0a  }\x0a\x0a  f\
unction pushCont\
rol(action, para\
ms, metadata) {\x0a\
    var entry = \
{\x0a      action: \
action || \x22\x22,\x0a  \
    params: para\
ms ? _clone(para\
ms) : {},\x0a      \
metadata: metada\
ta ? _clone(meta\
data) : {},\x0a    \
  ts: Date.now()\
\x0a    }\x0a    var h\
istory = Array.i\
sArray(controlHi\
story) ? control\
History.slice(0)\
 : []\x0a    histor\
y.unshift(entry)\
\x0a    if (history\
.length > histor\
yLimit)\x0a      hi\
story.length = h\
istoryLimit\x0a    \
controlHistory =\
 history\x0a    las\
tControl = entry\
\x0a    lastUpdated\
Ms = entry.ts\x0a  \
}\x0a\x0a  function _m\
erge(target, sou\
rce) {\x0a    var b\
ase = (target &&\
 typeof target =\
== \x22object\x22) ? _\
clone(target) : \
{}\x0a    var src =\
 (source && type\
of source === \x22o\
bject\x22) ? _clone\
(source) : {}\x0a  \
  for (var key i\
n src) {\x0a      i\
f (!src.hasOwnPr\
operty(key))\x0a   \
     continue\x0a  \
    base[key] = \
src[key]\x0a    }\x0a \
   return base\x0a \
 }\x0a\x0a  function _\
clone(value) {\x0a \
   if (value ===\
 null || value =\
== undefined)\x0a  \
    return {}\x0a  \
  if (Array.isAr\
ray(value))\x0a    \
  return value.s\
lice(0)\x0a    if (\
typeof value !==\
 \x22object\x22)\x0a     \
 return value\x0a  \
  try {\x0a      re\
turn JSON.parse(\
JSON.stringify(v\
alue))\x0a    } cat\
ch (err) {\x0a     \
 var result = {}\
\x0a      for (var \
key in value) {\x0a\
        if (!val\
ue.hasOwnPropert\
y(key))\x0a        \
  continue\x0a     \
   result[key] =\
 value[key]\x0a    \
  }\x0a      return\
 result\x0a    }\x0a  \
}\x0a}\x0d\x0a\
\x00\x00\x02\xcd\
p\
ragma Singleton\x0a\
import QtQuick\x0ai\
mport \x22../enums\x22\
 as Enums\x0a\x0aItem \
{\x0a    // \xe5\xba\x94\xe7\x94\xa8\xe4\
\xb8\xbb\xe6\xa0\x87\xe9\xa2\x98\xef\xbc\x8c\xe7\x94\xa8\xe4\xba\
\x8e\xe7\xaa\x97\xe5\x8f\xa3\xe6\xa0\x87\xe9\xa2\x98\xe6\xa0\x8f\
\xe6\x98\xbe\xe7\xa4\xba\x0a    prope\
rty string title\
: Enums.AppEnums\
.title\x0a    // \xe5\x85\
\xac\xe5\x8f\xb8\xe5\x90\x8d\xe7\xa7\xb0\xef\xbc\x8c\xe4\xbe\x9b\
 UI \xe7\xbb\x9f\xe4\xb8\x80\xe5\xbc\x95\xe7\x94\xa8\
\x0a    property st\
ring companyName\
: Enums.AppEnums\
.companyName\x0a   \
 // \xe7\xb3\xbb\xe7\xbb\x9f\xe5\x90\x8d\xe7\xa7\xb0\
\xef\xbc\x8c\xe9\xbb\x98\xe8\xae\xa4\xe5\xa4\x8d\xe7\x94\xa8\xe4\
\xb8\xbb\xe6\xa0\x87\xe9\xa2\x98\x0a    pro\
perty string sys\
temTitle: Enums.\
AppEnums.systemT\
itle\x0a\x0a    // \xe4\xb8\xbb\
\xe9\xa1\xb5\xe9\x9d\xa2\xe6\xa0\x87\xe7\xad\xbe\xe5\x90\x8d\xe7\
\xa7\xb0\xe5\x88\x97\xe8\xa1\xa8\x0a    pro\
perty var pageMo\
dels: Enums.AppE\
nums.pageModels\x0a\
    // \xe6\x95\xb0\xe6\x8d\xae\xe8\xa7\x86\
\xe5\x9b\xbe\xe6\xa8\xa1\xe5\xbc\x8f\xe5\x90\x8d\xe7\xa7\xb0\xe5\
\x88\x97\xe8\xa1\xa8\x0a    proper\
ty var dataViewM\
odels: Enums.App\
Enums.dataViewMo\
dels\x0a    // \xe6\x89\x80\xe6\
\x9c\x89\xe8\xbf\x90\xe8\xa1\x8c\xe6\xa8\xa1\xe5\xbc\x8f\xe5\x90\
\x8d\xe7\xa7\xb0\x0a    propert\
y var allRunMode\
l: Enums.AppEnum\
s.allRunModel\x0a  \
  property var a\
llImageType: Enu\
ms.AppEnums.allI\
mageType\x0a}\x0d\x0a\
\x00\x00\x01\xcc\
p\
ragma Singleton\x0a\
import QtQuick\x0d\x0a\
\x0d\x0aItem {\x0a    id:\
 root\x0a    // \xe5\x85\xa8\
\xe5\xb1\x80\xe9\x94\x99\xe8\xaf\xaf\xe5\xbc\xb9\xe7\xaa\x97\xe6\
\x98\xaf\xe5\x90\xa6\xe5\x8f\xaf\xe8\xa7\x81\x0a    \
property bool gl\
obErrorVisible: \
false\x0a    // \xe5\x85\xa8\
\xe5\xb1\x80\xe9\x94\x99\xe8\xaf\xaf\xe6\x8f\x90\xe7\xa4\xba\xe6\
\x96\x87\xe6\x9c\xac\x0a    proper\
ty string globEr\
rorText: \x22\x22\x0a\x0a   \
 // \xe6\x98\xbe\xe7\xa4\xba\xe9\x94\x99\xe8\xaf\xaf\
\xe4\xbf\xa1\xe6\x81\xaf\x0a    funct\
ion showError(ms\
g) {\x0a      root.\
globErrorText = \
msg\x0a      root.g\
lobErrorVisible \
= true\x0a    }\x0a\x0a  \
  // \xe6\xb8\x85\xe9\x99\xa4\xe9\x94\x99\xe8\xaf\
\xaf\xe4\xbf\xa1\xe6\x81\xaf\x0a    func\
tion clear() {\x0a \
     root.globEr\
rorVisible = fal\
se\x0a      root.gl\
obErrorText = \x22\x22\
\x0a    }\x0a}\x0a\x0d\x0a\
\x00\x00\x09\x86\
p\
ragma Singleton\x0a\
import QtQuick\x0ai\
mport QtCore\x0aimp\
ort QtQml\x0aimport\
 \x22../Api\x22 as Api\
\x0aItem {\x0a  id: ro\
ot\x0a\x0a  property i\
nt selectedTabIn\
dex: 0\x0a\x0a  proper\
ty int currentRu\
nModelIndex: 0\x0a \
 readonly proper\
ty string curren\
tRunModelName: C\
oreUI.allRunMode\
l[currentRunMode\
lIndex]\x0a\x0a  reado\
nly property boo\
l isUseModel: cu\
rrentRunModelNam\
e == \x22\xe6\x89\x8b\xe5\x8a\xa8\x22\x0a\x0a \
 property int re\
alViewIndex: 0\x0a \
 readonly proper\
ty string realVi\
ewName: CoreUI.d\
ataViewModels[re\
alViewIndex]\x0a\x0a  \
property int cur\
rent2DShowIndex:\
 0\x0a  readonly pr\
operty string cu\
rrent2DShowName:\
 CoreUI.allImage\
Type[current2DSh\
owIndex]\x0a\x0a  read\
only property va\
r imageTypeQuery\
Map: ({\x0a      \x22\xe5\
\xbd\xa9\xe8\x89\xb2\x22: \x22color\x22,\
\x0a      \x22\xe7\x81\xb0\xe5\xba\xa6\x22:\
 \x22gray\x22,\x0a      \x22\
\xe6\xb7\xb1\xe5\xba\xa6\x22: \x22depth\x22\
,\x0a      \x22\xe6\xb3\x95\xe7\xba\xbf\x22\
: \x22normal\x22\x0a  })\x0a\
\x0a  property stri\
ng current2dImag\
eSource: \x22\x22\x0a  pr\
operty string pa\
rticleMaskSource\
: \x22\x22\x0a  property \
bool showParticl\
eMask: false\x0a  p\
roperty bool sho\
wPathOverlay: tr\
ue\x0a  property bo\
ol showOriginalS\
ource: false\x0a  p\
roperty url mesh\
SourcePath: Qt.p\
latform.os === \x22\
windows\x22\x0a       \
                \
        ? \x22file:\
///D:/SaveData/c\
urrent/meshes/de\
faultobject_mesh\
.mesh\x22\x0a         \
                \
      : \x22\x22\x0a  pro\
perty url curren\
t3dModelSource: \
meshSourcePath\x0a\x0a\
  function refre\
shImageSource() \
{\x0a    const quer\
yValue = imageTy\
peQueryMap[curre\
nt2DShowName] ||\
 \x22color\x22\x0a    con\
st variant = sho\
wOriginalSource \
? \x22src\x22 : \x22rts\x22\x0a\
    current2dIma\
geSource = Api.U\
rls.api(\x22image/t\
est\x22) + \x22?type=\x22\
 + queryValue + \
\x22&variant=\x22 + va\
riant + \x22&ts=\x22 +\
 Date.now()\x0a    \
refreshParticleM\
askSource()\x0a    \
refresh3dModelSo\
urce()\x0a  }\x0a\x0a  fu\
nction refreshPa\
rticleMaskSource\
() {\x0a    if (!sh\
owParticleMask) \
{\x0a      particle\
MaskSource = \x22\x22\x0a\
      return\x0a   \
 }\x0a    particleM\
askSource = Api.\
Urls.api(\x22image/\
mask\x22) + \x22?ts=\x22 \
+ Date.now()\x0a  }\
\x0a\x0a  function ref\
resh3dModelSourc\
e() {\x0a    curren\
t3dModelSource =\
 \x22\x22\x0a    Qt.callL\
ater(() => curre\
nt3dModelSource \
= meshSourcePath\
)\x0a  }\x0a\x0a  Setting\
s {\x0a    id: st\x0a \
   category: \x22Co\
reState\x22\x0a    pro\
perty alias sele\
ctedTabIndex: ro\
ot.selectedTabIn\
dex\x0a    property\
 alias currentRu\
nModelIndex: roo\
t.currentRunMode\
lIndex\x0a  }\x0a\x0a  Co\
mponent.onComple\
ted: refreshImag\
eSource()\x0a  onCu\
rrent2DShowNameC\
hanged: {\x0a    re\
freshImageSource\
()\x0a  }\x0a  onShowP\
articleMaskChang\
ed: {\x0a    if (sh\
owParticleMask)\x0a\
      refreshPar\
ticleMaskSource(\
)\x0a    else\x0a     \
 particleMaskSou\
rce = \x22\x22\x0a  }\x0a  o\
nShowOriginalSou\
rceChanged: refr\
eshImageSource()\
\x0a  onMeshSourceP\
athChanged: refr\
esh3dModelSource\
()\x0a\x0a  function r\
efreshDataSource\
s() {\x0a    refres\
hImageSource()\x0a \
 }\x0a}\x0a\
\x00\x00\x13\xfe\
\x00\
\x00Q\xdfx\xda\xcd<ks\x14\xc7\xb5\xdfU\xc5\x7f\
h\xef\x07\xbc\x03\xcb\xea\x81\xcaUWFP\x8e\x12\xdf\
P\xf1\x03\x03q\xa2R\xa9T\xc3\xeeH\x1a\xd8\x9d\xd9\
\xcc\xccJ;\x8bU\x95\x1b\x02\x06\xc7\xc4\xd4\xb5\x1d\xbb\
\x8cS\xf8\xba\xe2\x1b;\xb9\xc18\xd7\xd7\x961p\xff\
\x8cv\x17>\xf9/\xe4\xf4\xfbtO\xcfJ\x02\xbb\x92\
T\x8cv\xbbO\x9f>\xefs\xfatK\x9d\xc4_k\
\xfb\xe4L\x18\xad\xb5\x82,\x8e\x0eL\x84\xedN\x9cd\
\xe4\x95\xec\x95n\xd8\xb8\xa0\xbeW\xea\xf5\xc9\xa6\x9f\xf9\
i\x85\xf8)\xf91\xfdd\xcc=\xd7\x09\xd9\x0c\xfc<\
019I\x067\x1f\x0c.\xbd5\xfc\xe8\xf5\xc1\xed\
\x0f\x86\x1fm\x0f\xfe\xff\xd2\xe0\xebO\x06\x97\xbf\xfe\xee\
\xde\x07\xc3\xb7n\xec<\xb8\x09\xb3\xa3/?\x9a\xdc\xd9\
\xfe\xc3\xe8\xdd7'G7\xb7\x87\x1f\xde\x1d\xfc\xf1\x06\
\xac\xd8\xb9\xfb\x9f\x0f\xef\xff\xcf\xe0\xad7\x06\x7f\xfa\x06\
V\x0co}\xf2\xf0\xf3\x8f9\xd2\xcb\x9f\x0e\xbe\xf8\xf5\
\xf0\xdd;\xc3\xeb\xb7\x87\xef?\x18\xfd\xe9\xee\xce\xf6\xdf\
\x00\xf5\x81\x89\x03\x13'\xb3\xa0M.\x1e\x98 $l\
\xce\x91$\x8e3:J\x08,\xe3Tp\x8a\x06\xb7\xef\
?\xfa\xeb\xfb\xdf\xdd\xbb\xca\xf7\xff\xee\xde5\x0a\x94\x04\
~3\x8eZ9\xe9$q'H\xb2\x9c\x8e\xb4H\xd8\
\xf6\xd7\x82_\x84\xcdl}\x8e\xbc\xe8g\xeb\xf5\xb6\xdf\
\xabN\xd58\xfb\xf5\x05\xbf\x15\x9eK\xfc,\x8c#:\
P\xd7\xd0\xden8\x7f\x1a\x84k\xeb\xd9\x9e\x91rp\
O\xb0\xc3E\xc6e\xf5\xf0\xcdK\x83\x9b_\xeel\xff\
~\xf0\xfb[\xa3\xdf|3f\xdf\xcd8i5\x05/\
\xee\xad4\xc4nh$\xf9c\xf0p\x901\x88\xe2$\
\x5c\x0b\xa3_\x96!\x11\xd3\xbb\x22X\x1c\x8f`Q\xc8\
\x8c\x9b\xd2\xa3\x9bW\x067\xae\x82\xf2\x87\x7f\xfc\xe4\xe1\
\xeb\x7f\x11\xd6\xc9\xcc\xa9\xd4\x106\xfc\x84\xac\x86\xbd\xac\
\x9b\x04i\xd9^r^Y\xdc\xc3?_\x01s\x1bn\
\xff}x\xeb\xed\xc1\x9bw\x07\xb7n\x0d\xee\xdc\x1d|\
\xbem\xdb\x9d\xda%\x8c2\xb2\x11\x06\x9bBAS\xce\
I)\xf6)\xb1\xcb\xa3{\x1fQ\x16>\xfc\x94o\xc7\
-b\xf4\xbf\xdf\xeel\xffn\xf4\xc1ow\xee_\x1f\
\xdd\xbfM\x99\xfd\xf0/\xa3{\x9f\x0d\xdfy`o\xda\
\x89%\xe6Sa/h\xcd\x81\xd3\xd7\xd9X\xf5\xc8t\
\x8d\x1c\x99\xf6\x0cn\x06W\xefp\x17\x02\xdc\x1c\x1fl\
\x05\xc2\x1b\xa3\x22\x8a\xfaL\xc3o\x05\xa0f\xc5\x1d9\
N\xa6\xc8\x09\xe4[d\x12M\x0a\xeevC\xb88\x87\
$\x821\x8a\x91I<\xcdpJC\xb8\xff\xf6\xe0\xda\
\xf5\xc1\xe5kTr<\x04\xd1\xc0s\xf7\x0d.=\x87\
|\x1a\xdd$\x8d\x931\x122L\x85C\xbf\xe87\xd6\
\xc3(\x98#+\x91\x1f\xbd\x1a4\xb28\xa9z\xa5\xe6\
\xc5\xd7\xfc\x82\xba\xcd\x9c\x89\x00c?\x17\xc7-1\xfb\
*\xd8\x1f\x80\xae\xfa\xad4p\x13\xb0\xe0\xb7\x83\xc4/\
\xec\xefB\xc6A-\x94JR\x5c8\x10\x8f\x87\xd7?\
\x1e\xdd\xfa\xec\xd1\xfb\xff\x07\x165\xdb\x9b\xb5m\x89n\
\xdd\xe6DCPK\xc2\xde\x1cYZ.\xd0\xc6\xb6B\
\xf36\xc0\x0a\x87`\xc2^\x00l \xc1\xea\xc5-o\
\x1c\xd8\xa9 jB\xf6*\x02\xa6\xb0K\xb4\x06?\xfc\
\xac\x9b\xbe\x18\xa4)X\xc7\x1c\xa9T\x94%\x5c\xb9\xfc\
\xe8\xd2\xa7\xa37\xbe\x1a\xfe\xfa? +\xe1\x0c\xf4\xf0\
\xf3\xaf\x87_\xfcft\xfb\xbfF7\xae8,b\xa5\
\xc3\xf7\x5c\xd0T\xecb\x19b]\xcbO\xb3\xbd/b\
:\x12\xac\xfe\xa8\x9b\xe6B;\x85\xd0 @N\x07\xbf\
\xea\x06iv\xb2i\x98;\xce\xb24\x06\xdd\xfdo\xaa\
\xc8\xdb\xef\xed\x16\xe2O\x05\xdc\xe4\xc1s\x91\xa7rG\
\xd3\x89\x02\xfc\x0c\xcd\x8e\xf7]\x03\xed\xe2\x9c\xe1\xae\x08\
\xafr`<?\x1es\x87\xdb\x01\xf7  \x18\xd1\xf7\
\xd4\xfc|1\xdaT\x11\xc0k\xaf\x91i\x8f\xe2\xdf#\
\xfa\xc59\x83L\x03\xbf\x22\xbd\x8aA\xf4\x0eX%\xdc\
\xd0\xc8\x91\xe3F:\x07\x88\xd5n\xd4\xa0\x89\xc5p]\
r\x11f(\x81\x90f\x22j5\x1bl\xe2h\xb3\xfa\
R\xb7}.H\xea/\xf9/\xd5\x88\xfb3u\x8a\xad\
\x09\x8c\x99\x11{6f\xfcT\x99\xfd\xc9\x0d\xc2UR\
}\x8a\x8f\x1c`\x03j\xcf\x8b\x04<V$\xe5\x1a\xc9\
\xe5\xe7E\xb2\xc5\x01\xa9[vzd^l\xcc\xd1\xd6\
{L@\xdd\xa8\x19\xacB`h\x82\xa0\xe48\xc8\xc3\
C+s{e^\xb22G+%i\x92TM!\
9L\x899d\x99rM\x02\x22\xf2\x0f\xd3\xbd-\xc0\
E\x0e\xc78\xdbR\xae\x84\xf5D\xf5\x86\xf5x\x00\x8b\
\x97\xe1:\x1b\x9f\xa4R.\x15\xafC\xbaSL\xaeS\
\xa0,)\x96\xcd}\x0aT/\xdc\xa7<\xcb\xc4Y\x05\
\x0a\x8eH\xa1z '\xd3\xd5\xb0@\xab\xb0\xa7\x04]\
,\x80.r\x89\x16Lq%\x8a\x936\xa4\x9e4\xe0\
\xa6~\xb4\xba\xe1\xb7\xba\x81!0>R.\xb0\x1a\xe9\
\x9bb\xebA2\x03\xfe\xd9:\x87\xc4\x84\x5c\xc44u\
McdS\xc6\x05$\xcf\x1cc\xcc\xc7c\xcc\x0b\x18\
\xd7U @(\xfb\xa7\xfdM\x85\xb2_@)\xc7A\
\xb0\xfcc3\xe8\x88xV\x04\xe3s\x86\x05\xf49\xc5\
\x82\x0e\xba\x99\xa9d\xad\xe30}>\x8c\xc2,\xa8R\
\xb1y\x80\x93\x89\x8f\xcaU+W\xc1\xe4\x02&\xb7`\
\xfa\x08\xa6/`\xfa\x02\xa6L\xf5\xabT\xf5\x19\xa7\xf0\
\xf98y\xa5\x1b$\xb9\xa9~\xcaH\xd4mk>\x90\
)0\xd3P{\x02\x94'M\x84\xaf\x98\xc2\xec\xc2P\
=\x8b\x9f\x07\x8blV\x9f)\x06D\x91A_\x88\xe3\
\x0b\xdd\xce\xcf\x82\xbc*\xea\x0b\xec\xbb\x94\x16\x88\xba\x80\
\xb9h\xb3\x18\x1co[\xc2b\xd0\xa0fw\x98T^\
\xab\xc0\xbf\xe5@\xf9^\x80\xfaEv\x1a\xad\xc0O\x16\
\xacJJ%\x91B\x8d\x05,\x89\xda\x89\xb8*+=\
\xbd\xa5\x0f\xd4\xdf\xc0\x91ip\xe3\xfa\xe8\xcfw\xe0x\
>\xbc\xf6\x80\x9f\xaf\x8c0(\x0eE?\xca_\x02\x94\
\xd5\x08\xfe\xf1dla\xba\x93\x87&\xea\x17O\xb1i\
+\xe5D\xddV\x8b\x0f\x01\xf3\xd4\x0d\x12\x12R\xc5>\
\x0b?\x8e\xa93Y\xbd\x15Dk\xd9\xfa\xb3\xe4\xf0\xe1\
\xd0\xd3\xc1\x0b\x1d\xdb`\x8d\x04^\x0a\x97%\x00\xa5A\
\x02\x1c<(!\xea\x94\x102\x0f^fP\xa4h\x12\
`(A\x14\xc8\xd5\x19\x83\x0b\x05\xe7\x0d\xa8\xa0\x07\xf7\
?v\x89\xe94\x98\x12O\xc8b@\xf1B9\xc9\xfc\
d-\xc84#Z\x8cY\xde\x09\xe2U\xcd*P^\
\xe1\x95oEQo\xaf\x16*\x91\x1b!\x9d\x08H\xaa\
\x11\xfe\xb1\x9e\x00]\xceZ@\x05\xdfMqd\xad\x91\
uy>\xc5E\x01E\x00[#t\x88\xad\xb8\xf3B\
\xb0J\xa7\x8d\x92\x84\xe1\xa7\x90\x10\xbci\xd0d;\xb1\
\xef9\xfbN\xb6P\xe9p.\xce\xb2\xb8}\x9aEX\
\x1b\x0f\xcad\x22\x80 \xac\xd4\xb9\xf0(\x8a\xfb8\xaf\
a\x90\xdc\xb9\x10\x87wa\x18\xe5\x05\x8a`\xb9\xde\xc3\
{\xc8\xc1\x5c\x0d\x0a\xa1\x22\xe6\xea4\x13\x17WK\x99\
c\xc8\x1cA\xe6\xceZFt\xd6\xde\xfb\x1dm\xb4\xb1\
\xce\x11\x9c\xea\xb0\xa1\x8a\xe3\x9d\xb2\xd2$\xceX\xbb\xe3\
e\x96\xdf\xff%\x0dUP\xb8\xc2K\x90\xfd\xd6\xaf\x02\
\xcc\xb0\x9f1\x98\xb5(\x877\xbf\x1c\xfe\xe1\x0eo(\
\xc8V\xd2\xd5\xd1;_\xf0\xa6\xc9\xc3;\x97F\xef|\
jK3\x0d\xb2\x05v\xf6\xae\xf2\x22\x89&\x8e\x9a\xa8\
A\xf9\xe7\x0dz\x1c7\xe3%\x1bb\x1c\xebE\x9eJ\
\xe4\xa8K\x01\xf2\xb3\xcf\x95\x06\x90\xe8-\xb0Lft\
\x074\x08\xeb\x06P=\x88v\x00K\x0d\x10?\x03q\
|\xad\x9a\xe5\x98\xc8\xf0\xd6I@\x11!\x0bQE\xb6\
\xf4\xc0\x1a)N\x09\x1f\x13\xfa3\xd9\xea\xf4\xb4<\xb4\
\xb4\xac\xa8\x8f\x8bf\x0d$\xb74 s'd\xee\x80\
\xec;!\xfb&\xa4-^|N\xdb\xec\x81\x82s\xf8\
\xaf/c\x04\x09@\xb6&\xe9m\xbf\xd3\x09\x9av\x18\
\xeb\xf4\xf6\xb4\x03_\x0c\xa1A\xa0\x81h\xa2\x03\x12\x96\
\xa6Tn\x96t\x03<\x8e\x1aAR\xf5\xd27Xg\
\x81\xcf\x9f\xf1\xdb\x9dV \x89\x12~`\x95\x1e\xdc\xb6\
\x95^\xb4\xb9\xd3\x1cY#\xfc_\xb6\x81\x13\x89s?\
l\xf3\xc8+\x1c\xe3\xb6\xa9\x9a\x91\xc0\x10\x08\xab)\xa8\
\xbd\xb0F|\x12Ci]n\xad(\xe9\x84\xf9nk\
L3\xa6\xa4\xc2>\xc7 w\xc10\xac>F\xd3\xc8\
\xfe\xe8\xb5\x83l\xc1\xd7CP}\x98\xa3\x1d\x8bj=\
xPW4v7\x0a\xd8\xa4A\x19!\x87\x91\xb1\x0b\
\xf2\xc2\x82\x1c1\xe5$\x9f\x92\x85ZZX\x06\xc5\xa6\
\x1a1\x90\x8f\xc5\x8bp\x0a\xcb\x9e(G\xea\x8c\x8ev\
\x17\x8d\x1c\x9e'\xd3\xa8\x8a\x91\xc3\xf3\x05H\x5c\xea\xc4\
I\xf3d\xf3UzJ\xd1\x01\x83\xdf\x19\x9c\xf5\xd3\x0b\
\xfcS\xcb\xcf`\xddi\x01\x8c\x8e\x85\xe6\x91\xc6\xc0\xe6\
Q0\x13\xff1\xb9\x8c\x146\x9e\xd2\x81\x18l\x14\x06\
\x9e\x9e\xdc\x08Sp\xadI\xc6w\xa3\x15w\x9b\x93\xcc\
XO\xf4\xe6\x9f\x86r\x06l\xf30y\xfa`\xce\xbf\
\xe4\x8a\x1a\x13\xf1q\xbd#\xc3\x0b\x12z\xfa \x07Y\
\x09\x9bl-\xf2\x09\x93~\xb6\xee\xb9NX\x87\xff\x16\
Za\x00.\x02\x8a}\xa5\x1b\x06Y\x95\x22\x93\x07I\
\x19\x04`y\xda\xd1\xe9\xcd\xd60NL\xc4\xec\xf1\xc2\
l\xa5\xa2\x97A,l\xe5\x0bBci'\x8eR*\
Z\xa1\xba\x1a6\xb0\x1aa{\xea\xa5\xcd\xc4\x0f\xa3S\
\xd8\x82\x84\xceU\xfa\xdb*\x90\xcdI\x81\x18\xcc\x89\xd9\
+\x07T\xd8|)\xf3\xa9\xd9\xa9Yz(9\xc3\xea\
\xa3\xaa\xc4U\x0f\xe1\xe4\xdf{y\xb5Z9\xc5o&\
\xa8\x1eI#n\x03W \xd0\x8a\xc7\xda\x03:\xdd\xbb\
D\xf3\xab\xf4lR\xad<z\xfd\xf5G7\xaf<\xfc\
\xfc\xca\xe0\xea_w\xb6\xffV\xaf\xd7+zQ\x80\x09\
\x1b+\x5c\xda\x15\xfb\xf6\xf2\xe0\xfe\xdb\xa3\x9b\xb7\xd5}\
\xca\xce\xb7\xd7G\xbf\xfdj\xf8\xe1\xb5\xe1\xbbW\x87\xef\
}5\xdc\xbe<\xfa\xec\xee\x01\x83\xd3\x950\x85\x84\x90\
\x00\xcdL\xf0U\xa4\x04\x0fK\xcc\xccL\xee\x82el\
\xfe*\xc0\x8c\xad}\x88\xe8!\xed\xa6|\xc9\x8cH\x22\
\xce\x1c\xb6/\xbb\xeb\xf8y+\xf6\xcdzOG\x1c\xaa\
T;\xe68\x93\x04\x8b\x1fce[\xbaJP\xc0\xcb\
K\xfe\xb9\xce\xb7\xb4K\xccq\xba\xd8M\x0f{\xd0\x81\
QP\xca(\x06\x94\xd0\xea\xcf\xa0K\xa7\xc3\x06*\xf8\
`\xae\xdeC\x89\xba\x91\x9bs9\x9e\xeb\x9bs}|\
\xc0\xa8\xaa8\xdc\xe8y\xd4\x17\xf5\xf7\xdc\xfa\xde\xf7\xbc\
\x7f\xb6\x90(\xc9,\xf4\xfa\xe7RF\xf01H^\xc1\
\x91g(\xa1z</\x19\xef\xab\xf1\x7f6\x1f\xd6\xae\
\xb8\xbcm@u\xd3\x80\x92\xb6\xd1\xf7\xca\x8bV]\xd2\
\xda\xc5\x0aN\xfbF\x89S\xb3\x0a\x18m\x1f\xe2:\xf3\
U\xde\xf4\xcb\x12?Ji\x17\x8e#=\x1b\x0b\xce\x8c\
*K\xe7q\xbd\xb8\xec\xf0\xa5!&\xac\xa8\xbb\xab\xe4\
\x9c!\xb9\x10\x81\xc6D0\x1ch\x1c5\x12\x14~\xc7\
\xe9\xbd\x16X\x89k6g\xb3\xd6\xb1\xab\xa3\xba\x85J\
\xceN\xcc57Jo|\x1d\xe8\xba(-=\x9ap\
\x04^\xb1\xf3\xa1ec\x05IV\x0b\x19\x8d\x8c\x06\x9f\
\xc6[\xcb=\x8bu?:\xa5\xaa\xc3Bmo\xe0\xe6\
9\xc1\xec\x1b\x09\x1aDa\xdeQ%\xb9\x9a\xc8\xd1D\
\xee\xe4\xd38X\x08\xe7\xde\xcd\xb5\xc7;\xf6~J\xea\
1>\x88\xe1\x1e\xd3\xde-V\x85?=\x9f\xc4m\xa1\
\xd4\x9euTd\xaa\xe9\xf4\x84<\xf55\x0a\x1f\xcd\xcd\
Q\xbb\x81\x84c\xd1T\x8d6%\xa7\x8cX\xe1:\xb9\
_D\x9dG\xba\xafWC\x1dE\xba\xa5g\xb7\x0a\x8b\
W\xbb\xea\x5co\xb5L\xe4!_\x0eO\xb9\xcb\x90\xf2\
\xb0\xc5\xf5\x0b\xf1\x09\xdf\xb5\xe9\xd1b/^C\x19\x0f\
=(\x01\xc6\x80\xe8\xc8\xb3\xbae\xb6\x0c\x0f;/\xc5\
\x9b\xa9\x0e\x84|qy\xc3\x7f\xd6n\xf13R(\x8e\
\xa5p\x99\x1d\x8f\xf8G\xb9=\xac(\xf6\xef\xf5\x9d\x02\
\xea\x00\x98\xf5\x03\xe7\xdf\xec\x17\xb1;@\x17TnC\
\xf5]P}\x1b\x8a\xde\xfcM\xd7\xa7\x90\xfdP\x1a\x18\
\x03S\xcb\xf0\x7fr\x88\xd0\x13\x99\x1c\x98\xa6\x039\x1a\
\x98\xa1\x03}4p\x94\x0el\x22|\xb9\xc47m\xe3\
\x9b\xb6\xf1M\xdb\xf8\xa6\x1d\xf8\xfa\x12\xdf\x8c\x8do\xc6\
\xc67c\xe3\x9b\x91\xf8\xca,\xbdM\x9bV\x90\xdb\xdb\
\x8e\xcb,m\xc1\xc2r\xcf\xc6\x22\x9e\xa1\x14\x8bM\xb8\
\x98y\x9d6\x8c\xdf\x22Q\xf5\xe0\xef\xfb\xb5`\xbcv\
w\xfb\xdd\xbb\xf9\xba\xac\xd7*\x8d\x91\xedj\xc6\x1d\x97\
\xde\xc6\xe4\x1c\xfaJ\xb5i]v;Q\xe6\xe3P\xe6\
&\xcai\x1be\xdf\x89\xb2?\x0ee\xdfD9c\xa3\
\x14.d\x9e\x02\x9e\xd8\x83\xcc\x83\xc3\x13;\x90y\xd6\
\xf8^\xfd\x87\xe5\x16Z\x14CF\xa1uq\x7f\x8en\
R\xbcfo8\xe3\xfe\xe3_m\xb3\x06\xa4tI\x96\
\xf2\xcas\x0c\xf6qv\xeb]#\xec^\x9b\xff\xe8{\
\xba\x5cF\x18]/=\xd0t\x9d\xb3\x8cG8\xf7x\
\xa4/<D\xe0\xd8`5\xb6)\x97\xb6;\x9a\xecY\
0\x06|\xb1\x0e(\x0f[\x1b20\xf1c\x02\x85\xb7\
X\xe6\x83\xbb1 \x15\xcb\x8b\x1d\xa4\xa7\x1a\x89;\x14\
\x22\xc5l\xc0\x10\x8dTb\x86\xfa\xd2\xc5\xad\xc7S\xbe\
\xddl\xa4\x98\xebr\xd0\xf2h\xa8U\x8b\xd3*\x8a\xb9\
\xfe\xa7\x1e\xd3\x18\xeb\xbcR\xf8\xb9\x7f\x85.+\x9f\xf9\
Y\xc0b\x86\xdd2\x05\x96J\xbb\xa2\xeay\x0c\xc3\xe2\
7\xc3n\xca\xb1p\xf6\xdb~\xef4\x1b,\x11\xab9\
O\xe5\xea\x16\xd4\x89\x92\xf7#&\x12\xf7\xda9\xd9\xf0\
\xa3$6C(\xc5\xa3F`\x11\xf9c1\x5c$S\
\xc9\xd9\x06\xf5\xcaT\xba\x1b\xad\x0a\xc1D\x99A z\
/0:E\x1bUiI?\xab\xd1\x22\x97#\x98C\
\xf5\xf8\xc6~\x1e\xc4\x5c\xd8\xbe\xcf\xd0\x0fj\xea\xeb~\
\xfa\xf2ftJ\xbc\x22\xad\x02\x15\xa8C\xc4\x1bZ\x00\
\x86\xee\x12\xf4\xda%\x00^6\xc3\x01\xe0i\x83S\x82\
3\xa4qk\x83EU~\x86\xe2Xh@\x14\x9fr\
!\xd5-'m\xa2\x15\xe0\xa4\xce\xdc\xd1\xb1\x8a\xd3\x85\
\xee\x15\x12\xbfM\x03\xca\x92XY\xe9\xcdSQ\x05Q\
#n\x06??}rAv\xa5\xab\xe3\x1eAy\xb2\
\x7f^\xc9\xf7\xbf<G\xcb\xfb\xfb_.\xd3\xcf\xb2\x12\
\xd6\x13\xfa\x1c\x97I\xbd\xd3M\xd7\xab\x15\x00[\xe1\xd6\
\xb5?\xca,\x97D)R\x07\x19\xe3\x1e\x06\xed\xa9\xaf\
bJ\xb6,8\x82\xe7M\xd8WE\x15\xc7UQ\x8b\
Y\xfe\x09\x8aUlx\x1e&\xab\x95\x83\x15\xbc\x9e\x9b\
)\xa0\x88\x82Mi\xb4U|\x9fC\xadW\xfb\xc1\x1e\
.\x83\xc6\x5c\x07\x11\xd2\x0cZA\x16\x94\xdb\xaa\x86\xe4\
\x956 `\xedm\xfa\xa1\xcez&<\xda\xcbo\xae\
\xb6\x00\x9a\xb5\xdb\x03\x06-\xd4s,\xe7\x14\x0d\x0e\xcf\
\x82R\x0dOy\xe1\x80\xbe\xe0\x08\xcb2\x09l\xdet\
\x87\xd6\x13\xfa\x05\x12\x02\xd2\xf9D3\xfe$1\x9a\xce\
*\x02\x8e\x93\xe2\xfc\x0f#\x83N\xcf\xbaA\xc5J\xf2\
l\xe0\xbc\x1c8\xf7l+P\xbc\x8a=X\xc6G\xa3\
\x1c\x99\xf7\xbdqf\xd2\xca\xc2\xf4O\xa2,\xa1Y\x89\
\x15\xb6\x82\x0cV\xd2\x8a\xcdkJ\xe4s\xeaSM\x94\
\x15s\xa8\xd4\xc0\xc8\xddi\x84\x9dL\xe5\x8e{\xbb\xd1\
s\xb0\xaaHT\xc2\xd1\xd7e\x0eG\x1ds\x01JH\
\x03j\xcf\xb8\x15\xd47\xfd\x04\xc2\x87Q\xc1\x12\x1ed\
\xc8\xaa\x1f\xb6\x82f\xa5FlD\x8f\xed\xfa?\xc8\xbd\
\xeac\xdd\xac\x16\xeeV\xf7\xab\x8b\x82\xd9I#\x10y\
_\x84\xe32\xc1\xd0K4\x1e\x97\xf1\xe1B\x0f\x95\x9c\
\x90\xf8\x09\x03\x1fx\x9cG\x8c\x86\xec(\x8f=Z\x19\
\x0dn\xc7\x11F\xa3v\xf4x\xd5\x09\x85\xf7Z\xf6\xf8\
\xcb\x02K\xcbv\xc3fI'\xfd\xe7\x92\xc4\xcf\xeba\
\xca~\x0a\x84f\x93\xc6\x01\x01Gx\x0fu\x22\xdd\x0d\
\x1f\xfe6_\xb4s\xc0\xea\xe8\xde\xa8\xbbc\xb73\x11\
\x89\xf2\xf7\x02\xd0se\xc5\xa0I\x0d\x00{\xde\x01\xc3\
\xa2\xc0\xc7\xb20\x92\xf7`(\xf8\xc4\xec\xb7l\x96d\
\x98\x8c7U\xebG5\x95\xe9\xe0\xb4kp\xc65x\
T\x0c\x1aD2.Y=B7D\xb4m\xa9ks\
\xeb\xe5\x9bx\xac\x0d\x076\xa6\x19\x87P\xcfs\xa1\x9e\
\xb7\x84J%x\xde\xe0\x9e\x22\xe1\x9b\xe3_\x18X:\
\xbfl\xdc\xb2\xa8\xe7\xdf\x14Z(\x84F\x87\xe9g,\
u(\x02\x12N@\x22\xf5\x96X2\xd7L3\x9ci\
+l\xc0\xd1\x92\x1c\x22\xb3\x10\xb9\xe9\x0f\xa8\x9cf\xf1\
\xf6B\x06N*fJ\xa9\x90dh:\x12\x0bV\xbc\
\x89\xf6Y\x1d\x86i\xa1T\x1c\xad\x11\xfe\x13\xa89Z\
\xca\xc1\x12]-M\xa3\xc6pI\x9b\x10\xdff\xe47\
F\xc8Q(F\xa6\xa0\xf0\x98^6Pn\xb94o\
<}D\xaf\x827x\x0a\xa7o\x82\xe3s\xe7\x83\x06\
\x8d\xb9\xc6\xed\x22\x03H\x0d\xfbPb\xa1\x87\xbc0\x22\
2\x16\x98:\x16\xbf\x81\xe38\xf2\x98\xfeA\xd1;,\
\x87EM\xd3v\xb6\xf0\xfd\x83XXnD\x8a\xcau\
\xae;\xe5\xfa\xeb\x9e\xdbk\x04F\xae\xb6unB\xeb\
E\x13\xda2n1\xd8\xf9\x00\x85\x17\x96\xebt\x14S\
DD\x9c\x88H\x12\x11\xe1\xf4\xac\x1b\xd2\x91nHG\
\xee\x864\x91\xb3T%\xe2:\xac\xc6\xf0js\x980\
S\x14[p\x94u?\xe7U\x95*\x07\xa7]\x833\
\xae\xc1\xa3tp\x1a\x1dsE\x90/\xb0\x0ft\xb0h\
/~\x11\xd9\xbaU\x08\xa3\x0d0\x05\x9eFf!C\
\xd1\x9f\xd65\x82\xbe\xdc\xda\xedN\x00%\x984\xecS\
\xd7\x9b\xd5\x03IC'\x1c\x96!\xa2\x0d=\xe0\x8a0\
\x14\x05\x0f2F\xcf\x80\xe7\x05N\xccR\xb2l\xdd\x22\
\x08\x85\x8d\xbb=XZ\xb6\xcd\xa1\xc17m\xa0M\x1b\
\xd8\x22\x80\xf6%\x1a0\x18S\x87Ic\x19U\xd9\x10\
\xff\x1b\xb8'\xcf\x88\x896\x0a\xf0\x09\xd3F\x03\xb41\
\x8dN'[\x13\xa8\xf2\xd7\xf4\xc4-A\x11|@4\
\xc5-S\x14\x9dp#\xceN3y\xc0\x9c=!\xcf\
\x03\x94z\x8aH\xd3\x13\xb7\x96\x8d\xd7\xd6\xbd\xe7\xce\xa5\
\xf2!/}\x09\xa3\x97{\xb6\xa8\x80\xdf3\x81\x9f4\
\xd6\xf9\x9e\x80m\xfaY4\x88\xb4&\xc7\xb0 yy\
\x04\x85X\xd3\xcf\x02\xbc#\x93\xb0\xc2bP\xea\x19\x8e\
\xa9W\x1f\x17\x84\x9b\x95\xb5bF\x01\xa2I$/\xb5\
Y\xa1\x84\xdcB\x16%\xb0\x1d\xa3\x8f\x82\xfe\xcdeH\
\x08V!\xa7\x9ea\xa8\x0a\x89/\xdd\xf4;'i\x95\
\xcd\xf5\xab\xbfj\xc1\xa91\x931\xe1Cg\xdb\x1d\x97\
J\xd5\x22\x5c\xf4\x8f\x81\x128\x14\xcd\xbb#\x1a\x07\xca\
\xb1\x01i\xf6\x09\x16\x1c\x81\x13L=bw\x82\xc7@\
\x09\x1c{$x7P\x8e\x8d\x12\x5c\xd4\xfe\x04\xb2\x95\
\xbd\xba\x10 ;E\xe1\xf9]\x1c\x99D\xabm\x07J\
\xe9\x9f\xed\xc0&\xa0\xbf#\x1bP\x83v\x182\xc5\xa3\
\xc0\x96\xc9\xa1yE\xc5D\xb9<\xc7.P\xbcco\
\xffI+l\x8b\x98,\xbe\x18>NG\xec\xe4\xa9V\
\x09G\x98(\x16\xe5f\xc9\xeb\xd3k\x16!f\xb9\xd8\
%j\xeb\x81\x1f_\xe7\x15\xdc\xd3\xb1\x8d\xe2(\x00\xdc\
H\xfa\xfa\xab\xe6J\x8d\x99\x0e\xe8$N\xc1.\x93#\
\xf3\x92\x91CEMi8\xcbJ\xf7\x8a\xb1\xa0J\x07\
\xc6-WR\xe1\xf72i\xb7\x959\xb2m\xdc\x15\xe1\
\x10D!>k9\xf0\x01+\xf92L|M1\x8f\
\xc2\x8a\x05\x99\xba\xc4g\x03\xdd\x026\x06\x85\x8a\xd7{\
\x94AA\x82\xe2\x91/Y\xd6U\x06]\xc1\xc1\xd5j\
\xcfQ\x02\xb19ul^\x88\xa3(h\xf0\xfb\xbe\x8b\
\x5c(\xfc\xa9\xa3\xfc3F\xea\xb2l\x02wpH\x1c\
\xfd;\xed\x1c\xd3\x99\x85u?Z\x0b\x9aUS\x18k\
t\x1a\xb8\xb5\xaf\xdc\xd6\xe42t\xbd(S-+\xa6\
\xe6\xf9R\xf1\x82w%\x8bW\x92\xf8\x5c\x9c\xad\xe8Z\
\x8b\xcf\x8b\x86A\xd98\x1d@\x97\x88\xac\xb0\xe5\x8d\x81\
>\xbfT\xb1\xdb\x04\xa2\xbc\x9b\x90\xa9\x12\xbf^\x9aG\
k\xe5\xfbK\xfc4\x04\xcf\xdb\xf5\xa5UEj@O\
V\x9d\x0c\x9d\xfb\xd7\xb1q\x01\xe7\xfaM\x1d\xfc\xdbZ\
\xdaz\x0ao\xe5\x0a\xcf\xde\xd0\xebB\xb9L\x1d\xb7\x0a\
\xfb\xd8E\xcac\xbfy-\x7f\xf7\xba\x87\xb7\xaf\xdau\
-C|\xc1\xb8\xc4-Z\xe38\xd1\xaa\xa7\x10\xea\xfe\
\xa3\x1eG\xf43\xed\x1d6\xe7P\xe3j?\xf6\xfc\x03\
[\xf3\xfely\x17K\xfe^\xedx\x9c\xa8\xb5i\x19\
\xd6\xbao[\x15\xea\xc2a\xab\x18\xb5\xac?\xbe\xc6\x09\
X\x03\x9a\x83\x9fG\x17\xa2x3:\x03\xdf\xfcV:\
\xa7\x7f\x0d\x0cY\xd4I\xf5\x87\x80\x905\x95\xfe\xc5\x84\
-\xe7r\xfe\x87}\x1ek=\xff\xfd\xe9_>\xc1\xda\
\xc5\xbd\xae\xdd\x9a\xd8\x9a\xf8\x07\xc14\xe3U\
\x00\x00\x01!\
p\
ragma Singleton\x0a\
import QtQuick\x0d\x0a\
\x0d\x0aItem {\x0a  id: r\
oot\x0a  // \xe5\xaf\xbc\xe5\x87\xba\xe5\
\xae\x9e\xe6\x97\xb6\xe6\x97\xb6\xe9\x97\xb4\xe6\x88\xb3\xef\xbc\
\x8c\xe7\x94\xa8\xe4\xba\x8e\xe5\xbb\xb6\xe8\xbf\x9f\xe8\xae\xa1\
\xe7\xae\x97\xe7\xad\x89\xe7\x94\xa8\xe9\x80\x94\x0a  p\
roperty double n\
owTs: 0\x0a\x0a  // \xe5\xae\
\x9a\xe6\x97\xb6\xe5\x88\xb7\xe6\x96\xb0\xe6\x97\xb6\xe9\x97\xb4\
\xe6\x88\xb3\xef\xbc\x8c\xe4\xbf\x9d\xe6\x8c\x81\xe7\x95\x8c\xe9\
\x9d\xa2\xe6\x95\xb0\xe6\x8d\xae\xe5\xae\x9e\xe6\x97\xb6\x0a \
 Timer { interva\
l: 500; running:\
 true; repeat: t\
rue; onTriggered\
: root.nowTs = D\
ate.now() }\x0a}\x0a\x0d\x0a\
\
\x00\x00\x04\x86\
\x00\
\x00\x13%x\xda\xcdXKo\xdb8\x10\xbe\xfbW\x8c\
uhe\xd4\xd06\x97=\xb8\xcd.\x8c\xec\x03\xc8!\
\x0f\xe4\xb0\x87\x22\x08\x18k,\xb3\x95I\x81\xa4\x9d\x18\
\xa9\xff\xfb\x0e)J\x16%\xd9u\xea,\xb0\x06\x0c\x8b\
\xd4<\xbey\x92\xe3B\xb1l\xc9\xe0\x8e\x8b,G#\
\xc5\x80/\x0b\xa9\x0c\xdc\x9a\xdb\x15\x9f}k,\x97y\
\xb5\x88\x92\xe4\x97i\xc1#`\x1a\xe8w\xb7\xedv.\
\xa4\xc2Z\x9c\x1e\x0cn\xcd\xf5\xe3W\x9c\x19x\x19\x00\
\xf0t\x023\x22\xb8\x90\xc2(\x99\x0fh\xabP\xb2@\
e6\xb0f\x0af\x9b\x9c\x8b\x14\xd5\x9da\x06\xf5\x04\
\xbe\xdc7)\x1e\xa5\xcc\x81\xe5\xb9|\xfa\x83+\x12\xe9\
\xa5L`\xcer\x8d\xfd\x94\x972\xcb\x08MECD\
\xf3\x95\x98\x19.\x05<\xa0\xd0+\xc2\x12\xe8\x8cG\x0e\
(A\x9dC<\x9c*\xc56\x09\xd7\xee7\x0e\xd1\x8d\
\xe0\xfb\xf7\x16\xe0$G\x91\x99\x05\x0c\xcf\xcf\xe1\xec\xd7\
J\x128\xd3\x98Rp^\x1ad?s\xa9 \xb6\xfb\
\x9cv?~\xa2\x9f\xcf\xc4\xf2\x09>|\xe0#O\x02\
\x96')Vz\x11;\xf0\xd5~\xa8\x93\xd8\x89\xcc\xbd\
\xda\x0e\xec701m:\xeaO\xc1\x1esL\x03\x13\
\xbb\xee\xac\xd4(4+%\xc0\xa8\x15\xba\x9d\x19\x85S\
\xe6\x98<1%\xe2\xa8d\x81\x14\xd7|\x86\xf6\x9de\
\x05\xae!\xe5\xdai\x815g\xa0\xd1\x18\xf2\xbeN\xa2\
R\xaa\x97Y\xc5\xab\x05\xf6\xab\xcc\xf6B\xf4q<\x0e\
\x1c\x11\xd3\xcer\xc9D\xaa\xc9;x\x02(\x22\xbe+\
\x90\x10\xad\xffb\xda\x8ca\xfd\x8fT\xdfF\x8d\x14\xd9\
\xe3\xe2\x10\xa8[\x18\xb5\x81\x17[1\x09}/r\x8e\
\xc2$\xbd\xe2\xc7\xb5\xfax\xf4\xb2\x0dW#\xd8\xc2\x8c\
\x99\xd9\x22FZu\xe0\x92\x0bc\xf6\xcc\xf5\x18JX\
\xb47\x06m5\x04\x98\x9b\x9e>\x12\xe9~\xc9'\xc0\
]\xc8%\xc6o\xe7M'\xee\xa7\xc1P,\xac\xf7\xaf\
\x15\xa7L\x8b\xdf4\xc6\x0d\xb9?\x0dO!\x09\xaa`\
\xf5\xe9\xf1E\x18\xbfw\x94\xef\xc7\xd0V\xf0*u\xa8\
\x8d,\x8eR\xe7(OU\xc7u\xd5\x87\xaf\x0b\x14\xb1\
}z\xae\x9a\xc0\x9eF=\xa8Z+O\x9f\xa9\x0b^\
\xad\x96\x8f\xa8<g\x1d;\xae\xaf\xd8UL\x14\xae]\
[\xca\xcf\xf0\xb1z\xfc\xed\xbc\xbf\x81\xb7\xbaL\xd5\x19\
\xea\x8d\xe10d\xfbB\xc2\xee\xbb\xfd\x8c\x15E\xbe\x09\
P\x97\xe8\xc6@\xc7\x94\xf8\x9fXW\xeb\x11\xf8l\xa0\
\xc3\xa2s\xea\xef\x1e\x8d\xa5p\xa6\x12\xd9phm\x18\
\xf4\x9eG\x96n\x8f7\xa6y^\x19\xaa\xe3\xa6\x17:\
G\xe4\x11\x07d}<\x96`F\x83\x03\xa7c\xa7\xd4\
+\x18}!ye\xd1\x9f\x1a%\xba*\xf4\x0b5L\
ehBo\xbbR\xf4\xe4\x9d>\xb33*%\x93J\
\xf6f\x19R\x11\xf7f\xe5\x8e\x9a\xca\xb4\xc1\xa0\xe9\xf5\
\x8aZ\xfe\x12\xb5f\x19\xeen4\xed\x13\xb7\xf2\xba\x05\
A\xf5\xc2\xc9U\x11\x1d\x0f-v\xcf\xbc-\x1f|?\
\x80\x18\x95\xdaI> \xd7,\x14>\x91XK\xbf\xe7\
\xc2c\xe8\x9a\x90c\x18\xdb\x13\xa2\xba\x0b@o\x7fr\
t=\xb9\xe4]\xd9\x97v{\x0b\xe0$tG\xa6G\
\xa0\xfc@v\xf4\xd0\xbdA^<\xd0E\xee\xbf\xca\x0d\
'\xfb\x88\xfc\xb0~\x0a\xac\xab\x84w\xbcC7\xcbn\
\x00g\xb9\xd4x\x14\x7f}c\x0f\x05\xac\x8a\x94\x0a\xae\
\xd5\xeb\xb5\x9f'\xf6\x0e\x1e\x9e`O\x1a\x1c\xdd6\x83\
yd\xcd\xf2\x15\x12\x8d\xf6'\xd8}\xbb\xa9z\x02\x1a\
e\xac/l\xbb\xda\xed\x9c\x85\xcb\xe8,jmX\x96\
h\x17\x84#\xdb\xf2C9NL\x152*\x819\xcf\
\xe2\xe6\xf1\x90\xa1@\xc5r\xe2\x0dg\xcc\xc4-\xfd\xa5\
\x1e~?\xf46)\x98bK4\xa8\xfe\xf6\xc2&\xf0\
\xb2\xdd\xb9\xbdRA\xc6\x98M\x81r^+\xb5#]\
$\xdd$\x1b\xb5\xae\x07\x0d\x01\x9e:)\xedx\xa0\xd1\
\x83\xc1\xbbw-Y\xc1\xdb\xf3\xfdr{\xc8\xf7(\x9a\
\x1e\xd23}\x95\x9ai\xa5\xa5i\x5c\xfb\x22:\xa7\x1b\
\xe6\xe2\x06\xd5\x92kM;:\x0eOq\xab\xaf/\x96\
\xbb\x89\x8e6\x93\x05\xd3\xd7O\xe2\xc6\x8f\xecq\xe4\xc6\
<\xdf\x00\x1f\xfc\xe52\xaas\xbe;\xa7\xba\xbe\xe7$\
\xf5q:6\xa4\x1a\xfc\x81\xc2@\xe4+\xd4\x05\xefj\
e\x87\xb8\xeb? ~\xe8\x03\x1a\xb5ZH\xfc\xf4k\
\xcb\xa6+\x9a\x02\x1f8\x82\xd8\x8f\xb5\xfe\xf2$M\x97\
\x0dE\xfd2\x82\x99\xfaB.\x0b)\xecQ$\x85}\
\xa6\xfa\xc4t\xd2\x9bN%\xb9\x10\xe5\x9c\xa9}v\x95\
'\xd1\xe4P\x81\x97=\xb0\xee\xf6\xe2\xa6U\xef\x17\x0b\
&\xb2\xf2\xff\x85\xe6\x1fQIoN\x97\xa9\xbf\x1d\xfc\
\x0b< *!\
\x00\x00\x0f\x15\
p\
ragma Singleton\x0d\
\x0aimport QtQuick\x0d\
\x0a\x0d\x0aItem {\x0d\x0a    /\
/ \xe5\xbd\x93\xe5\x89\x8d\xe5\x90\xaf\xe7\x94\xa8\xe7\x9a\
\x84\xe4\xb8\xbb\xe9\xa2\x98\xe5\x90\x8d\xe7\xa7\xb0\x0d\x0a \
   property stri\
ng theme: \x22techB\
lueLight\x22\x0d\x0a    /\
/ \xe6\xa0\x87\xe9\xa2\x98\xe6\x96\x87\xe5\xad\x97\xe9\xbb\
\x98\xe8\xae\xa4\xe9\xa2\x9c\xe8\x89\xb2\x0d\x0a    \
property color t\
itleColor: \x22#FFF\
\x22\x0d\x0a\x0d\x0a    // \xe4\xb8\xbb\xe9\
\xa2\x98\xe4\xb8\xbb\xe8\x89\xb2\xe8\xb0\x83\x0d\x0a   \
 property color \
primary: \x22#2563e\
b\x22\x0d\x0a    // \xe4\xb8\xbb\xe9\xa2\
\x98\xe5\xbc\xba\xe8\xb0\x83\xe8\x89\xb2\x0d\x0a    \
property color a\
ccent: \x22#22d3ee\x22\
\x0d\x0a    // \xe5\xba\x94\xe7\x94\xa8\xe8\
\x83\x8c\xe6\x99\xaf\xe8\x89\xb2\x0d\x0a    pr\
operty color bac\
kground: \x22#0b122\
0\x22\x0d\x0a    // \xe5\xb8\xb8\xe8\xa7\
\x84\xe5\x8d\xa1\xe7\x89\x87\xe8\x83\x8c\xe6\x99\xaf\xe8\x89\xb2\
\x0d\x0a    property c\
olor surface: \x22#\
111827\x22\x0d\x0a    // \
\xe6\xad\xa3\xe6\x96\x87\xe5\xad\x97\xe4\xbd\x93\xe9\xa2\x9c\xe8\
\x89\xb2\x0d\x0a    property\
 color text: \x22#e\
5e7eb\x22\x0d\x0a    // \xe6\
\xac\xa1\xe8\xa6\x81\xe6\x96\x87\xe5\xad\x97\xe9\xa2\x9c\xe8\x89\
\xb2\x0d\x0a    property \
color muted: \x22#9\
4a3b8\x22\x0d\x0a\x0d\x0a    //\
 \xe7\x8a\xb6\xe6\x80\x81\xef\xbc\x9a\xe6\x88\x90\xe5\x8a\x9f\
/\xe8\xad\xa6\xe5\x91\x8a/\xe5\x8d\xb1\xe9\x99\xa9/\xe6\
\x8f\x90\xe7\xa4\xba\x0d\x0a    prope\
rty color succes\
s: \x22#22c55e\x22\x0d\x0a  \
  property color\
 warning: \x22#f59e\
0b\x22\x0d\x0a    propert\
y color danger: \
 \x22#ef4444\x22\x0d\x0a    \
property color i\
nfo:    \x22#38bdf8\
\x22\x0d\x0a\x0d\x0a    // \xe8\xbe\x85\xe5\
\x8a\xa9\xe8\xbe\xb9\xe6\xa1\x86\xe8\x89\xb2\x0d\x0a   \
 property color \
border:  \x22#2a344\
1\x22\x0d\x0a    // \xe9\x81\xae\xe7\xbd\
\xa9\xe5\xb1\x82\xe9\xa2\x9c\xe8\x89\xb2\x0d\x0a    \
property color o\
verlay: \x22#000000\
80\x22\x0d\x0a\x0d\x0a    // \xe9\xa2\
\x84\xe7\xbd\xae\xe8\xb0\x83\xe8\x89\xb2\xe6\x9d\xbf\xe9\x9b\x86\
\xe5\x90\x88\x0d\x0a    readonl\
y property var p\
alettes: ({\x0d\x0a   \
     techBlue:  \
     { primary: \
\x22#2563eb\x22, accen\
t: \x22#22d3ee\x22, ba\
ckground: \x22#0b12\
20\x22, surface: \x22#\
111827\x22, text: \x22\
#e5e7eb\x22, muted:\
 \x22#94a3b8\x22 },\x0d\x0a \
       techBlueL\
ight:  { primary\
: \x22#2563eb\x22, acc\
ent: \x22#22d3ee\x22, \
background: \x22#16\
2337\x22, surface: \
\x22#223047\x22, text:\
 \x22#f3f4f6\x22, mute\
d: \x22#b6c2cf\x22 },\x0d\
\x0a        emerald\
:        { prima\
ry: \x22#10b981\x22, a\
ccent: \x22#34d399\x22\
, background: \x22#\
0d1412\x22, surface\
: \x22#121a16\x22, tex\
t: \x22#e6f4ef\x22, mu\
ted: \x22#9ca3af\x22 }\
,\x0d\x0a        amber\
:          { pri\
mary: \x22#f59e0b\x22,\
 accent: \x22#f9731\
6\x22, background: \
\x22#141008\x22, surfa\
ce: \x22#1b1408\x22, t\
ext: \x22#fff7ed\x22, \
muted: \x22#fed7aa\x22\
 },\x0d\x0a        nig\
htPurple:    { p\
rimary: \x22#8b5cf6\
\x22, accent: \x22#a78\
bfa\x22, background\
: \x22#0f0a1f\x22, sur\
face: \x22#15112b\x22,\
 text: \x22#ede9fe\x22\
, muted: \x22#c4b5f\
d\x22 },\x0d\x0a        g\
raphite:       {\
 primary: \x22#6474\
8b\x22, accent: \x22#2\
2c55e\x22, backgrou\
nd: \x22#0b0f14\x22, s\
urface: \x22#131922\
\x22, text: \x22#e2e8f\
0\x22, muted: \x22#94a\
3b8\x22 }\x0d\x0a    })\x0d\x0a\
\x0d\x0a    // \xe6\xa0\xb9\xe6\x8d\xae\xe5\
\x90\x8d\xe7\xa7\xb0\xe5\xba\x94\xe7\x94\xa8\xe4\xb8\xbb\xe9\xa2\
\x98\xe8\x89\xb2\x0d\x0a    functi\
on applyTheme(na\
me){\x0d\x0a        if\
 (!name) return;\
\x0d\x0a        if (!p\
alettes[name]) r\
eturn;\x0d\x0a        \
theme = name;\x0d\x0a \
       var p = p\
alettes[name];\x0d\x0a\
        primary \
= p.primary; acc\
ent = p.accent;\x0d\
\x0a        backgro\
und = p.backgrou\
nd; surface = p.\
surface;\x0d\x0a      \
  text = p.text;\
 muted = p.muted\
;\x0d\x0a        // \xe7\x8a\
\xb6\xe6\x80\x81\xe7\xb1\xbb\xe9\xa2\x9c\xe8\x89\xb2\xe4\xbf\x9d\
\xe6\x8c\x81\xe4\xb8\x8d\xe5\x8f\x98\x0d\x0a     \
   success = \x22#2\
2c55e\x22; warning \
= \x22#f59e0b\x22; dan\
ger = \x22#ef4444\x22;\
 info = \x22#38bdf8\
\x22;\x0d\x0a        bord\
er = \x22#3a4557\x22; \
overlay = \x22#0000\
0066\x22;\x0d\x0a    }\x0d\x0a\x0d\
\x0a    // \xe9\x80\x9a\xe8\xbf\x87\xe9\x94\
\xae\xe5\x90\x8d\xe8\x8e\xb7\xe5\x8f\x96\xe5\xaf\xb9\xe5\xba\x94\
\xe9\xa2\x9c\xe8\x89\xb2\x0d\x0a    func\
tion getColor(ke\
y){\x0d\x0a        try\
 { return this[k\
ey]; } catch(e) \
{ return \x22transp\
arent\x22 }\x0d\x0a    }\x0d\
\x0a\x0d\x0a    Component\
.onCompleted: ap\
plyTheme(theme)\x0d\
\x0a\x0d\x0a    // \xe5\xbd\x92\xe4\xb8\x80\
\xe5\x8c\x96\xe5\x9b\xbe\xe6\xa0\x87\xe8\xb5\x84\xe6\xba\x90\xe8\
\xb7\xaf\xe5\xbe\x84\x0d\x0a    // \xe4\xbc\
\xa0\xe5\x85\xa5\xe7\xa4\xba\xe4\xbe\x8b\xef\xbc\x9a\x0d\x0a \
   //  getIconSo\
urce(\x22share.png\x22\
)               \
 -> qrc:/resourc\
e/icon/share.png\
\x0d\x0a    //  getIco\
nSource(\x22icon/sh\
are.png\x22)       \
    -> qrc:/reso\
urce/icon/share.\
png\x0d\x0a    //  get\
IconSource(\x22reso\
urce/icon/share.\
png\x22)  -> qrc:/r\
esource/icon/sha\
re.png\x0d\x0a    //  \
getIconSource(\x22q\
ml/resource/icon\
/x.png\x22)  -> qrc\
:/resource/icon/\
x.png\x0d\x0a    //  g\
etIconSource(\x22qr\
c:/resource/icon\
/x.png\x22) -> qrc:\
/resource/icon/x\
.png\x0d\x0a    functi\
on getIconSource\
(name){\x0d\x0a       \
 if (!name)\x0d\x0a   \
         return \
\x22\x22;\x0d\x0a        if \
(name.length===0\
)\x0d\x0a            r\
eturn \x22\x22;\x0d\x0a     \
   if (name.inde\
xOf(\x22qrc:\x22) === \
0)\x0d\x0a            \
return name;\x0d\x0a  \
      var p = St\
ring(name);\x0d\x0a   \
     p = p.repla\
ce(/^[.\x5c/]+/, \x22\x22\
);\x0d\x0a        p = \
p.replace(/\x5c\x5c/g,\
 \x22/\x22);\x0d\x0a        \
if (p.indexOf(\x22q\
ml/\x22) === 0)\x0d\x0a  \
          p = p.\
substring(4);\x0d\x0a \
       if (p.ind\
exOf(\x22resource/\x22\
) === 0)\x0d\x0a      \
      return \x22qr\
c:/\x22 + p;\x0d\x0a     \
   if (p.indexOf\
(\x22icon/\x22) === 0)\
\x0d\x0a            re\
turn \x22qrc:/resou\
rce/\x22 + p;\x0d\x0a    \
    return \x22qrc:\
/resource/icon/\x22\
 + p;\x0d\x0a    }\x0d\x0a\x0d\x0a\
    // \xe5\x8d\xa1\xe7\x89\x87\xe6\xa0\x87\
\xe9\xa2\x98\xe5\x8c\xba\xe5\x9f\x9f\xe9\xab\x98\xe5\xba\xa6\x0d\
\x0a    property in\
t cardHeadHeight\
: 30\x0d\x0a    // \xe9\xa1\xb6\
\xe9\x83\xa8\xe4\xb8\x8b\xe6\x8b\x89\xe6\xa1\x86\xe9\xab\x98\xe5\
\xba\xa6\x0d\x0a    property\
 int headComboBo\
xHeigh: 30\x0d\x0a    \
// \xe9\xa1\xb6\xe9\x83\xa8\xe6\x95\xb0\xe5\x80\xbc\xe6\
\xa1\x86\xe9\xab\x98\xe5\xba\xa6\x0d\x0a    pr\
operty int headS\
pinBoxHeigh: 30\x0d\
\x0a}\x0d\x0a\
\x00\x00\x02h\
p\
ragma Singleton\x0d\
\x0aimport QtCore\x0d\x0a\
\x0d\x0aSettings {\x0d\x0a  \
id: uiSettings\x0d\x0a\
  // API \xe6\x9c\x8d\xe5\x8a\xa1\xe4\
\xb8\xbb\xe6\x9c\xba\xe5\x9c\xb0\xe5\x9d\x80\x0d\x0a  p\
roperty string a\
piHost: \x22127.0.0\
.1\x22\x0d\x0a  // API \xe6\x9c\
\x8d\xe5\x8a\xa1\xe7\xab\xaf\xe5\x8f\xa3\x0d\x0a  pr\
operty int apiPo\
rt: 8010\x0d\x0a  // U\
I \xe8\x87\xaa\xe5\x8a\xa8\xe5\x88\xb7\xe6\x96\xb0\xe9\x97\
\xb4\xe9\x9a\x94\xef\xbc\x88\xe6\xaf\xab\xe7\xa7\x92\xef\xbc\x89\
\x0d\x0a  property int\
 refreshMs: 120\x0d\
\x0a  // \xe9\xbb\x98\xe8\xae\xa4\xe7\x95\x8c\xe9\
\x9d\xa2\xe8\xaf\xad\xe8\xa8\x80\x0a  prope\
rty string langu\
age: \x22zh_CN\x22\x0a  p\
roperty real fon\
tScale: 1.0\x0a\x0a  /\
/ \xe5\x8f\x82\xe6\x95\xb0\xe8\xae\xbe\xe7\xbd\xae\xe4\xb8\
\xad\xe5\xbf\x83\xe7\xbc\x93\xe5\xad\x98\xe9\xa1\xb5\xe7\xad\xbe\
\xe7\xb4\xa2\xe5\xbc\x95\x0a  propert\
y int parameterT\
abIndex: 0\x0a  // \
\xe5\x8f\x82\xe6\x95\xb0\xe8\xae\xbe\xe7\xbd\xae\xe4\xb8\xad\xe5\
\xbf\x83\xe7\xbc\x93\xe5\xad\x98\xe6\x95\xb0\xe6\x8d\xae\x0a \
 property var pa\
rameterGeneral: \
({})\x0a  property \
var parameterPro\
cess: ({})\x0a  pro\
perty var parame\
terAlgorithm: ({\
})\x0a  property va\
r parameterTools\
: []\x0a}\x0a\
\x00\x00\x002\
p\
ragma Singleton\x0a\
import QtQuick\x0d\x0a\
\x0d\x0aItem {\x0d\x0a\x0d\x0a}\x0d\x0a\x0d\
\x0a\
\x00\x00\x0bL\
\x00\
\x00.\x9dx\xda\xd5\x1a]o\xdc\xc6\xf1\xfd~\xc5\x8a\
\x0f\x01\x09\x9f\xceJ_R\x9c#\x1b\x8e\xe44.l\
E\x96\xdc\x22\x89 \x08\xf4\xdd\x9eD\x99G2$O\
\xd6\xc9\xb9\xe7\xb4A\x7fF\x81\xf6?\xe4\xef\xd4\xed\xdf\
\xe8\xcc~\xce.\x97\xf4\xa9FQT\x0f\x22ww\xbe\
vvfvfxU\x9d^.Sv\x9a\x15\x979\
o\xcbb\x94-\xab\xb2n\xd9\xab\xf6\xd5*\x9b\xbd\xd5\
\xc3h2y8O\xdb\xb4\x89X\xda\xb0C|\x1b\x8d\
^\xb5\xdf\xbe\xb9\xe6\xb3\x96\xbd\x1f1\x96\xcd\xa7\xac.\
\xcbv\x04\xefU]V\xbcn\xd7\xec&\xad\xd9\xac\x5c\
.\xd3b\xdeL\xd9\xd99]\xcb\x8a\x965<\x07|\
>\x7f^\xcc\xf9\xed\x94\xed~\xee\x03\xa4\xb36\xbb\xe1\
\xc1\xe5\xa6\xadAhV\xaf\x8a\xd36m\xf9\x94E\xcf\
\x0f_<\x8b:\xecWm\x0bp\xa7EZ5We\
;e\xf1\xfbMB\x81j\x9e\xe6\xf0oY\xde\xa4\xf9\
\xc1\xaa\xaey\x01@{}\x10\xcfn+!q\x08d\
^\xbe+\x16\x9c\xcf\x07\xa8h\x90\xd7i}\xc9\x83\x10\
mY\xff\xb8\xe2/\xd3\xdb\xfe\xc5\xd0\x0a\xcfa\x7f|\
~\xcag\xa1Udy\x22\x94\xd4][\xa6\xb7_\x93\
eX\x87\xe9yY\xe4\xeb\xb0\x06N\xf82\xcd\x0aP\
\xe9\x94\xbdL\xdb\xab\x09\xe0\xc7{c_?l\xd7\xd3\
i\xd2OX+\xa5\x87\xb2\xab3 \xec\xe99LY\
\x99G\x95\xd6m6\xcb\xf9\xeb\xb2M\xf3\xa9\xb4\xdc\xc9\
!\xbf\xc9f`U\x8b\x12\xc7\x13\x07f\x90X\x9e\x16\
\xfc\x1b\x9e]^\xb5}\xa4,DX\x93h\xd4\xf3\xac\
\x01\xb8\xb5\xb2jt\x1ep\x9f\x05\x8b\xb5)\xb3\xfd\xfd\
}\x16\x9d\xfc\xe1\xe8\xe8\xf9\xd1\xef\x22\xf6\xd9g\xd4\x0d\
\xd8\xe3}\xb6\x97\x08\x1c\xa4\xdf\xae\xea\x82.\x1bb\x8e\
k\x85\x90\x1c\x80Q\x98\x9a\xc0cO\x9c)\xe5\x87\x9b\
\xf0\xfe\xd0\xe5\xd4\xfe\x0e\xa4\xe3Ou\x04x\xda\xc6t\
\xe7\xc9G\x09<_\xa6\x97\xfc\x18,a\xea\x91D\x95\
\xb83\x93L\xc3\x82\xb4\xbdK*\x04\x0d2=)\xdf\
\x94\xed\x96Lk\x0d\xdbej\x97\x04S\xe0\xbaX\x15\
\xa0\xc5\xb2``ii\x1d'\xea\xe0uxd\xfbR\
8\xe6\x1e\x0cL\x0bu3\xe7\x0c\xcc\xa45\x19\x1b\xfe\
\x982\xcd\x83r\xce\xe5\x9b\xe0x\x5c\x97\x97u\xba\x8c\
\x13u\xd6\x0do\x0f\xdc\xd8(\x966\x8e\xacy\x99\xce\
5b\x9d\xbeCr\x09\xb5X9%\x0cv\x05\x92-\
\xb2\x02\x5c\xff\xa7\x9f\x18](Vy\xae\x91\x8c\x91\xe9\
m\x8b\xd9\x8d\xf8\x8f\x87P\x94\xf52\xcd\xb3;\xa0b\
\xf4\x81\xf3U\x0d~\xc6\xdf=+\xc0\x119\xd1\x15\x15\
\x02\xceG\xbd\x82G\xb7W\x17\x0a\x07\xe7\x9f\xd6u\xba\
\x9ed\x8dx\xc6!\xa8D{G\x87S\x08Z\xc0\xf2\
\xbc\xe1C\x02\x1co\xc3\xff\xf8>\xec\x8f\x09w\xd4\x0a\
\xac\xbd\x00\x8d\x130\xaa\x14\xb9$\x85\x12\xef\x93\x5c\xcf\
t\xe4!\xebF\x14\x97:\x81\x18fb\x0c\xba\x9f\x8f\
\x06\x19d\xe5XH/\xb7\x86_.\xe1\x0e\x18\xe2\xa6\
A\x06\xb9i\xa0an\x1f\xb5\xab.\xd8 \xd7\x8eM\
\x0dr>\xde\x8a\xf1\xf1\x96|\xb51\x19\xbe;a\xa2\
I\xaf\x01\xf7\xb0\x10vh\xa8\xf6\x10\xb5\x01aQ\xd6\
,Fk\xce\x00}\xef\x11<\xbe$\xf6\xc6\x8b\xcb\xf6\
\xea\x11{\xf0 \xb3\x18\x8c\x84\x89I\xb5j\xae\xe2\x0b\
3\xa1\xe2\xafat\x96\x9d\x8fYf$\xdd\xa8xc\
7MHIf\xc4\x8d\xf1\xb5]W\xbc\x5c8\x01-\
*E\xda\x1bY\x89\xb6\x92\x07\xf1\xc7p\x0d'\xbe\x0c\
\xae\x8a\xdc\x08 \xb4\xefNi9\x1f\x03\xad\xae\x16\xaf\
\xa5\x16\xafA\x8bA4\xd4\xe5\xf5\xfdt\xe9\xd29\xbb\
\x06\x8dv\xb4\x16\xd60\xb9\xdc,F\xf0\x8a\x82\xdbH\
\xdd3/\xb2\xa6\x8d-t\xf2\x09\xe9Q\xcfMj\x02\
w'G\xean\xab\x87R\xd7j\x1e\x8bD\x89\xe6\xad\
\xf2=+\x5c6\x01\xddAJ\xfb98\xc4T\xcb\x87\
\xa2y[\xea\x15\xcc\xcd\x0a\x86\xc5\x02Q\x08x\x9f \
V\x0euU;'\xe7\xa6\x07\xab\x0a\x8aB~\xa2\x0e\
&n\xf0\xff\x18J.\x91\x97\xcb,OY\x1aIT\
\x04\x14&\x09$c\x11\xfe?\xc7-\x1c\xad\x96ox\
\x1d;4lz\xc0\xdf=\x15;\x00\xc08k\x8e\xd2\
\xa3\x18\xb0\x12$\x86\xd8_\xa2G<\x01\xf1a\x0f0\
\x0e\xa4M\x86\xc0\x16Ve\x99}\xd4\xa6\x5c\xadH\x10\
\x01\x10gT\x09\xfd\xfc\xdc\xdc<\xac\x92\xcc\xea\x02\x09\
\x05\xb7\xaf_Ab\xed{\x9e\xc1\x10\x0e\xfeV\xa4\xca\
6\xddd\xf5T\x00\xc2\xd0d\xad[h\xc1f\xfd\x8e\
\x0e\xfe\xab\xdb\x12\xb9\xe6(\x90f\x9e\x01\xf6yGD\
\x11\xd8\xcaU\xa3\x03\x9d1V\x07\xd9\xab[\x84\x93\xf4\
x\x82\x9fPW\xe9\x1a3h\xba\xf7\x06\xd6`\xf3j\
\x057\xf6^\x86L\xafQ\x81\x8e\x02\xaf#%\x10-\
\xa5a\xe9bV\xf2z\xc6\x95\x0a/\xaal\xf6V\xbd\
#\xd2\x98\x9dE\x0a\xe5B9R4f\x91K\x85\xcc\
D\xe7\xc98P\xae\xb3NQ\x7f\x1f\xc6\x5c!\x11>\
\x9a\x0e\xe5\xa7\xe7$C\xaf\xb4\xdf\x8a\xa1\xc6\xa1[\xf5\
\xe8\x08\x86\x81\xb6\x01\xf3\x9b\x0b\xf7\xe2\xd7\x0a\x1c\xcaN\
Rq\xb8\xc9)\x1b\xc2d\x0b\xe7\x00\xec*\x9b\xcbx\
\x18\xe2!\xa1.\xe0&A\xf2\xa6'\x84\x03\x98\xbb\x90\
\x13\xc0\xc7\xb8\x8dOv\x87Vd\xdaI\x0c\x1d\xe0J\
o*w\xcf\x1e\xa9\xb1EK\xfcm\xfc1\xcdW\xc3\
[@\x89\xd5\xb9\xf4J-\xa9\x0cH\xdc9\x16\x82\xa7\
\xc5\xb3\xa2\xa9V\xd8\x90l\x0a\xe4\xa2\xe13\x14\xd06\
\xcf\xc8\x88\xca\xe9\x90\x0c\x0ajI\x0c\xea\x96\x12\x1a\x13\
\xa4$\x19\x19\xf9\xd1jz\xe4\x16fW\xc3\xa1\xa0\x9c\
\xba\xa9\xa7\xdf\xb5\xc0z\xbe\xa35\x5c\xb0{2`\x8f\
i\x0bP\xef\x87L\x01\x1d\x0d\xdb\x09{\xe16\x82n\
mt\x22\x9a\xea\xbd\x06\x02\xda^O\xbc\xd9\xeb\x09\x0b\
{a\xef\x95\xd3\xd4\xce\xe9\x8c\x19:\xa7\xb5\xe7kM\
N\xb8\x1a\xd8\xd3[\x7f\xf8\x90\xed\xee\xee\xb2ox^\
\xf1\xba\xc1\xf7O\xfas\xb4\x19,\x1b\xa0|\xf1\xefO\
PA\xbd\x06\xa1t\x12\x9f\xc9N\xa2x\x8cmM6\
\xc5\x7fz\xac\xae\xb0\xd7\xfc\xb6\x9d\xb2(\xd2\xd3X\xde\
\xd01$g5\x00\xe0=\xaa\xa78\xf6\xf0\xe8\x04h\
\xe6\x90W\xd8!3n\xa0\x97\xe0\xc8{\x97\xd69\x0a\
X?\xbd)\xf1[\xc1\xd9\xb9^\xc8l\x9b\xcfN\xd6\
\xb6\x0d\xa7Z=\xa4`\x82m\x05[N\x81v\x93P\
\xd5\x84l\x1e;e\xbb\x91\x9b5\x08 \x9f\x89-\xfc\
d\xaa&{\xc0\xd10i\x80vV\x91\x08r\xbc'\
\xc3\x9d`\x95\x19bx*\xa4B\x8d$\x1fa\x11\xc2\
\x161\xc6\x92\x80\x10\xa3\x88D\x0aN\x5cn\x16\x05\x87\
y\xfa\x86\xe7\xe2VR\x13*M\x12kp\x18b)\
ks\xf1R\xa4K.\xf7N\xa2\xe9NW\x148\xbf\
\xce\xa4.JP\xfb&\xfd\x0e\xeeB\x1eM\xb6X\x9f\
\xa6\x0b\x9e\xaf\xa56F\x9dS\xe8\xdf-\x02\x90\xad\xbc\
V\xc3%\x94\xa7\xf8\xc4.q\x8a\x1e*`  \x5c\
\x96\xf5\xdal\xcb\xb8\xe5\x1c-_F\x1d\x1a\xbc%\xab\
H{\x8d\xbe\xc3\xe7z\xf0\x03\xa0\x9c\xf0\xfcp\x89\x83\
;3 \x0a3\x84\xc3W\x8f\xd8\xa3&\x0f\xcc5\xb8\
'\x19\x84\xe9\xb0d\xdai\xe5]\xddZ\xc9^\xde\xca\
O\x19\x10v\x85\xd4\xeeP\x82\xf9b\x22\x97\x0115\
/-&\x80[1u\x88P\x8d\xa4\x89\x1e\x7f\xb5\xae\
\xd2\xa6q\xc9B\x9d\x17\x00\x11!o\x02\xf6\xf0\xea\xf2\
\xa8l\xd1\x1c\x88\x198\x11\x08Ua\xc3\xadZ\x11\xbd\
\x07#\x85cC\xf6+\x02E4\x9f(\xac\x07Jp\
\xdb\xff\xa7\xe0\xe6\xe3\x021QQ\x14`\xd4=.\xb3\
B\xc5\x90\x89\x98\xe8l\xd8\x12\x12\xb0\xb1\x81\xc4\xa2\xdd\
\x94>\xf2\x86\x98Sr0\xdc\x8a\x18\xc09\xa4\x84\xb7\
\x12\xe1\xa0*\xf6\xb6G\x9bQ\xf4\x0a\xd1\xdc/\x80\x9d\
\x14\xe5\xab\xf5!_\xc4\x1e\xfa\x18\x1b\x0e\xc6\xf9\xcd\xf4\
\xd9\xde9\x8d\x16\xf3{p';\xff(\xef\xdf\x04y\
\xf7\xf0\x80\xb2\xef\x9c\x1c\xb0<\xa1}\xb2[\xb2\x88\xfa\
\xde7\xa2\x8c\xfc\xc8'\xe2\x91\xe1\x8c#7\xd6y\x11\
_\x87\xaf\x0cr\x9d\x1ac\xd3\xd7u\xb9\x14\x94\x9b\xee\
\x9e\x5c7K\xc8\xf7\x15\xefbp\x139\x1a\x1b\x9br\
\x05I\xe3\x98\xbd\xe5\xebF\xcb\x12\xea\xd2\xe2z\xb8C\
\x8b\x80\xb0\x0a\xa0\x08s\x96\x9d\xeb\xab\x1et\x80\xf3Y\
\xc1$\x13<S\xf9v\x06\xf3\xe7\x9e\x91\x06\x16\xdd\xdb\
]\xd5\x22\xceUH0\x92\x09L\xe9/^\xe6\x9a%\
W\x0b\xb1\x1b\xa2!\x84\xf0\xba\x99dU\xdc\xe5\x01\xe5\
\xe9T\xfd\xffLy\xc5ji{1Tw\x8e\xd2v\
d[\x06\x80\x93\x80\xc2`\xba__F\xa2\xae\xda\x9c\
\xea\xe4F\xd6D\x8b4\xcf\xdf\xa4\xb3\xb74\xdfud\
\x14p~\xbf\x88\x0a\xa6\xf8jB\x9d\xc0g\x16\xa6\xa6\
\xea \xbb\xd8\xf4e\xe4\xf4\x8a\x902\x90\xae\xde\x8d,\
6\xfd\x9c\xd4N\x0b\xd5\xbb\x02\x92O\x98\xee\x17\x00I\
\xdd\x83\x16\x93\x93E\x96\xb7X\xc9)\xf9\xe2\xac\xe5K\
\x90C\x03\xe1\xd0\x9c4Z\x80\x99p\xec\xc2\xccF\x11\
\xdb\x90\x9a\xde\xf1#)\x05\xf5 \xdf{\x9c\xc4\xcc\xdd\
\x14\xf1\xa4\x09\xa4jY\x1b?<{4>\x7f\x98@\
\x9eRY\xf1+qw\x19\xf1q\xa8\x18\x82\x5c\x9d\xcd\
\x86\xa0I\x9b{\x93\x0c\x1c\x9f\xbc\xe3*\xfcO\xcfm\
G\xcc\xe0Q\xa9\xec[\x8e\x9d\xfc\xbb\xa7\xc3\x88\x1a\xf3\
S=\x81\x8d)\x95\xe8\xd4|'*\xf3\xeft\x8a\x84\
\x08\xeb>\x04\x91i\x7f/\x10\xbe\xa7\x08w}\x08w\
\x22u\x14\x08?P\x04\xa8\xc8W9\x1e\xa3j+\xe2\
.\xfd\xc4Q\x01MP|\xfb\x8b\x91u\x0f\x14\xca\xbc\
6Pw=P(\xe8\x1d={\xf9\xdb\xb0\x09\xc6\xb0\
X\xc2$\xfa\xb4\x9eh)M\xaa\xd1wln~E\
BB\xd56\xee/\x04r\xf0K\x95\xed\x98T\xad\xef\
\xd3&\xc2\x1a\xff\xf2\x11/\xaa\xff\x00\xb3\xc1\xb0p|\
\xdc6B\xe0\xad\xb0\xb5\x15\xb7\xcd\xa8\xf7\x92@\x84\xfe\
KB\xb8\xf1\xbe\x00ro\x89\x1d\x11\x16L\x9c\x9e\x95\
E\x9b\x15+NP}\xc3E\x04\xd7ng\xa5(\xf2\
\x0e\xe4c\x81Os'\x84,YS\xb0\x86\x5c\x97\xef\
\xf0q\x22\x1f\x0b|\x1a\x0a\xd2*;\xf1r\xedN\xf5\
n\x01\x94&?V\xda\xbb\xecv\xcaL\xef\x83\xb1\xf5\
\x94\xad\xed\x08\xc8M\x83\xc2f\x90\x16\xcaRf!%\
\xce\xb9\x95q\x13H\x9e*\xf1\x0b\x81>ku\xd3\xfb\
-\xad\xd5\xe4n\xf7\xb59\x81\xf8i\xd6*\x04\xfe_\
Z\xabP\x8eN\xd7\xbd`M\x8d\x18\xc5s\x82\xb7\xad\
l\x17\xa1F\xefV\x07\xac\xab\xd6\xc5@_WX\x1b\
2\x9e\xc0\x82(Z%\xf4\xc8]\xbc\xeb\x96\xfdZ\x84\
\xe1\xf2\x9e\xd2\x97eq\x88\xc6@!N\xe9h\xaf\x90\
\x9a\xeaO\xc9\x82V\xec7Q\x9c\x1c\x07\xfb\x8d\xf40\
\xaf\x1b@\xd9g\xbf?\xfd\xf6hb\x10ij&u\
+\xc0 \xe1\xc0\xa7\xbd\xaa\x7fK\x92nEH\x004\
y6\xe3\xd83\xff\xe2\x8b\x84=\xc0\xdf\x1cO\xbc\xbe\
\x99\x80\xc6/\xc7\xaa\x83\xb7a\xb3\xb4\x9d]\xb1\x98\xd7\
u\xe7'f\x06\xa8\xbb\xd7P%%\x94\xd6\x8ce[\
\x82\xe6\x08\xf2`:I\x94J\x89\xd5II,\xf1k\
\x0dg\x86\x96\x18J\xae\x1f\x9b\xd7u\x1c}\xf8\xd3\xcf\
\x1f\xfe\xfcKd3+\xc9_\xfc\xdcC\xbcY}}\
\x1e$\xf0\xaf\xbf\xfd\xfa\xe1\x97\xbfG\xc9\xa8\xb3\xf2\xcf\
\xbf\xfc\xfc\x8f_\xff\x1a\x05\xd2!\xaf \xaeD\xc5\xa8\
Mz\xa8Z\xa9l!\xec\xb9\xb6\x10\x1d\xcb\xe6\xec\x5c\
\xc8._\xa5\xb7\xec[\x7f\xb1'n\xb27\x01\xd85\
N\x93\x11lF\xff\x06\xf3\x12\xb0&\
\x00\x00\x01\xc3\
s\
ingleton CoreErr\
or 1.0 CoreError\
.qml\x0d\x0asingleton \
CoreModels 1.0 C\
oreModels.qml\x0d\x0as\
ingleton CoreSet\
tings 1.0 CoreSe\
ttings.qml\x0d\x0asing\
leton CoreState \
1.0 CoreState.qm\
l\x0d\x0asingleton Cor\
eStyle 1.0 CoreS\
tyle.qml\x0d\x0asingle\
ton CoreTimer 1.\
0 CoreTimer.qml\x0d\
\x0asingleton CoreU\
I 1.0 CoreUI.qml\
\x0d\x0a\x0d\x0asingleton Co\
reControl 1.0 Co\
reControl.qml\x0d\x0as\
ingleton CoreCur\
rent 1.0 CoreCur\
rent.qml\x0d\x0asingle\
ton CoreCutting \
1.0 CoreCutting.\
qml\x0d\x0asingleton C\
oreDataView 1.0 \
CoreDataView.qml\
\x0d\x0a\
"

qt_resource_name = b"\
\x00\x03\
\x00\x00x<\
\x00q\
\x00m\x00l\
\x00\x0c\
\x01\x9a\x93<\
\x00A\
\x00p\x00p\x00_\x00B\x00a\x00s\x00e\x00.\x00q\x00m\x00l\
\x00\x05\
\x00jh\xc3\
\x00c\
\x00o\x00r\x00e\x00s\
\x00\x0a\
\x07j\x093\
\x00c\
\x00o\x00m\x00p\x00o\x00n\x00e\x00n\x00t\x00s\
\x00\x03\
\x00\x00Hi\
\x00A\
\x00p\x00i\
\x00\x04\
\x00\x07\xac\xa4\
\x00t\
\x00e\x00s\x00t\
\x00\x05\
\x00l\x5cC\
\x00e\
\x00n\x00u\x00m\x00s\
\x00\x06\
\x06z\xb0^\
\x00a\
\x00c\x00t\x00i\x00o\x00n\
\x00\x02\
\x00\x00\x07\x13\
\x00j\
\x00s\
\x00\x0b\
\x03\x97^<\
\x00m\
\x00i\x00n\x00i\x00m\x00a\x00l\x00.\x00q\x00m\x00l\
\x00\x07\
\x0a\xf85#\
\x00d\
\x00i\x00a\x00l\x00o\x00g\x00s\
\x00\x04\
\x00\x07<U\
\x00m\
\x00e\x00n\x00u\
\x00\x05\
\x00|\xfc\xe3\
\x00v\
\x00i\x00e\x00w\x00s\
\x00\x05\
\x00v}\xc3\
\x00p\
\x00a\x00g\x00e\x00s\
\x00\x05\
\x00j\x8a\x83\
\x00d\
\x00a\x00t\x00a\x00s\
\x00\x08\
\x08\x01Z\x5c\
\x00m\
\x00a\x00i\x00n\x00.\x00q\x00m\x00l\
\x00\x05\
\x00~i#\
\x00w\
\x00o\x00r\x00k\x00s\
\x00\x0c\
\x0d\xdf\x19\xfc\
\x00T\
\x00a\x00s\x00k\x00W\x00o\x00r\x00k\x00.\x00q\x00m\x00l\
\x00\x0c\
\x0c\xe9\x89\xfc\
\x00L\
\x00o\x00g\x00s\x00W\x00o\x00r\x00k\x00.\x00q\x00m\x00l\
\x00\x0f\
\x01\xef\xe6\xdc\
\x00C\
\x00u\x00t\x00t\x00i\x00n\x00g\x00W\x00o\x00r\x00k\x00.\x00q\x00m\x00l\
\x00\x12\
\x078\xd0<\
\x00D\
\x00e\x00v\x00i\x00c\x00e\x00I\x00n\x00f\x00o\x00W\x00o\x00r\x00k\x00.\x00q\x00m\
\x00l\
\x00\x0e\
\x03\x9d\xd3\x5c\
\x00S\
\x00t\x00a\x00t\x00u\x00s\x00W\x00o\x00r\x00k\x00.\x00q\x00m\x00l\
\x00\x06\
\x07\x84+\x02\
\x00q\
\x00m\x00l\x00d\x00i\x00r\
\x00\x13\
\x01\xd9\xf4\x1c\
\x00C\
\x00a\x00l\x00i\x00b\x00r\x00a\x00t\x00i\x00o\x00n\x00W\x00o\x00r\x00k\x00.\x00q\
\x00m\x00l\
\x00\x0c\
\x0f\xc9\x05\xfc\
\x00C\
\x00o\x00d\x00e\x00W\x00o\x00r\x00k\x00.\x00q\x00m\x00l\
\x00\x09\
\x09&\xec\xfc\
\x00W\
\x00o\x00r\x00k\x00s\x00.\x00q\x00m\x00l\
\x00\x10\
\x0a\xbf*\xfc\
\x00T\
\x00o\x00o\x00l\x00I\x00n\x00f\x00o\x00D\x00a\x00t\x00a\x00.\x00q\x00m\x00l\
\x00\x0d\
\x0e3d\x1c\
\x00C\
\x00o\x00d\x00e\x00D\x00a\x00t\x00a\x00s\x00.\x00q\x00m\x00l\
\x00\x0d\
\x0f\x99\xa4\x5c\
\x00T\
\x00a\x00s\x00k\x00D\x00a\x00t\x00a\x00s\x00.\x00q\x00m\x00l\
\x00\x10\
\x0c\xa1\x93\xdc\
\x00C\
\x00u\x00t\x00t\x00i\x00n\x00g\x00D\x00a\x00t\x00a\x00s\x00.\x00q\x00m\x00l\
\x00\x13\
\x0f\xfb\xf9\x1c\
\x00C\
\x00a\x00l\x00i\x00b\x00r\x00a\x00t\x00i\x00o\x00n\x00D\x00a\x00t\x00a\x00.\x00q\
\x00m\x00l\
\x00\x0c\
\x00\xf1%<\
\x00L\
\x00o\x00g\x00D\x00a\x00t\x00a\x00s\x00.\x00q\x00m\x00l\
\x00\x0f\
\x0b\xff\xcb\x9c\
\x00S\
\x00t\x00a\x00t\x00u\x00s\x00D\x00a\x00t\x00a\x00s\x00.\x00q\x00m\x00l\
\x00\x12\
\x09\x1a\xd1<\
\x00D\
\x00e\x00v\x00i\x00c\x00e\x00I\x00n\x00f\x00o\x00D\x00a\x00t\x00a\x00.\x00q\x00m\
\x00l\
\x00\x04\
\x00\x06\xd6d\
\x00f\
\x00o\x00o\x00t\
\x00\x0f\
\x0c\xd2\x02\xfc\
\x00M\
\x00a\x00i\x00n\x00L\x00a\x00y\x00o\x00u\x00t\x00s\x00.\x00q\x00m\x00l\
\x00\x04\
\x00\x077\xfe\
\x00m\
\x00a\x00i\x00n\
\x00\x04\
\x00\x06\xebt\
\x00h\
\x00e\x00a\x00d\
\x00\x0e\
\x09\xda\x06\x1c\
\x00T\
\x00i\x00t\x00l\x00e\x00L\x00a\x00b\x00e\x00l\x00.\x00q\x00m\x00l\
\x00\x0c\
\x04t\xd7\xdc\
\x00I\
\x00t\x00e\x00m\x00I\x00c\x00o\x00n\x00.\x00q\x00m\x00l\
\x00\x0c\
\x06 \xa7\xbc\
\x00H\
\x00e\x00a\x00d\x00V\x00i\x00e\x00w\x00.\x00q\x00m\x00l\
\x00\x14\
\x00\x12]\x1c\
\x00S\
\x00e\x00m\x00i\x00A\x00u\x00t\x00o\x00S\x00t\x00a\x00r\x00t\x00B\x00t\x00n\x00.\
\x00q\x00m\x00l\
\x00\x11\
\x03\x94s\xbc\
\x00C\
\x00a\x00p\x00t\x00u\x00r\x00e\x00B\x00u\x00t\x00t\x00o\x00n\x00.\x00q\x00m\x00l\
\
\x00\x0c\
\x00$<\xbc\
\x00E\
\x00s\x00t\x00o\x00p\x00B\x00t\x00n\x00.\x00q\x00m\x00l\
\x00\x15\
\x06{A|\
\x00V\
\x00i\x00e\x00w\x00C\x00h\x00a\x00n\x00g\x00e\x00T\x00a\x00b\x00V\x00i\x00e\x00w\
\x00.\x00q\x00m\x00l\
\x00\x0c\
\x06>\x93\xbc\
\x00I\
\x00c\x00o\x00n\x00V\x00i\x00e\x00w\x00.\x00q\x00m\x00l\
\x00\x12\
\x08\xd4\xc1<\
\x00R\
\x00u\x00n\x00M\x00o\x00d\x00e\x00l\x00S\x00e\x00l\x00e\x00c\x00t\x00.\x00q\x00m\
\x00l\
\x00\x10\
\x0a\x9c\x83\x1c\
\x00D\
\x00a\x00t\x00e\x00T\x00i\x00m\x00e\x00V\x00i\x00e\x00w\x00.\x00q\x00m\x00l\
\x00\x0d\
\x07\xf35\xfc\
\x00I\
\x00c\x00o\x00n\x00L\x00a\x00b\x00e\x00l\x00.\x00q\x00m\x00l\
\x00\x0a\
\x0b\xdb0\xf5\
\x00d\
\x00e\x00b\x00u\x00g\x00_\x00p\x00a\x00g\x00e\
\x00\x0d\
\x0a\xc6=\x9c\
\x00M\
\x00a\x00i\x00n\x00P\x00a\x00g\x00e\x00s\x00.\x00q\x00m\x00l\
\x00\x09\
\x0c\x86\x9e\xf5\
\x00u\
\x00s\x00e\x00r\x00_\x00p\x00a\x00g\x00e\
\x00\x09\
\x0a\xa6\x92U\
\x00t\
\x00e\x00s\x00t\x00_\x00p\x00a\x00g\x00e\
\x00\x09\
\x08&\x96\xb5\
\x00r\
\x00e\x00a\x00l\x00_\x00p\x00a\x00g\x00e\
\x00\x10\
\x0d\x13\xcf\xbc\
\x00R\
\x00e\x00a\x00l\x00P\x00a\x00g\x00e\x00V\x00i\x00e\x00w\x00.\x00q\x00m\x00l\
\x00\x10\
\x0d\x13S\x1c\
\x00T\
\x00e\x00s\x00t\x00P\x00a\x00g\x00e\x00V\x00i\x00e\x00w\x00.\x00q\x00m\x00l\
\x00\x10\
\x01\x12\xc6\xbc\
\x00U\
\x00s\x00e\x00r\x00P\x00a\x00g\x00e\x00V\x00i\x00e\x00w\x00.\x00q\x00m\x00l\
\x00\x11\
\x06/\x07\x5c\
\x00D\
\x00e\x00b\x00u\x00g\x00P\x00a\x00g\x00e\x00V\x00i\x00e\x00w\x00.\x00q\x00m\x00l\
\
\x00\x10\
\x01\x19\xf4\x5c\
\x00V\
\x00i\x00e\x00w\x00M\x00a\x00n\x00g\x00e\x00R\x00o\x00w\x00.\x00q\x00m\x00l\
\x00\x0d\
\x06\xb6\xd5\x9c\
\x00P\
\x00i\x00n\x00g\x00L\x00a\x00b\x00e\x00l\x00.\x00q\x00m\x00l\
\x00\x0c\
\x06f\x87\xbc\
\x00F\
\x00o\x00o\x00t\x00V\x00i\x00e\x00w\x00.\x00q\x00m\x00l\
\x00\x09\
\x07\xd9d\xaf\
\x00I\
\x00m\x00a\x00g\x00e\x00I\x00n\x00f\x00o\
\x00\x06\
\x04\x9e\x89\xb3\
\x00C\
\x00h\x00a\x00r\x00t\x00s\
\x00\x04\
\x00\x05\xa8\x9b\
\x00T\
\x00a\x00s\x00k\
\x00\x03\
\x00\x00SW\
\x00L\
\x00o\x00g\
\x00\x06\
\x058G\xd5\
\x00M\
\x00a\x00n\x00a\x00g\x00e\
\x00\x09\
\x00\xc9\x93\xef\
\x00D\
\x00r\x00i\x00v\x00e\x00I\x00n\x00f\x00o\
\x00\x0b\
\x00\x89H\xa7\
\x00R\
\x00u\x00n\x00T\x00i\x00m\x00e\x00V\x00i\x00e\x00w\
\x00\x0b\
\x09\x1b\xad\xbe\
\x00C\
\x00a\x00l\x00i\x00b\x00r\x00a\x00t\x00i\x00o\x00n\
\x00\x04\
\x00\x04\xa5\xa5\
\x00C\
\x00o\x00d\x00e\
\x00\x04\
\x00\x04\x88\x95\
\x00B\
\x00a\x00s\x00e\
\x00\x07\
\x0ae\xb9\xdc\
\x00C\
\x00o\x00n\x00t\x00r\x00o\x00l\
\x00\x0e\
\x0a\x8b\x8a<\
\x00P\
\x00T\x00Z\x00C\x00o\x00n\x00t\x00r\x00o\x00l\x00.\x00q\x00m\x00l\
\x00\x17\
\x0e\xc8a\x5c\
\x00C\
\x00y\x00l\x00i\x00n\x00d\x00e\x00r\x00i\x00I\x00t\x00e\x00m\x00B\x00u\x00t\x00t\
\x00o\x00n\x00.\x00q\x00m\x00l\
\x00\x13\
\x0d\xbf\x8f\xbc\
\x00C\
\x00y\x00l\x00i\x00n\x00d\x00e\x00r\x00C\x00o\x00n\x00t\x00r\x00o\x00l\x00.\x00q\
\x00m\x00l\
\x00\x11\
\x0f4\x15|\
\x00P\
\x00T\x00Z\x00I\x00t\x00e\x00m\x00B\x00u\x00t\x00t\x00o\x00n\x00.\x00q\x00m\x00l\
\
\x00\x0c\
\x01\x96g\x1c\
\x00B\
\x00a\x00s\x00e\x00C\x00a\x00r\x00d\x00.\x00q\x00m\x00l\
\x00\x0c\
\x02fg\xfc\
\x00B\
\x00a\x00s\x00e\x00H\x00e\x00a\x00d\x00.\x00q\x00m\x00l\
\x00\x0c\
\x0f,\x07\x9c\
\x00C\
\x00o\x00d\x00e\x00F\x00o\x00o\x00t\x00.\x00q\x00m\x00l\
\x00\x0c\
\x02<\x07\xfc\
\x00C\
\x00o\x00d\x00e\x00H\x00e\x00a\x00d\x00.\x00q\x00m\x00l\
\x00\x0f\
\x03\xba\xb6<\
\x00C\
\x00o\x00d\x00e\x00C\x00o\x00n\x00t\x00o\x00r\x00l\x00.\x00q\x00m\x00l\
\x00\x0c\
\x06\x85\x05\xbc\
\x00C\
\x00o\x00d\x00e\x00V\x00i\x00e\x00w\x00.\x00q\x00m\x00l\
\x00\x12\
\x01\xbej|\
\x00C\
\x00o\x00d\x00e\x00R\x00u\x00n\x00O\x00n\x00e\x00I\x00t\x00e\x00m\x00.\x00q\x00m\
\x00l\
\x00\x13\
\x08\x95\xf7\xdc\
\x00C\
\x00a\x00l\x00i\x00b\x00r\x00a\x00t\x00i\x00o\x00n\x00V\x00i\x00e\x00w\x00.\x00q\
\x00m\x00l\
\x00\x0f\
\x08\xabF\xbc\
\x00R\
\x00u\x00n\x00T\x00i\x00m\x00e\x00V\x00i\x00e\x00w\x00.\x00q\x00m\x00l\
\x00\x10\
\x0d\xd9(<\
\x00T\
\x00o\x00o\x00l\x00I\x00n\x00f\x00o\x00V\x00i\x00e\x00w\x00.\x00q\x00m\x00l\
\x00\x1e\
\x0d R\x5c\
\x00S\
\x00i\x00n\x00g\x00l\x00e\x00C\x00u\x00t\x00C\x00o\x00m\x00m\x00a\x00n\x00d\x00S\
\x00t\x00a\x00t\x00u\x00s\x00V\x00i\x00e\x00w\x00.\x00q\x00m\x00l\
\x00\x18\
\x0atU\xdc\
\x00S\
\x00t\x00a\x00t\x00u\x00s\x00L\x00i\x00g\x00h\x00t\x00A\x00l\x00a\x00r\x00m\x00V\
\x00i\x00e\x00w\x00.\x00q\x00m\x00l\
\x00\x11\
\x0c\xf1\xbe\x9c\
\x00D\
\x00r\x00i\x00v\x00e\x00I\x00n\x00f\x00o\x00V\x00i\x00e\x00w\x00.\x00q\x00m\x00l\
\
\x00\x14\
\x0c\xads\xfc\
\x00R\
\x00u\x00n\x00S\x00t\x00a\x00t\x00e\x00I\x00n\x00f\x00o\x00V\x00i\x00e\x00w\x00.\
\x00q\x00m\x00l\
\x00\x04\
\x00\x06\x88\x95\
\x00b\
\x00a\x00s\x00e\
\x00\x19\
\x0eb\xaf\x5c\
\x00C\
\x00u\x00t\x00t\x00i\x00n\x00g\x00S\x00t\x00a\x00t\x00i\x00s\x00t\x00i\x00c\x00s\
\x00V\x00i\x00e\x00w\x00.\x00q\x00m\x00l\
\x00\x0f\
\x00/\xd1\x1c\
\x00I\
\x00n\x00f\x00o\x00R\x00o\x00w\x00I\x00t\x00e\x00m\x00.\x00q\x00m\x00l\
\x00\x12\
\x0d\xc9\xc2<\
\x00I\
\x00n\x00f\x00o\x00T\x00i\x00t\x00l\x00e\x00L\x00a\x00b\x00e\x00l\x00.\x00q\x00m\
\x00l\
\x00\x12\
\x04\xdb\xc3\xfc\
\x00I\
\x00n\x00f\x00o\x00V\x00a\x00l\x00u\x00e\x00L\x00a\x00b\x00e\x00l\x00.\x00q\x00m\
\x00l\
\x00\x10\
\x08\x0c\xb8\xfc\
\x00I\
\x00n\x00f\x00o\x00H\x00e\x00a\x00d\x00V\x00i\x00e\x00w\x00.\x00q\x00m\x00l\
\x00\x12\
\x0c H\xbc\
\x00F\
\x00o\x00o\x00t\x00M\x00a\x00n\x00a\x00g\x00e\x00V\x00i\x00e\x00w\x00.\x00q\x00m\
\x00l\
\x00\x12\
\x03V\xb5\x5c\
\x00I\
\x00n\x00f\x00o\x00M\x00a\x00n\x00a\x00g\x00e\x00V\x00i\x00e\x00w\x00.\x00q\x00m\
\x00l\
\x00\x03\
\x00\x00t\x08\
\x00m\
\x00i\x00x\
\x00\x12\
\x0d\xd3L\xbc\
\x00C\
\x00o\x00d\x00e\x00M\x00a\x00n\x00a\x00g\x00e\x00V\x00i\x00e\x00w\x00.\x00q\x00m\
\x00l\
\x00\x0e\
\x0c%\xcd\x1c\
\x00F\
\x00i\x00l\x00t\x00e\x00r\x00M\x00e\x00n\x00u\x00.\x00q\x00m\x00l\
\x00\x13\
\x01~(<\
\x00C\
\x00o\x00n\x00t\x00r\x00o\x00l\x00V\x00i\x00e\x00w\x00H\x00e\x00a\x00d\x00.\x00q\
\x00m\x00l\
\x00\x10\
\x06A\x01<\
\x00C\
\x00o\x00d\x00e\x00T\x00a\x00s\x00k\x00F\x00l\x00i\x00p\x00.\x00q\x00m\x00l\
\x00\x0c\
\x0fz\xe3\x1c\
\x00C\
\x00o\x00n\x00t\x00r\x00o\x00l\x00s\x00.\x00q\x00m\x00l\
\x00\x0c\
\x0f\x99g|\
\x00B\
\x00a\x00s\x00e\x00C\x00o\x00r\x00e\x00.\x00q\x00m\x00l\
\x00\x10\
\x0f\x0f\xd4\xbc\
\x00I\
\x00n\x00f\x00o\x00V\x00i\x00e\x00w\x00C\x00o\x00r\x00e\x00.\x00q\x00m\x00l\
\x00\x10\
\x06,\x9a\xdc\
\x00F\
\x00o\x00o\x00t\x00V\x00i\x00e\x00w\x00C\x00o\x00d\x00e\x00.\x00q\x00m\x00l\
\x00\x10\
\x03\x0dY\xdc\
\x00C\
\x00o\x00d\x00e\x00V\x00i\x00e\x00w\x00C\x00o\x00r\x00e\x00.\x00q\x00m\x00l\
\x00\x0b\
\x0b\xd1\xe3\xfc\
\x00L\
\x00o\x00g\x00H\x00e\x00a\x00d\x00.\x00q\x00m\x00l\
\x00\x0b\
\x0fp\xf1\xbc\
\x00L\
\x00o\x00g\x00V\x00i\x00e\x00w\x00.\x00q\x00m\x00l\
\x00\x0c\
\x0e\xedk\x1c\
\x00T\
\x00a\x00s\x00k\x00B\x00o\x00d\x00y\x00.\x00q\x00m\x00l\
\x00\x0c\
\x04\x9b\x19\xbc\
\x00T\
\x00a\x00s\x00k\x00V\x00i\x00e\x00w\x00.\x00q\x00m\x00l\
\x00\x0c\
\x00&k\xfc\
\x00T\
\x00a\x00s\x00k\x00H\x00e\x00a\x00d\x00.\x00q\x00m\x00l\
\x00\x0c\
\x01\xf1\x18<\
\x00T\
\x00a\x00s\x00k\x00I\x00t\x00e\x00m\x00.\x00q\x00m\x00l\
\x00\x0c\
\x03\xb9g\xfc\
\x00R\
\x00p\x00m\x00C\x00h\x00a\x00r\x00t\x00.\x00q\x00m\x00l\
\x00\x0d\
\x0e\x9ef\xbc\
\x00L\
\x00i\x00n\x00e\x00C\x00h\x00a\x00r\x00t\x00.\x00q\x00m\x00l\
\x00\x16\
\x0b\x8f\xed<\
\x00E\
\x00l\x00e\x00v\x00a\x00t\x00i\x00o\x00n\x00A\x00r\x00e\x00a\x00C\x00h\x00a\x00r\
\x00t\x00.\x00q\x00m\x00l\
\x00\x0f\
\x0b\x81\x0a\x5c\
\x00T\
\x00o\x00r\x00q\x00u\x00e\x00C\x00h\x00a\x00r\x00t\x00.\x00q\x00m\x00l\
\x00\x11\
\x0d\x03\x22\xdc\
\x00I\
\x00m\x00a\x00g\x00e\x00I\x00n\x00f\x00o\x00V\x00i\x00e\x00w\x00.\x00q\x00m\x00l\
\
\x00\x06\
\x07\xcf\xca\x94\
\x00v\
\x00i\x00e\x00w\x003\x00d\
\x00\x06\
\x07\xcf\xca\x84\
\x00v\
\x00i\x00e\x00w\x002\x00d\
\x00\x0e\
\x0a\xe6t\x9c\
\x00M\
\x00a\x00s\x00k\x00S\x00e\x00l\x00e\x00c\x00t\x00.\x00q\x00m\x00l\
\x00\x0c\
\x00\xe8\xc3\xfc\
\x00V\
\x00i\x00e\x00w\x00H\x00e\x00a\x00d\x00.\x00q\x00m\x00l\
\x00\x12\
\x01\x8ev|\
\x00V\
\x00i\x00e\x00w\x00C\x00h\x00i\x00o\x00s\x00e\x00I\x00t\x00e\x00m\x00.\x00q\x00m\
\x00l\
\x00\x0e\
\x09\x03\x7f\x1c\
\x00V\
\x00i\x00e\x00w\x00C\x00h\x00i\x00o\x00s\x00e\x00.\x00q\x00m\x00l\
\x00\x0d\
\x08\xd1T|\
\x00M\
\x00a\x00s\x00k\x00L\x00a\x00y\x00e\x00r\x00.\x00q\x00m\x00l\
\x00\x0a\
\x0al\xcb\xbc\
\x00V\
\x00i\x00e\x00w\x002\x00D\x00.\x00q\x00m\x00l\
\x00\x0e\
\x09>\x09<\
\x00I\
\x00m\x00a\x00g\x00e\x00L\x00a\x00y\x00e\x00r\x00.\x00q\x00m\x00l\
\x00\x15\
\x0d\xef\x90\x1c\
\x00C\
\x00o\x00o\x00r\x00d\x00i\x00n\x00a\x00t\x00e\x00O\x00v\x00e\x00r\x00l\x00a\x00y\
\x00.\x00q\x00m\x00l\
\x00\x13\
\x08\x1dr\x1c\
\x00C\
\x00a\x00m\x00e\x00r\x00a\x00A\x00x\x00e\x00s\x00L\x00a\x00y\x00e\x00r\x00.\x00q\
\x00m\x00l\
\x00\x12\
\x00\x06\x22\x1c\
\x00F\
\x00i\x00x\x00t\x00u\x00r\x00e\x00O\x00v\x00e\x00r\x00l\x00a\x00y\x00.\x00q\x00m\
\x00l\
\x00\x12\
\x06\xda\xa9\x9c\
\x00C\
\x00o\x00o\x00r\x00d\x00i\x00n\x00a\x00t\x00e\x00I\x00n\x00f\x00o\x00.\x00q\x00m\
\x00l\
\x00\x0f\
\x0e\xa8\xa4\x9c\
\x00T\
\x00o\x00o\x00l\x00O\x00v\x00e\x00r\x00l\x00a\x00y\x00.\x00q\x00m\x00l\
\x00\x0a\
\x08~\x1d<\
\x00C\
\x00o\x00r\x00e\x003\x00D\x00.\x00q\x00m\x00l\
\x00\x05\
\x00r\x8f\xc2\
\x00l\
\x00a\x00y\x00e\x00r\
\x00\x0f\
\x0d\xf4\xae\x1c\
\x00M\
\x00o\x00d\x00e\x00l\x00N\x00o\x00d\x00e\x003\x00D\x00.\x00q\x00m\x00l\
\x00\x0a\
\x0a|\xcb\xbc\
\x00V\
\x00i\x00e\x00w\x003\x00D\x00.\x00q\x00m\x00l\
\x00\x0d\
\x0b\xbc'\xbc\
\x00C\
\x00o\x00n\x00t\x00r\x00o\x00l\x003\x00D\x00.\x00q\x00m\x00l\
\x00\x0e\
\x00\xddi\xbc\
\x00L\
\x00a\x00b\x00e\x00l\x00L\x00a\x00y\x00e\x00r\x00.\x00q\x00m\x00l\
\x00\x0a\
\x04m\xf5\xc3\
\x00m\
\x00a\x00i\x00n\x00_\x00m\x00e\x00n\x00u\x00s\
\x00\x06\
\x07\xaa\x8a\xc3\
\x00s\
\x00t\x00a\x00t\x00e\x00s\
\x00\x08\
\x0c\xbb\x0b\xc3\
\x00s\
\x00e\x00t\x00t\x00i\x00n\x00g\x00s\
\x00\x12\
\x02x\xcd\x1c\
\x00S\
\x00e\x00t\x00t\x00i\x00n\x00g\x00s\x00D\x00r\x00a\x00w\x00e\x00r\x00.\x00q\x00m\
\x00l\
\x00\x0c\
\x02(R\x5c\
\x00M\
\x00a\x00i\x00n\x00M\x00e\x00n\x00u\x00.\x00q\x00m\x00l\
\x00\x16\
\x09\xc0\xd5|\
\x00S\
\x00e\x00t\x00t\x00i\x00n\x00g\x00S\x00e\x00c\x00t\x00i\x00o\x00n\x00L\x00i\x00s\
\x00t\x00.\x00q\x00m\x00l\
\x00\x14\
\x053A\xdc\
\x00S\
\x00e\x00t\x00t\x00i\x00n\x00g\x00P\x00a\x00g\x00e\x00T\x00i\x00t\x00l\x00e\x00.\
\x00q\x00m\x00l\
\x00\x0f\
\x00\xb9\xab\xdc\
\x00S\
\x00e\x00t\x00t\x00i\x00n\x00g\x00P\x00a\x00g\x00e\x00.\x00q\x00m\x00l\
\x00\x0f\
\x02\xdd\xa8<\
\x00S\
\x00e\x00t\x00t\x00i\x00n\x00g\x00B\x00o\x00d\x00y\x00.\x00q\x00m\x00l\
\x00\x13\
\x04\x96(\x1c\
\x00S\
\x00e\x00t\x00t\x00i\x00n\x00g\x00P\x00a\x00g\x00e\x00H\x00e\x00a\x00d\x00.\x00q\
\x00m\x00l\
\x00\x0b\
\x00\xff\xf0\xb5\
\x00S\
\x00e\x00t\x00t\x00i\x00n\x00g\x00P\x00a\x00g\x00e\
\x00\x17\
\x069\xd4\x5c\
\x00G\
\x00e\x00n\x00e\x00r\x00a\x00l\x00S\x00e\x00t\x00t\x00i\x00n\x00g\x00s\x00P\x00a\
\x00g\x00e\x00.\x00q\x00m\x00l\
\x00\x19\
\x08h\xba\xdc\
\x00A\
\x00l\x00g\x00o\x00r\x00i\x00t\x00h\x00m\x00S\x00e\x00t\x00t\x00i\x00n\x00g\x00s\
\x00P\x00a\x00g\x00e\x00.\x00q\x00m\x00l\
\x00\x17\
\x01\xc3Z\xfc\
\x00P\
\x00r\x00o\x00c\x00e\x00s\x00s\x00S\x00e\x00t\x00t\x00i\x00n\x00g\x00s\x00P\x00a\
\x00g\x00e\x00.\x00q\x00m\x00l\
\x00\x14\
\x0b[\xdb\xbc\
\x00T\
\x00o\x00o\x00l\x00S\x00e\x00t\x00t\x00i\x00n\x00g\x00s\x00P\x00a\x00g\x00e\x00.\
\x00q\x00m\x00l\
\x00\x11\
\x007;\x1c\
\x00T\
\x00e\x00x\x00t\x00F\x00i\x00e\x00l\x00d\x00B\x00a\x00s\x00e\x00.\x00q\x00m\x00l\
\
\x00\x10\
\x0a\xf8\x19\xdc\
\x00C\
\x00o\x00m\x00b\x00o\x00B\x00o\x00x\x00B\x00a\x00s\x00e\x00.\x00q\x00m\x00l\
\x00\x13\
\x00+\x22\x5c\
\x00S\
\x00e\x00t\x00t\x00i\x00n\x00g\x00P\x00a\x00g\x00e\x00V\x00i\x00e\x00w\x00.\x00q\
\x00m\x00l\
\x00\x0d\
\x02\x89\x05\x9c\
\x00S\
\x00t\x00a\x00t\x00e\x00P\x00a\x00g\x00e\x00.\x00q\x00m\x00l\
\x00\x11\
\x03%I\xdc\
\x00S\
\x00t\x00a\x00t\x00e\x00P\x00a\x00g\x00e\x00C\x00o\x00r\x00e\x00.\x00q\x00m\x00l\
\
\x00\x11\
\x01wI\x9c\
\x00S\
\x00t\x00a\x00t\x00e\x00P\x00a\x00g\x00e\x00I\x00n\x00f\x00o\x00.\x00q\x00m\x00l\
\
\x00\x11\
\x0e\xd2I\x5c\
\x00S\
\x00t\x00a\x00t\x00e\x00P\x00a\x00g\x00e\x00H\x00e\x00a\x00d\x00.\x00q\x00m\x00l\
\
\x00\x13\
\x0f\xeet\xdc\
\x00T\
\x00a\x00s\x00k\x00S\x00t\x00a\x00t\x00u\x00s\x00P\x00a\x00n\x00e\x00l\x00.\x00q\
\x00m\x00l\
\x00\x0e\
\x01\xad\x0b<\
\x00A\
\x00l\x00a\x00r\x00m\x00P\x00a\x00n\x00e\x00l\x00.\x00q\x00m\x00l\
\x00\x19\
\x01\x07\x12\x1c\
\x00T\
\x00a\x00s\x00k\x00S\x00t\x00a\x00t\x00u\x00s\x00S\x00u\x00m\x00m\x00a\x00r\x00y\
\x00P\x00a\x00g\x00e\x00.\x00q\x00m\x00l\
\x00\x17\
\x09\xd5\x9c\x1c\
\x00T\
\x00a\x00s\x00k\x00C\x00o\x00m\x00m\x00a\x00n\x00d\x00L\x00i\x00s\x00t\x00P\x00a\
\x00g\x00e\x00.\x00q\x00m\x00l\
\x00\x18\
\x0e\xfcR\x9c\
\x00T\
\x00a\x00s\x00k\x00I\x00m\x00a\x00g\x00e\x00P\x00r\x00e\x00v\x00i\x00e\x00w\x00P\
\x00a\x00g\x00e\x00.\x00q\x00m\x00l\
\x00\x17\
\x06\xb8\xc2\xfc\
\x00T\
\x00a\x00s\x00k\x00P\x00a\x00t\x00h\x00P\x00r\x00e\x00v\x00i\x00e\x00w\x00P\x00a\
\x00g\x00e\x00.\x00q\x00m\x00l\
\x00\x15\
\x09\xc8\xd3\xfc\
\x00M\
\x00a\x00n\x00u\x00a\x00l\x00C\x00o\x00n\x00t\x00r\x00o\x00l\x00M\x00e\x00n\x00u\
\x00.\x00q\x00m\x00l\
\x00\x11\
\x0c\x9a\x0b|\
\x00I\
\x00n\x00t\x00e\x00r\x00f\x00a\x00c\x00e\x00M\x00e\x00n\x00u\x00.\x00q\x00m\x00l\
\
\x00\x0f\
\x03'\xbf\xdc\
\x00C\
\x00o\x00n\x00t\x00r\x00o\x00l\x00M\x00e\x00n\x00u\x00.\x00q\x00m\x00l\
\x00\x0c\
\x05\x09\x1c\x5c\
\x00D\
\x00a\x00t\x00a\x00M\x00e\x00n\x00u\x00.\x00q\x00m\x00l\
\x00\x14\
\x0au*\xbc\
\x00T\
\x00e\x00s\x00t\x00I\x00m\x00a\x00g\x00e\x00s\x00D\x00i\x00a\x00l\x00o\x00g\x00.\
\x00q\x00m\x00l\
\x00\x13\
\x09B\xbb<\
\x00G\
\x00l\x00o\x00b\x00E\x00r\x00r\x00o\x00r\x00D\x00i\x00a\x00l\x00o\x00g\x00.\x00q\
\x00m\x00l\
\x00\x13\
\x0eLz\x1c\
\x00D\
\x00a\x00t\x00a\x00E\x00n\x00t\x00r\x00y\x00D\x00i\x00a\x00l\x00o\x00g\x00.\x00q\
\x00m\x00l\
\x00\x0f\
\x05\x92<\x9c\
\x00E\
\x00s\x00t\x00o\x00p\x00D\x00i\x00a\x00l\x00o\x00g\x00.\x00q\x00m\x00l\
\x00\x07\
\x0f\xbb5\x93\
\x00H\
\x00t\x00t\x00p\x00.\x00j\x00s\
\x00\x06\
\x06\xd4u\x13\
\x00f\
\x00m\x00t\x00.\x00j\x00s\
\x00\x0d\
\x0f[d\x1c\
\x00S\
\x00h\x00o\x00r\x00t\x00c\x00u\x00t\x00s\x00.\x00q\x00m\x00l\
\x00\x0c\
\x05L\xd0\x9c\
\x00A\
\x00p\x00p\x00E\x00n\x00u\x00m\x00s\x00.\x00q\x00m\x00l\
\x00\x0e\
\x02=\xfa\x1c\
\x00T\
\x00e\x00s\x00t\x00W\x00i\x00n\x00d\x00o\x00w\x00.\x00q\x00m\x00l\
\x00\x08\
\x00\x8ba<\
\x00A\
\x00j\x00a\x00x\x00.\x00q\x00m\x00l\
\x00\x0d\
\x0c\x8c\x14\xfc\
\x00A\
\x00p\x00i\x00C\x00l\x00i\x00e\x00n\x00t\x00.\x00q\x00m\x00l\
\x00\x08\
\x096_\xbc\
\x00U\
\x00r\x00l\x00s\x00.\x00q\x00m\x00l\
\x00\x04\
\x00\x04\x98\x84\
\x00C\
\x00a\x00r\x00d\
\x00\x04\
\x00\x06\x9bS\
\x00b\
\x00t\x00n\x00s\
\x00\x10\
\x0b\x1f\x05\x9c\
\x00L\
\x00i\x00s\x00t\x00V\x00i\x00e\x00w\x00B\x00a\x00s\x00e\x00.\x00q\x00m\x00l\
\x00\x0c\
\x03 6<\
\x00F\
\x00i\x00l\x00l\x00I\x00t\x00e\x00m\x00.\x00q\x00m\x00l\
\x00\x10\
\x0c\x99\xa6\x5c\
\x00M\
\x00e\x00n\x00u\x00I\x00t\x00e\x00m\x00B\x00a\x00s\x00e\x00.\x00q\x00m\x00l\
\x00\x11\
\x0f\xe4\x00\xbc\
\x00S\
\x00c\x00r\x00o\x00l\x00l\x00B\x00a\x00r\x00B\x00a\x00s\x00e\x00.\x00q\x00m\x00l\
\
\x00\x0c\
\x01d\x95<\
\x00I\
\x00c\x00o\x00n\x00B\x00a\x00s\x00e\x00.\x00q\x00m\x00l\
\x00\x12\
\x06\x87\x19|\
\x00D\
\x00r\x00o\x00p\x00S\x00h\x00a\x00d\x00o\x00w\x00B\x00a\x00s\x00e\x00.\x00q\x00m\
\x00l\
\x00\x0c\
\x0d~\xe6<\
\x00F\
\x00o\x00n\x00t\x00I\x00n\x00f\x00o\x00.\x00q\x00m\x00l\
\x00\x0f\
\x0a\x99\x0c|\
\x00L\
\x00a\x00y\x00o\x00u\x00t\x00F\x00I\x00t\x00e\x00n\x00.\x00q\x00m\x00l\
\x00\x19\
\x09\x0ax|\
\x00A\
\x00p\x00p\x00l\x00i\x00c\x00a\x00t\x00i\x00o\x00n\x00W\x00i\x00n\x00d\x00o\x00w\
\x00B\x00a\x00s\x00e\x00.\x00q\x00m\x00l\
\x00\x0e\
\x02\xeb\x14\x5c\
\x00S\
\x00e\x00l\x00e\x00c\x00t\x00I\x00t\x00e\x00m\x00.\x00q\x00m\x00l\
\x00\x13\
\x0c\x5c\x00\x1c\
\x00S\
\x00e\x00l\x00e\x00c\x00t\x00R\x00e\x00c\x00t\x00a\x00n\x00g\x00l\x00e\x00.\x00q\
\x00m\x00l\
\x00\x0e\
\x02\xdf\xcd\xfc\
\x00B\
\x00o\x00r\x00d\x00e\x00r\x00V\x00i\x00e\x00w\x00.\x00q\x00m\x00l\
\x00\x11\
\x08\x80y\x9c\
\x00R\
\x00o\x00w\x00L\x00a\x00y\x00o\x00u\x00t\x00B\x00a\x00s\x00e\x00.\x00q\x00m\x00l\
\
\x00\x14\
\x04#\x8f\xdc\
\x00I\
\x00t\x00e\x00m\x00D\x00e\x00l\x00e\x00g\x00a\x00t\x00e\x00B\x00a\x00s\x00e\x00.\
\x00q\x00m\x00l\
\x00\x11\
\x08\x8e6\xbc\
\x00B\
\x00a\x00s\x00e\x00B\x00a\x00s\x00e\x00L\x00a\x00b\x00e\x00l\x00.\x00q\x00m\x00l\
\
\x00\x1a\
\x0cTV<\
\x00R\
\x00e\x00c\x00t\x00a\x00n\x00g\x00l\x00e\x00_\x00I\x00t\x00e\x00m\x00D\x00e\x00l\
\x00e\x00g\x00a\x00t\x00e\x00.\x00q\x00m\x00l\
\x00\x15\
\x03-x\x5c\
\x00R\
\x00a\x00d\x00i\x00o\x00D\x00e\x00l\x00e\x00g\x00a\x00t\x00e\x00B\x00a\x00s\x00e\
\x00.\x00q\x00m\x00l\
\x00\x0b\
\x08\x0e\x83|\
\x00N\
\x00o\x00w\x00D\x00a\x00t\x00e\x00.\x00q\x00m\x00l\
\x00\x17\
\x0a\x93\x81\x5c\
\x00D\
\x00r\x00o\x00p\x00S\x00h\x00a\x00d\x00o\x00w\x00R\x00e\x00c\x00t\x00a\x00n\x00g\
\x00l\x00e\x00.\x00q\x00m\x00l\
\x00\x0f\
\x07\xac\xbc\xbc\
\x00R\
\x00e\x00O\x00r\x00d\x00e\x00r\x00I\x00t\x00e\x00m\x00.\x00q\x00m\x00l\
\x00\x0e\
\x02\xb3{\x5c\
\x00S\
\x00p\x00l\x00i\x00t\x00V\x00i\x00e\x00w\x00_\x00.\x00q\x00m\x00l\
\x00\x0f\
\x0fT2\x5c\
\x00E\
\x00f\x00R\x00e\x00c\x00t\x00a\x00n\x00g\x00l\x00e\x00.\x00q\x00m\x00l\
\x00\x0f\
\x0e\xa4c|\
\x00E\
\x00f\x00f\x00e\x00c\x00t\x00I\x00m\x00a\x00g\x00e\x00.\x00q\x00m\x00l\
\x00\x12\
\x0b\xb86<\
\x00C\
\x00a\x00r\x00d\x00T\x00i\x00t\x00l\x00e\x00L\x00a\x00b\x00e\x00l\x00.\x00q\x00m\
\x00l\
\x00\x12\
\x04\xfa\xed\x5c\
\x00F\
\x00l\x00i\x00c\x00k\x00a\x00b\x00l\x00e\x00V\x00B\x00a\x00s\x00e\x00.\x00q\x00m\
\x00l\
\x00\x0e\
\x06IO\xbc\
\x00T\
\x00a\x00b\x00B\x00a\x00r\x00B\x00a\x00s\x00e\x00.\x00q\x00m\x00l\
\x00\x0d\
\x06\xc7\x19|\
\x00B\
\x00a\x00s\x00e\x00I\x00m\x00a\x00g\x00e\x00.\x00q\x00m\x00l\
\x00\x15\
\x01]\xec\xdc\
\x00C\
\x00h\x00e\x00c\x00k\x00D\x00e\x00l\x00e\x00g\x00a\x00t\x00e\x00B\x00a\x00s\x00e\
\x00.\x00q\x00m\x00l\
\x00\x11\
\x0bR\xbd\xbc\
\x00F\
\x00l\x00i\x00c\x00k\x00a\x00b\x00l\x00e\x00B\x00a\x00s\x00e\x00.\x00q\x00m\x00l\
\
\x00\x10\
\x0dt\xde\x9c\
\x00P\
\x00o\x00p\x00T\x00i\x00t\x00l\x00e\x00H\x00e\x00a\x00d\x00.\x00q\x00m\x00l\
\x00\x0f\
\x08\xc7\xe8\xfc\
\x00S\
\x00p\x00i\x00n\x00B\x00o\x00x\x00B\x00a\x00s\x00e\x00.\x00q\x00m\x00l\
\x00\x09\
\x02\xbd\x1fC\
\x00D\
\x00e\x00l\x00e\x00g\x00a\x00t\x00e\x00s\
\x00\x0e\
\x0a\x92\x7f|\
\x00B\
\x00a\x00s\x00e\x00B\x00u\x00t\x00t\x00o\x00n\x00.\x00q\x00m\x00l\
\x00\x0e\
\x00mr\xfc\
\x00R\
\x00M\x00o\x00u\x00s\x00e\x00A\x00r\x00e\x00a\x00.\x00q\x00m\x00l\
\x00\x10\
\x08$$\x9c\
\x00A\
\x00p\x00i\x00T\x00h\x00r\x00e\x00a\x00d\x00G\x00e\x00t\x00.\x00q\x00m\x00l\
\x00\x10\
\x0e\x8b\xed\xdc\
\x00S\
\x00e\x00t\x00t\x00i\x00n\x00g\x00s\x00B\x00a\x00s\x00e\x00.\x00q\x00m\x00l\
\x00\x0f\
\x01\xcb_\xfc\
\x00E\
\x00f\x00f\x00e\x00c\x00t\x00L\x00a\x00b\x00e\x00l\x00.\x00q\x00m\x00l\
\x00\x0d\
\x06[\xe0|\
\x00P\
\x00o\x00p\x00u\x00p\x00B\x00a\x00s\x00e\x00.\x00q\x00m\x00l\
\x00\x0c\
\x09i\x05|\
\x00D\
\x00a\x00t\x00e\x00T\x00i\x00m\x00e\x00.\x00q\x00m\x00l\
\x00\x0a\
\x05\xb6\x1b\xbc\
\x00N\
\x00C\x00E\x00n\x00u\x00m\x00.\x00q\x00m\x00l\
\x00\x0c\
\x02\xf0\xe7<\
\x00M\
\x00e\x00n\x00u\x00B\x00a\x00s\x00e\x00.\x00q\x00m\x00l\
\x00\x11\
\x00\x8b\xcb\x5c\
\x00T\
\x00a\x00b\x00B\x00u\x00t\x00t\x00o\x00n\x00B\x00a\x00s\x00e\x00.\x00q\x00m\x00l\
\
\x00\x0f\
\x0f\xb4\xb6<\
\x00T\
\x00u\x00m\x00b\x00l\x00e\x00r\x00B\x00a\x00s\x00e\x00.\x00q\x00m\x00l\
\x00\x0e\
\x0de\xcf\xbc\
\x00S\
\x00l\x00i\x00d\x00e\x00r\x00B\x00a\x00s\x00e\x00.\x00q\x00m\x00l\
\x00\x0c\
\x02H\xc7<\
\x00P\
\x00a\x00n\x00e\x00B\x00a\x00s\x00e\x00.\x00q\x00m\x00l\
\x00\x10\
\x0dU\x85\x9c\
\x00R\
\x00e\x00H\x00e\x00i\x00g\x00h\x00t\x00I\x00t\x00e\x00m\x00.\x00q\x00m\x00l\
\x00\x19\
\x00\xf2\xd8\x1c\
\x00R\
\x00e\x00O\x00r\x00d\x00e\x00r\x00R\x00e\x00s\x00i\x00z\x00e\x00D\x00e\x00l\x00e\
\x00g\x00a\x00t\x00e\x00.\x00q\x00m\x00l\
\x00\x0f\
\x01Jp\x9c\
\x00R\
\x00e\x00W\x00i\x00d\x00t\x00h\x00I\x00t\x00e\x00m\x00.\x00q\x00m\x00l\
\x00\x08\
\x0c\xa7_|\
\x00T\
\x00e\x00s\x00t\x00.\x00q\x00m\x00l\
\x00\x13\
\x07v*\x5c\
\x00R\
\x00e\x00O\x00r\x00d\x00e\x00r\x00D\x00e\x00l\x00e\x00g\x00a\x00t\x00e\x00.\x00q\
\x00m\x00l\
\x00\x0e\
\x0b\xf6|\x9c\
\x00P\
\x00i\x00n\x00g\x00B\x00u\x00t\x00t\x00o\x00n\x00.\x00q\x00m\x00l\
\x00\x14\
\x0cK\xcc\xbc\
\x00C\
\x00o\x00l\x00o\x00r\x00I\x00m\x00a\x00g\x00e\x00B\x00u\x00t\x00t\x00o\x00n\x00.\
\x00q\x00m\x00l\
\x00\x12\
\x0a\x11\xa4\xdc\
\x00E\
\x00x\x00p\x00l\x00o\x00r\x00e\x00r\x00B\x00u\x00t\x00t\x00o\x00n\x00.\x00q\x00m\
\x00l\
\x00\x0b\
\x09o\x89|\
\x00M\
\x00o\x00r\x00e\x00S\x00e\x00t\x00.\x00q\x00m\x00l\
\x00\x0f\
\x05\x131\x9c\
\x00I\
\x00m\x00a\x00g\x00e\x00B\x00u\x00t\x00t\x00o\x00n\x00.\x00q\x00m\x00l\
\x00\x0a\
\x09\xbb\xa9\x1c\
\x00P\
\x00r\x00e\x00B\x00t\x00n\x00.\x00q\x00m\x00l\
\x00\x0b\
\x08\x075<\
\x00B\
\x00t\x00n\x00B\x00a\x00s\x00e\x00.\x00q\x00m\x00l\
\x00\x10\
\x0b\xb5\x87\x9c\
\x00A\
\x00c\x00t\x00i\x00o\x00n\x00B\x00u\x00t\x00t\x00o\x00n\x00.\x00q\x00m\x00l\
\x00\x17\
\x01O\xdc\xfc\
\x00R\
\x00e\x00m\x00o\x00t\x00e\x00C\x00o\x00n\x00t\x00r\x00o\x00l\x00B\x00u\x00t\x00t\
\x00o\x00n\x00.\x00q\x00m\x00l\
\x00\x0f\
\x02\x99]\xbc\
\x00F\
\x00l\x00u\x00s\x00h\x00B\x00u\x00t\x00t\x00o\x00n\x00.\x00q\x00m\x00l\
\x00\x12\
\x05\x1c\x85|\
\x00S\
\x00e\x00t\x00t\x00i\x00n\x00g\x00s\x00B\x00u\x00t\x00t\x00o\x00n\x00.\x00q\x00m\
\x00l\
\x00\x10\
\x0e\x8e\xd9|\
\x00S\
\x00w\x00i\x00t\x00c\x00h\x00B\x00u\x00t\x00t\x00o\x00n\x00.\x00q\x00m\x00l\
\x00\x1f\
\x0a\xbb\x0f\xfc\
\x00C\
\x00o\x00l\x00o\x00r\x00I\x00t\x00e\x00m\x00D\x00e\x00l\x00e\x00g\x00a\x00t\x00e\
\x00B\x00u\x00t\x00t\x00o\x00n\x00B\x00a\x00s\x00e\x00.\x00q\x00m\x00l\
\x00\x0d\
\x040p\x5c\
\x00A\
\x00d\x00d\x00B\x00u\x00t\x00t\x00o\x00n\x00.\x00q\x00m\x00l\
\x00\x0f\
\x0a\xe1(\xbc\
\x00L\
\x00a\x00b\x00e\x00l\x00B\x00u\x00t\x00t\x00o\x00n\x00.\x00q\x00m\x00l\
\x00\x0e\
\x0ez|\x9c\
\x00P\
\x00l\x00a\x00y\x00B\x00u\x00t\x00t\x00o\x00n\x00.\x00q\x00m\x00l\
\x00\x0d\
\x02\xd2p|\
\x00E\
\x00y\x00e\x00B\x00u\x00t\x00t\x00o\x00n\x00.\x00q\x00m\x00l\
\x00\x1a\
\x08\x91&\xbc\
\x00I\
\x00t\x00e\x00m\x00D\x00e\x00l\x00e\x00g\x00a\x00t\x00e\x00B\x00u\x00t\x00t\x00o\
\x00n\x00B\x00a\x00s\x00e\x00.\x00q\x00m\x00l\
\x00\x0e\
\x02\xd0{\xfc\
\x00T\
\x00e\x00x\x00t\x00B\x00u\x00t\x00t\x00o\x00n\x00.\x00q\x00m\x00l\
\x00\x10\
\x0bx\xf7\xdc\
\x00C\
\x00h\x00e\x00c\x00k\x00B\x00o\x00x\x00B\x00a\x00s\x00e\x00.\x00q\x00m\x00l\
\x00\x0c\
\x02FI\xfc\
\x00C\
\x00a\x00r\x00d\x00H\x00e\x00a\x00d\x00.\x00q\x00m\x00l\
\x00\x0c\
\x01\xa9I<\
\x00C\
\x00a\x00r\x00d\x00B\x00a\x00s\x00e\x00.\x00q\x00m\x00l\
\x00\x0f\
\x0dc\xee\x9c\
\x00C\
\x00o\x00r\x00e\x00C\x00u\x00r\x00r\x00e\x00n\x00t\x00.\x00q\x00m\x00l\
\x00\x0a\
\x0a\x95\x1d<\
\x00C\
\x00o\x00r\x00e\x00U\x00I\x00.\x00q\x00m\x00l\
\x00\x0d\
\x0d\xb4p<\
\x00C\
\x00o\x00r\x00e\x00E\x00r\x00r\x00o\x00r\x00.\x00q\x00m\x00l\
\x00\x0d\
\x0cy\x04\x5c\
\x00C\
\x00o\x00r\x00e\x00S\x00t\x00a\x00t\x00e\x00.\x00q\x00m\x00l\
\x00\x10\
\x0c\x8d\x83\x9c\
\x00C\
\x00o\x00r\x00e\x00D\x00a\x00t\x00a\x00V\x00i\x00e\x00w\x00.\x00q\x00m\x00l\
\x00\x0d\
\x07\x14\x05\x1c\
\x00C\
\x00o\x00r\x00e\x00T\x00i\x00m\x00e\x00r\x00.\x00q\x00m\x00l\
\x00\x0f\
\x08j\xb6\xfc\
\x00C\
\x00o\x00r\x00e\x00C\x00o\x00n\x00t\x00r\x00o\x00l\x00.\x00q\x00m\x00l\
\x00\x0d\
\x0c\xf9\x04|\
\x00C\
\x00o\x00r\x00e\x00S\x00t\x00y\x00l\x00e\x00.\x00q\x00m\x00l\
\x00\x10\
\x01\xd1\xa8\x1c\
\x00C\
\x00o\x00r\x00e\x00S\x00e\x00t\x00t\x00i\x00n\x00g\x00s\x00.\x00q\x00m\x00l\
\x00\x0e\
\x09\x22\xd1\xfc\
\x00C\
\x00o\x00r\x00e\x00M\x00o\x00d\x00e\x00l\x00s\x00.\x00q\x00m\x00l\
\x00\x0f\
\x01~\xeb<\
\x00C\
\x00o\x00r\x00e\x00C\x00u\x00t\x00t\x00i\x00n\x00g\x00.\x00q\x00m\x00l\
"

qt_resource_struct = b"\
\x00\x00\x00\x00\x00\x02\x00\x00\x00\x01\x00\x00\x00\x01\
\x00\x00\x00\x00\x00\x00\x00\x00\
\x00\x00\x00\x00\x00\x02\x00\x00\x00\x10\x00\x00\x00\x02\
\x00\x00\x00\x00\x00\x00\x00\x00\
\x00\x00\x00\x90\x00\x02\x00\x00\x00\x02\x00\x00\x01\x1f\
\x00\x00\x00\x00\x00\x00\x00\x00\
\x00\x00\x00T\x00\x02\x00\x00\x00\x04\x00\x00\x01\x1b\
\x00\x00\x00\x00\x00\x00\x00\x00\
\x00\x00\x00\xca\x00\x02\x00\x00\x00\x05\x00\x00\x00\xf8\
\x00\x00\x00\x00\x00\x00\x00\x00\
\x00\x00\x00`\x00\x02\x00\x00\x00\x01\x00\x00\x00\xf7\
\x00\x00\x00\x00\x00\x00\x00\x00\
\x00\x00\x00*\x00\x02\x00\x00\x00\x0c\x00\x00\x00\xeb\
\x00\x00\x00\x00\x00\x00\x00\x00\
\x00\x00\x00\xf8\x00\x02\x00\x00\x00\x09\x00\x00\x00\xe2\
\x00\x00\x00\x00\x00\x00\x00\x00\
\x00\x00\x00n\x00\x02\x00\x00\x00\x02\x00\x00\x00\xe0\
\x00\x00\x00\x00\x00\x00\x00\x00\
\x00\x00\x00\xe8\x00\x02\x00\x00\x00\x04\x00\x00\x00\xc5\
\x00\x00\x00\x00\x00\x00\x00\x00\
\x00\x00\x00\xd8\x00\x02\x00\x00\x00\x0b\x00\x00\x00p\
\x00\x00\x00\x00\x00\x00\x00\x00\
\x00\x00\x01\x1e\x00\x02\x00\x00\x00\x09\x00\x00\x00g\
\x00\x00\x00\x00\x00\x00\x00\x00\
\x00\x00\x00\x0c\x00\x00\x00\x00\x00\x01\x00\x00\x00\x00\
\x00\x00\x01\x9a7\xe3\xaa\x88\
\x00\x00\x00\x9a\x00\x00\x00\x00\x00\x01\x00\x00\x04Q\
\x00\x00\x01\x9a7\xe3\xaa\x89\
\x00\x00\x00~\x00\x02\x00\x00\x00\x02\x00\x00\x00e\
\x00\x00\x00\x00\x00\x00\x00\x00\
\x00\x00\x00:\x00\x02\x00\x00\x00\x03\x00\x00\x00\x16\
\x00\x00\x00\x00\x00\x00\x00\x00\
\x00\x00\x01\x08\x00\x00\x00\x00\x00\x01\x00\x00\x06\x93\
\x00\x00\x01\x9a8\x19\xdf\xba\
\x00\x00\x00\xb6\x00\x02\x00\x00\x00\x04\x00\x00\x00\x12\
\x00\x00\x00\x00\x00\x00\x00\x00\
\x00\x00\x16\x9c\x00\x00\x00\x00\x00\x01\x00\x02\xf4\xd8\
\x00\x00\x01\x9a7\xe3\xaa\xc6\
\x00\x00\x16D\x00\x00\x00\x00\x00\x01\x00\x02\xea<\
\x00\x00\x01\x9a7\xe3\xaa\xc6\
\x00\x00\x16\x16\x00\x00\x00\x00\x00\x01\x00\x02\xd9\xdf\
\x00\x00\x01\x9a7\xe3\xaa\xc8\
\x00\x00\x16p\x00\x01\x00\x00\x00\x01\x00\x02\xec\xcb\
\x00\x00\x01\x9a$2M\xda\
\x00\x00\x07\x84\x00\x02\x00\x00\x00.\x00\x00\x001\
\x00\x00\x00\x00\x00\x00\x00\x00\
\x00\x00\x17\x92\x00\x02\x00\x00\x00\x02\x00\x00\x00/\
\x00\x00\x00\x00\x00\x00\x00\x00\
\x00\x00\x17\xa0\x00\x02\x00\x00\x00\x16\x00\x00\x00\x19\
\x00\x00\x00\x00\x00\x00\x00\x00\
\x00\x00 \x18\x00\x00\x00\x00\x00\x01\x00\x03\xa8\x15\
\x00\x00\x01\x9a7\xe3\xaa\xb8\
\x00\x00\x1b\xce\x00\x00\x00\x00\x00\x01\x00\x03\xb0\xe2\
\x00\x00\x01\x99\xe0\x83\xdeW\
\x00\x00 L\x00\x00\x00\x00\x00\x01\x00\x03\xa8\xc1\
\x00\x00\x01\x9a7\xe3\xaa\xb2\
\x00\x00!\xc4\x00\x00\x00\x00\x00\x01\x00\x03\xb9\xb7\
\x00\x00\x01\x9a7\xe3\xaa\xb9\
\x00\x00!j\x00\x00\x00\x00\x00\x01\x00\x03\xb6\xcb\
\x00\x00\x01\x9a7\xe3\xaa\xb2\
\x00\x00\x19\x9a\x00\x00\x00\x00\x00\x01\x00\x03\x9c\xd2\
\x00\x00\x01\x9a7\xe3\xaa\xb4\
\x00\x00!\x04\x00\x00\x00\x00\x00\x01\x00\x03\xad3\
\x00\x00\x01\x9a7\xe3\xaa\xae\
\x00\x00\x1f\x98\x00\x00\x00\x00\x00\x01\x00\x03\x9b\x12\
\x00\x00\x01\x9a7\xe3\xaa\xb3\
\x00\x00 p\x00\x00\x00\x00\x00\x01\x00\x03\xa9\xc6\
\x00\x00\x01\x99\xd1\x09\xad\xf6\
\x00\x00\x1f\xd6\x00\x00\x00\x00\x00\x01\x00\x03\x9f9\
\x00\x00\x01\x9a7\xe3\xaa\xaf\
\x00\x00!\x8a\x00\x00\x00\x00\x00\x01\x00\x03\xb7\xc4\
\x00\x00\x01\x99\xd1\x09\xeb\x82\
\x00\x00\x1f|\x00\x00\x00\x00\x00\x01\x00\x03\x9a6\
\x00\x00\x01\x9a7\xe3\xaa\xb5\
\x00\x00\x1f\xbc\x00\x00\x00\x00\x00\x01\x00\x03\x9e#\
\x00\x00\x01\x9a7\xe3\xaa\xb7\
\x00\x00\x1fR\x00\x00\x00\x00\x00\x01\x00\x03\x99}\
\x00\x00\x01\x9a7\xe3\xaa\xb1\
\x00\x00 \xc0\x00\x00\x00\x00\x00\x01\x00\x03\xaa\xc8\
\x00\x00\x01\x9a7\xe3\xaa\xb0\
\x00\x00!$\x00\x00\x00\x00\x00\x01\x00\x03\xad\xb2\
\x00\x00\x01\x9a7\xe3\xaa\xb4\
\x00\x00!\xe6\x00\x00\x00\x00\x00\x01\x00\x03\xba\xa6\
\x00\x00\x01\x99\xe0I<f\
\x00\x00\x1f\xf2\x00\x00\x00\x00\x00\x01\x00\x03\xa1\xdd\
\x00\x00\x01\x9a\x05z\xf4\x08\
\x00\x00\x1f\x02\x00\x00\x00\x00\x00\x01\x00\x03\x94\xea\
\x00\x00\x01\x9a7\xe3\xaa\xb6\
\x00\x00\x1f$\x00\x00\x00\x00\x00\x01\x00\x03\x95\x95\
\x00\x00\x01\x9a7\xe3\xaa\xb0\
\x00\x00!H\x00\x00\x00\x00\x00\x01\x00\x03\xb0\xa8\
\x00\x00\x01\x9a7\xe3\xaa\xb6\
\x00\x00 \x9a\x00\x00\x00\x00\x00\x01\x00\x03\xa9\xfb\
\x00\x00\x01\x9a7\xe3\xaa\xb9\
\x00\x00\x22*\x00\x00\x00\x00\x00\x01\x00\x03\xbb\xf6\
\x00\x00\x01\x99\xe0F+c\
\x00\x00\x22\x0c\x00\x00\x00\x00\x00\x01\x00\x03\xbb\x02\
\x00\x00\x01\x99\xf0\xb2^W\
\x00\x00\x1c\xaa\x00\x00\x00\x00\x00\x01\x00\x03jj\
\x00\x00\x01\x9a7\xe3\xaa\xa2\
\x00\x00\x1d\xb2\x00\x00\x00\x00\x00\x01\x00\x03w\x06\
\x00\x00\x01\x9a7\xe3\xaa\xa8\
\x00\x00\x1b\xce\x00\x00\x00\x00\x00\x01\x00\x03d\x91\
\x00\x00\x01\x9a7\xe3\xaa\x92\
\x00\x00\x18@\x00\x00\x00\x00\x00\x01\x00\x03+\xd4\
\x00\x00\x01\x9a7\xe3\xaa\x98\
\x00\x00\x1d\x18\x00\x00\x00\x00\x00\x01\x00\x03n\xfc\
\x00\x00\x01\x99\xd0\xf7~\x9f\
\x00\x00\x1e \x00\x00\x00\x00\x00\x01\x00\x03z\x81\
\x00\x00\x01\x9a7\xe3\xaa\x9d\
\x00\x00\x1a\xce\x00\x00\x00\x00\x00\x01\x00\x03R\xf1\
\x00\x00\x01\x9a7\xe3\xaa\xa6\
\x00\x00\x1cp\x00\x02\x00\x00\x00\x06\x00\x00\x00_\
\x00\x00\x00\x00\x00\x00\x00\x00\
\x00\x00\x19P\x00\x01\x00\x00\x00\x01\x00\x035A\
\x00\x00\x01\x9a7\xe3\xaa\x91\
\x00\x00\x19\x02\x00\x00\x00\x00\x00\x01\x00\x031]\
\x00\x00\x01\x9a7\xe3\xaa\xa3\
\x00\x00\x1d\x94\x00\x00\x00\x00\x00\x01\x00\x03t\x9d\
\x00\x00\x01\x99\xf0\xd7\xf2\xff\
\x00\x00\x17\xd4\x00\x00\x00\x00\x00\x01\x00\x03*\xcb\
\x00\x00\x01\x9a7\xe3\xaa\x95\
\x00\x00\x1a*\x00\x00\x00\x00\x00\x01\x00\x03E%\
\x00\x00\x01\x9a7\xe3\xaa\xa0\
\x00\x00\x19\x9a\x00\x00\x00\x00\x00\x01\x00\x036\xf1\
\x00\x00\x01\x9a7\xe3\xaa\x99\
\x00\x00\x1bb\x00\x00\x00\x00\x00\x01\x00\x03c\x84\
\x00\x00\x01\x9a7\xe3\xaa\x97\
\x00\x00\x1dz\x00\x00\x00\x00\x00\x01\x00\x03qX\
\x00\x00\x01\x9a7\xe3\xaa\x9c\
\x00\x00\x1b\x8c\x00\x00\x00\x00\x00\x01\x00\x03c\xf2\
\x00\x00\x01\x9a7\xe3\xaa\xa7\
\x00\x00\x1d<\x00\x00\x00\x00\x00\x01\x00\x03ou\
\x00\x00\x01\x9a7\xe3\xaa\x9f\
\x00\x00\x18^\x00\x00\x00\x00\x00\x01\x00\x03.3\
\x00\x00\x01\x99\xd0\xf7A\xc9\
\x00\x00\x1b\xae\x00\x00\x00\x00\x00\x01\x00\x03dm\
\x00\x00\x01\x9a7\xe3\xaa\x90\
\x00\x00\x1a\xaa\x00\x00\x00\x00\x00\x01\x00\x03I\x1b\
\x00\x00\x01\x9a7\xe3\xaa\xa1\
\x00\x00\x1aZ\x00\x00\x00\x00\x00\x01\x00\x03E\xad\
\x00\x00\x01\x9a7\xe3\xaa\x9d\
\x00\x00\x1c\xcc\x00\x00\x00\x00\x00\x01\x00\x03j\xc8\
\x00\x00\x01\x9a7\xe3\xaa\x8d\
\x00\x00\x19r\x00\x00\x00\x00\x00\x01\x00\x036\xb3\
\x00\x00\x01\x9a7\xe3\xaa\xa2\
\x00\x00\x19\xc8\x00\x00\x00\x00\x00\x01\x00\x038Y\
\x00\x00\x01\x99\xd0\xf4\x15\xf2\
\x00\x00\x1cL\x00\x00\x00\x00\x00\x01\x00\x03h\xba\
\x00\x00\x01\x9a\x00\xe7\x98g\
\x00\x00\x18\xca\x00\x00\x00\x00\x00\x01\x00\x031\x18\
\x00\x00\x01\x9a7\xe3\xaa\x8e\
\x00\x00\x1d\x5c\x00\x00\x00\x00\x00\x01\x00\x03p]\
\x00\x00\x01\x9a7\xe3\xaa\x93\
\x00\x00\x1c\x88\x00\x00\x00\x00\x00\x01\x00\x03iV\
\x00\x00\x01\x9a7\xe3\xaa\x8f\
\x00\x00\x1av\x00\x00\x00\x00\x00\x01\x00\x03H\x1e\
\x00\x00\x01\x9a7\xe3\xaa\x94\
\x00\x00\x18\xa6\x00\x00\x00\x00\x00\x01\x00\x030\xa6\
\x00\x00\x01\x9a7\xe3\xaa\x9a\
\x00\x00\x13n\x00\x00\x00\x00\x00\x01\x00\x03wj\
\x00\x00\x01\x9a7\xe3\xaa\x92\
\x00\x00\x17\xae\x00\x00\x00\x00\x00\x01\x00\x03*a\
\x00\x00\x01\x9a7\xe3\xaa\x9a\
\x00\x00\x1b\xfe\x00\x00\x00\x00\x00\x01\x00\x03e5\
\x00\x00\x01\x9a7\xe3\xaa\x96\
\x00\x00\x1b8\x00\x00\x00\x00\x00\x01\x00\x03b\xf6\
\x00\x00\x01\x9a9\x05\x5c\x1c\
\x00\x00\x19\xf0\x00\x00\x00\x00\x00\x01\x00\x038\x96\
\x00\x00\x01\x9a7\xe3\xaa\xa0\
\x00\x00\x19$\x00\x00\x00\x00\x00\x01\x00\x034\xe0\
\x00\x00\x01\x9a7\xe3\xaa\xa4\
\x00\x00\x17\xf2\x00\x00\x00\x00\x00\x01\x00\x03+5\
\x00\x00\x01\x9a7\xe3\xaa\x9b\
\x00\x00\x1d\xfe\x00\x00\x00\x00\x00\x01\x00\x03z\x12\
\x00\x00\x01\x9a7\xe3\xaa\xa5\
\x00\x00\x1c&\x00\x00\x00\x00\x00\x01\x00\x03et\
\x00\x00\x01\x9a7\xe3\xaa\x9e\
\x00\x00\x18\x88\x00\x01\x00\x00\x00\x01\x00\x03/V\
\x00\x00\x01\x9a7\xe3\xaa\x97\
\x00\x00\x1c\xf2\x00\x00\x00\x00\x00\x01\x00\x03n*\
\x00\x00\x01\x9a7\xe3\xaa\xa5\
\x00\x00\x1b\x14\x00\x00\x00\x00\x00\x01\x00\x03`\xf7\
\x00\x00\x01\x99\xd0\xda\xa27\
\x00\x00\x1a\xf0\x00\x00\x00\x00\x00\x01\x00\x03`\x81\
\x00\x00\x01\x9a7\xe3\xaa\x95\
\x00\x00\x1d\xda\x00\x00\x00\x00\x00\x01\x00\x03x\x1e\
\x00\x00\x01\x9a7\xe3\xaa\xa8\
\x00\x00\x18\x18\x00\x00\x00\x00\x00\x01\x00\x03+\x95\
\x00\x00\x01\x9a7\xe3\xaa\xa3\
\x00\x00\x1ed\x00\x01\x00\x00\x00\x01\x00\x03\x83k\
\x00\x00\x01\x9a7\xe3\xaa\xac\
\x00\x00\x1e\x9c\x00\x00\x00\x00\x00\x01\x00\x03\x85&\
\x00\x00\x01\x9a7\xe3\xaa\xad\
\x00\x00\x1e\xd6\x00\x00\x00\x00\x00\x01\x00\x03\x8c\x09\
\x00\x00\x01\x9a7\xe3\xaa\xab\
\x00\x00\x1a\xaa\x00\x01\x00\x00\x00\x01\x00\x03\x80N\
\x00\x00\x01\x9a7\xe3\xaa\xab\
\x00\x00\x1e\xc0\x00\x00\x00\x00\x00\x01\x00\x03\x8a\xb5\
\x00\x00\x01\x9a7\xe3\xaa\xad\
\x00\x00\x1e>\x00\x00\x00\x00\x00\x01\x00\x03{ \
\x00\x00\x01\x9a7\xe3\xaa\xa9\
\x00\x00\x01\xda\x00\x00\x00\x00\x00\x01\x00\x03\x00\xd8\
\x00\x00\x01\x99\xec$\x0e\xd5\
\x00\x00\x16\xe6\x00\x00\x00\x00\x00\x01\x00\x02\xfe,\
\x00\x00\x01\x99\xef\xba\x08\xd5\
\x00\x00\x01\xec\x00\x00\x00\x00\x00\x01\x00\x00#\x11\
\x00\x00\x01\x9a7\xe3\xaa\xfc\
\x00\x00\x01j\x00\x00\x00\x00\x00\x01\x00\x00\x16\x96\
\x00\x00\x01\x9a8\xcf$k\
\x00\x00\x01\xb8\x00\x00\x00\x00\x00\x01\x00\x00\x1c\xf6\
\x00\x00\x01\x9a\x05\xef[\xeb\
\x00\x00\x01\x8e\x00\x01\x00\x00\x00\x01\x00\x00\x1a/\
\x00\x00\x01\x9a7\xe3\xaa\xfd\
\x00\x00\x01\xda\x00\x00\x00\x00\x00\x01\x00\x00!\xcf\
\x00\x00\x01\x9a\x1aU\x91>\
\x00\x00\x026\x00\x00\x00\x00\x00\x01\x00\x00*\xdf\
\x00\x00\x01\x9a\x1aV\x9a\x82\
\x00\x00\x01L\x00\x00\x00\x00\x00\x01\x00\x00\x0f*\
\x00\x00\x01\x9a\x05\xbf\x8b2\
\x00\x00\x01.\x00\x01\x00\x00\x00\x01\x00\x00\x0a\x98\
\x00\x00\x01\x9aS\x8e\x93\x00\
\x00\x00\x02\x18\x00\x00\x00\x00\x00\x01\x00\x00%\x08\
\x00\x00\x01\x9a8\x86\x1b8\
\x00\x00\x07\x08\x00\x02\x00\x00\x00\x02\x00\x00\x00\xc3\
\x00\x00\x00\x00\x00\x00\x00\x00\
\x00\x00\x07\x84\x00\x02\x00\x00\x00\x02\x00\x00\x00\xc1\
\x00\x00\x00\x00\x00\x00\x00\x00\
\x00\x00\x07v\x00\x02\x00\x00\x00\x06\x00\x00\x00\xbb\
\x00\x00\x00\x00\x00\x00\x00\x00\
\x00\x00\x06\xfa\x00\x02\x00\x00\x00\x05\x00\x00\x00\xb6\
\x00\x00\x00\x00\x00\x00\x00\x00\
\x00\x00\x07>\x00\x02\x00\x00\x00\x01\x00\x00\x00\xb5\
\x00\x00\x00\x00\x00\x00\x00\x00\
\x00\x00\x07&\x00\x02\x00\x00\x00\x08\x00\x00\x00\xa9\
\x00\x00\x00\x00\x00\x00\x00\x00\
\x00\x00\x06\xe8\x00\x02\x00\x00\x00\x04\x00\x00\x00\xa5\
\x00\x00\x00\x00\x00\x00\x00\x00\
\x00\x00\x07\x14\x00\x02\x00\x00\x00\x06\x00\x00\x00\x96\
\x00\x00\x00\x00\x00\x00\x00\x00\
\x00\x00\x06\xd0\x00\x02\x00\x00\x00\x04\x00\x00\x00\x80\
\x00\x00\x00\x00\x00\x00\x00\x00\
\x00\x00\x07Z\x00\x02\x00\x00\x00\x01\x00\x00\x00\x7f\
\x00\x00\x00\x00\x00\x00\x00\x00\
\x00\x00\x07\x92\x00\x02\x00\x00\x00\x04\x00\x00\x00{\
\x00\x00\x00\x00\x00\x00\x00\x00\
\x00\x00\x07\xa6\x00\x01\x00\x00\x00\x01\x00\x00\xba]\
\x00\x00\x01\x9a\x5c{\x13\x0b\
\x00\x00\x07\xfc\x00\x00\x00\x00\x00\x01\x00\x00\xc1C\
\x00\x00\x01\x9a\x5c}6b\
\x00\x00\x07\xc8\x00\x00\x00\x00\x00\x01\x00\x00\xc1 \
\x00\x00\x01\x9a8\xf52,\
\x00\x00\x08(\x00\x00\x00\x00\x00\x01\x00\x00\xcc\xcc\
\x00\x00\x01\x9a9I\x88\x89\
\x00\x00\x094\x00\x01\x00\x00\x00\x01\x00\x00\xf1\x7f\
\x00\x00\x01\x9aJ%X\x5c\
\x00\x00\x03\xb2\x00\x02\x00\x00\x00\x04\x00\x00\x00\x92\
\x00\x00\x00\x00\x00\x00\x00\x00\
\x00\x00\x0e\x86\x00\x02\x00\x00\x00\x08\x00\x00\x00\x8a\
\x00\x00\x00\x00\x00\x00\x00\x00\
\x00\x00\x0et\x00\x02\x00\x00\x00\x05\x00\x00\x00\x84\
\x00\x00\x00\x00\x00\x00\x00\x00\
\x00\x00\x0eL\x00\x00\x00\x00\x00\x01\x00\x01\xc5\x80\
\x00\x00\x01\x9a\x5c7p\xf9\
\x00\x00\x10n\x00\x02\x00\x00\x00\x01\x00\x00\x00\x89\
\x00\x00\x00\x00\x00\x00\x00\x00\
\x00\x00\x10T\x00\x01\x00\x00\x00\x01\x00\x02\x1f\xfe\
\x00\x00\x01\x9a3\xeaG`\
\x00\x00\x10\xa2\x00\x00\x00\x00\x00\x01\x00\x02)\x9a\
\x00\x00\x01\x9aQ\xa5\x05F\
\x00\x00\x10\xbc\x00\x00\x00\x00\x00\x01\x00\x023#\
\x00\x00\x01\x99\xff\x97\xa4w\
\x00\x00\x10~\x00\x00\x00\x00\x00\x01\x00\x02\x22`\
\x00\x00\x01\x9a3\xeeN\xc5\
\x00\x00\x10\xdc\x00\x00\x00\x00\x00\x01\x00\x02;\xcc\
\x00\x00\x01\x9aQ\xa5\xaf\xab\
\x00\x00\x0f\xdc\x00\x01\x00\x00\x00\x01\x00\x02\x05\xff\
\x00\x00\x01\x9aS\x1e\x9b?\
\x00\x00\x10\x06\x00\x00\x00\x00\x00\x01\x00\x02\x0b{\
\x00\x00\x01\x9aQ\xc7\xbe7\
\x00\x00\x0f\xb0\x00\x01\x00\x00\x00\x01\x00\x02\x00M\
\x00\x00\x01\x9aS_?g\
\x00\x00\x0f$\x00\x00\x00\x00\x00\x01\x00\x01\xd8\xe0\
\x00\x00\x01\x9aR\x8aP\xee\
\x00\x00\x0f^\x00\x00\x00\x00\x00\x01\x00\x01\xed\xe4\
\x00\x00\x01\x9aR\xddp\x5c\
\x00\x00\x0fD\x00\x01\x00\x00\x00\x01\x00\x01\xdb\xf3\
\x00\x00\x01\x9a\x5cG\xb3\xd0\
\x00\x00\x0f\x80\x00\x00\x00\x00\x00\x01\x00\x01\xf2.\
\x00\x00\x01\x9aYFG\xbc\
\x00\x00\x100\x00\x00\x00\x00\x00\x01\x00\x02\x13\xa2\
\x00\x00\x01\x9a\x0ak\xb0\xc4\
\x00\x00\x0e\xba\x00\x00\x00\x00\x00\x01\x00\x01\xcf\x8c\
\x00\x00\x01\x9a7\xe3\xaa\xf1\
\x00\x00\x0e\xd8\x00\x00\x00\x00\x00\x01\x00\x01\xd2\x8b\
\x00\x00\x01\x99\xff\xb1<\xfa\
\x00\x00\x0f\x02\x00\x00\x00\x00\x00\x01\x00\x01\xd7\xc2\
\x00\x00\x01\x9a\x1bp7N\
\x00\x00\x0e\x98\x00\x00\x00\x00\x00\x01\x00\x01\xcd\x07\
\x00\x00\x01\x9a[\xc0\xd8F\
\x00\x00\x0b\xb0\x00\x02\x00\x00\x00\x03\x00\x00\x00\xa2\
\x00\x00\x00\x00\x00\x00\x00\x00\
\x00\x00\x03\xb2\x00\x02\x00\x00\x00\x02\x00\x00\x00\xa0\
\x00\x00\x00\x00\x00\x00\x00\x00\
\x00\x00\x00*\x00\x02\x00\x00\x00\x04\x00\x00\x00\x9c\
\x00\x00\x00\x00\x00\x00\x00\x00\
\x00\x00\x0b\x86\x00\x00\x00\x00\x00\x01\x00\x01<,\
\x00\x00\x01\x9aQ\x9fI\xfc\
\x00\x00\x0b\x5c\x00\x00\x00\x00\x00\x01\x00\x018\xd9\
\x00\x00\x01\x9a90\x9a\xf8\
\x00\x00\x0b\xbc\x00\x00\x00\x00\x00\x01\x00\x01@+\
\x00\x00\x01\x9a8\x1cp\xb9\
\x00\x00\x0c\xe2\x00\x00\x00\x00\x00\x01\x00\x01g\x22\
\x00\x00\x01\x9a.\xf3\x83p\
\x00\x00\x0c\xbc\x00\x00\x00\x00\x00\x01\x00\x01f\xff\
\x00\x00\x01\x9a.\xeb\xaa\xc3\
\x00\x00\x0c\x96\x00\x00\x00\x00\x00\x01\x00\x01c-\
\x00\x00\x01\x9aL\xd9\xfb\xb1\
\x00\x00\x0cx\x00\x00\x00\x00\x00\x01\x00\x01[\x98\
\x00\x00\x01\x9a.\xf1\x9c\xe9\
\x00\x00\x0b6\x00\x00\x00\x00\x00\x01\x00\x01J\xcf\
\x00\x00\x01\x9a9\x06O@\
\x00\x00\x0b\xe6\x00\x00\x00\x00\x00\x01\x00\x01E\xe5\
\x00\x00\x01\x99\xff\xc4\xdb0\
\x00\x00\x0c\x08\x00\x00\x00\x00\x00\x01\x00\x01M\xd1\
\x00\x00\x01\x9a9(\x1e\x0a\
\x00\x00\x0c4\x00\x00\x00\x00\x00\x01\x00\x01T[\
\x00\x00\x01\x9a8\x8f\x1b\x82\
\x00\x00\x0cZ\x00\x00\x00\x00\x00\x01\x00\x01Ys\
\x00\x00\x01\x9a\x5c\x7f\x86I\
\x00\x00\x0d\xb8\x00\x00\x00\x00\x00\x01\x00\x01\x9aq\
\x00\x00\x01\x9a7\xe3\xaa\xe5\
\x00\x00\x0e(\x00\x00\x00\x00\x00\x01\x00\x01\xc2;\
\x00\x00\x01\x9a7\xe3\xaa\xe7\
\x00\x00\x0d\xf6\x00\x00\x00\x00\x00\x01\x00\x01\xa9?\
\x00\x00\x01\x9a7\xe3\xaa\xe4\
\x00\x00\x0d\xd6\x00\x00\x00\x00\x00\x01\x00\x01\x9d\xe5\
\x00\x00\x01\x9a7\xe3\xaa\xe5\
\x00\x00\x0ax\x00\x02\x00\x00\x00\x03\x00\x00\x00\xb2\
\x00\x00\x00\x00\x00\x00\x00\x00\
\x00\x00\x03\xb2\x00\x02\x00\x00\x00\x01\x00\x00\x00\xb1\
\x00\x00\x00\x00\x00\x00\x00\x00\
\x00\x00\x09\xec\x00\x00\x00\x00\x00\x01\x00\x01\x10\xe0\
\x00\x00\x01\x9a$\xfc\xab\x01\
\x00\x00\x0aJ\x00\x00\x00\x00\x00\x01\x00\x01):\
\x00\x00\x01\x9aGU}\xa1\
\x00\x00\x0a\x22\x00\x01\x00\x00\x00\x01\x00\x01$\x89\
\x00\x00\x01\x9a7\xe3\xaa\xeb\
\x00\x00\x09\xaa\x00\x01\x00\x00\x00\x01\x00\x01\x0b\x91\
\x00\x00\x01\x9a8\xd0\xe2\x01\
\x00\x00\x09\x84\x00\x01\x00\x00\x00\x01\x00\x01\x08\xd0\
\x00\x00\x01\x9a7\xe3\xaa\xed\
\x00\x00\x0a\x86\x00\x01\x00\x00\x00\x01\x00\x010Z\
\x00\x00\x01\x9a8\xcf\xfd\xba\
\x00\x00\x0b6\x00\x00\x00\x00\x00\x01\x00\x018\x91\
\x00\x00\x01\x99\xf0#v\xdc\
\x00\x00\x0a\xbe\x00\x00\x00\x00\x00\x01\x00\x014,\
\x00\x00\x01\x9a$k|\xce\
\x00\x00\x0b\x0c\x00\x00\x00\x00\x00\x01\x00\x017-\
\x00\x00\x01\x9a$|\x09\xf8\
\x00\x00\x0a\xe2\x00\x00\x00\x00\x00\x01\x00\x0161\
\x00\x00\x01\x9a$k\xce\x13\
\x00\x00\x09`\x00\x00\x00\x00\x00\x01\x00\x01\x08\x90\
\x00\x00\x01\x99\xe6\xear2\
\x00\x00\x0d|\x00\x00\x00\x00\x00\x01\x00\x01\x93\xbf\
\x00\x00\x01\x9a9\x11\x86|\
\x00\x00\x0d\x9a\x00\x01\x00\x00\x00\x01\x00\x01\x96\x0e\
\x00\x00\x01\x9a/~v\xb8\
\x00\x00\x0d^\x00\x01\x00\x00\x00\x01\x00\x01\x8b\xe9\
\x00\x00\x01\x9a9\x0f\xfa\xee\
\x00\x00\x01\xda\x00\x00\x00\x00\x00\x01\x00\x01\x9a\x05\
\x00\x00\x01\x9a/kX*\
\x00\x00\x0d@\x00\x00\x00\x00\x00\x01\x00\x01\x88h\
\x00\x00\x01\x9a9\x0d\xec\xb1\
\x00\x00\x09\x0a\x00\x01\x00\x00\x00\x01\x00\x00\xed\x97\
\x00\x00\x01\x9a8\x91\xb4\x82\
\x00\x00\x08\xaa\x00\x00\x00\x00\x00\x01\x00\x00\xd0\xcb\
\x00\x00\x01\x9aSO1o\
\x00\x00\x08\xc8\x00\x00\x00\x00\x00\x01\x00\x00\xd8\x04\
\x00\x00\x01\x9a9\x15\x92\x02\
\x00\x00\x08\xec\x00\x00\x00\x00\x00\x01\x00\x00\xe2\x09\
\x00\x00\x01\x9aEA\xffP\
\x00\x00\x01\xda\x00\x00\x00\x00\x00\x01\x00\x00\xf1\x07\
\x00\x00\x01\x9a/k{\x9c\
\x00\x00\x08\x8c\x00\x00\x00\x00\x00\x01\x00\x00\xcf\x1d\
\x00\x00\x01\x99\xff\xc2;$\
\x00\x00\x08P\x00\x00\x00\x00\x00\x01\x00\x00\xcc\xef\
\x00\x00\x01\x9a7\xe3\xaa\xe3\
\x00\x00\x08n\x00\x00\x00\x00\x00\x01\x00\x00\xcd\xbb\
\x00\x00\x01\x99\xef\xe6i\x9c\
\x00\x00\x0d\x08\x00\x00\x00\x00\x00\x01\x00\x01jJ\
\x00\x00\x01\x9a9\x13\x86\x22\
\x00\x00\x0d$\x00\x00\x00\x00\x00\x01\x00\x01u-\
\x00\x00\x01\x9a\x10sy~\
\x00\x00\x03r\x00\x02\x00\x00\x00\x03\x00\x00\x00\xdd\
\x00\x00\x00\x00\x00\x00\x00\x00\
\x00\x00\x03\xb2\x00\x02\x00\x00\x00\x0b\x00\x00\x00\xd2\
\x00\x00\x00\x00\x00\x00\x00\x00\
\x00\x00\x03\xa4\x00\x02\x00\x00\x00\x05\x00\x00\x00\xc9\
\x00\x00\x00\x00\x00\x00\x00\x00\
\x00\x00\x03\x80\x00\x00\x00\x00\x00\x01\x00\x00d\xb2\
\x00\x00\x01\x9a7\xe3\xaa\xd4\
\x00\x00\x05\xba\x00\x02\x00\x00\x00\x01\x00\x00\x00\xd1\
\x00\x00\x00\x00\x00\x00\x00\x00\
\x00\x00\x05\xa2\x00\x02\x00\x00\x00\x01\x00\x00\x00\xd0\
\x00\x00\x00\x00\x00\x00\x00\x00\
\x00\x00\x05j\x00\x00\x00\x00\x00\x01\x00\x00\xa7\xb1\
\x00\x00\x01\x9a8\x1a\x94H\
\x00\x00\x05P\x00\x02\x00\x00\x00\x01\x00\x00\x00\xcf\
\x00\x00\x00\x00\x00\x00\x00\x00\
\x00\x00\x05\x8a\x00\x02\x00\x00\x00\x01\x00\x00\x00\xce\
\x00\x00\x00\x00\x00\x00\x00\x00\
\x00\x00\x06\x1e\x00\x00\x00\x00\x00\x01\x00\x00\xaf\xcc\
\x00\x00\x01\x99\xd2?:\x05\
\x00\x00\x06D\x00\x00\x00\x00\x00\x01\x00\x00\xaf\xef\
\x00\x00\x01\x9aL\xebu\xbf\
\x00\x00\x05\xf8\x00\x00\x00\x00\x00\x01\x00\x00\xaeT\
\x00\x00\x01\x9a8\x1a\xf8\x89\
\x00\x00\x05\xd2\x00\x00\x00\x00\x00\x01\x00\x00\xa9f\
\x00\x00\x01\x9a8\x0dq#\
\x00\x00\x04\x1e\x00\x00\x00\x00\x00\x01\x00\x00qM\
\x00\x00\x01\x9a7\xe3\xaa\xdc\
\x00\x00\x04t\x00\x00\x00\x00\x00\x01\x00\x00\x90\xf9\
\x00\x00\x01\x9a7\xe3\xaa\xd9\
\x00\x00\x04L\x00\x00\x00\x00\x00\x01\x00\x00\x80\xdd\
\x00\x00\x01\x9a4\x83\xee\xdc\
\x00\x00\x03\xe2\x00\x00\x00\x00\x00\x01\x00\x00gx\
\x00\x00\x01\x99\xd1<\xc5\xdf\
\x00\x00\x04\x00\x00\x00\x00\x00\x00\x01\x00\x00h\xb3\
\x00\x00\x01\x9a48\xed\xff\
\x00\x00\x04\xc2\x00\x00\x00\x00\x00\x01\x00\x00\x962\
\x00\x00\x01\x99\xe5\xe2\xa9\xf7\
\x00\x00\x04\x92\x00\x00\x00\x00\x00\x01\x00\x00\x94\xa9\
\x00\x00\x01\x99\xec$\x0e\xf0\
\x00\x00\x050\x00\x00\x00\x00\x00\x01\x00\x00\xa6Q\
\x00\x00\x01\x9a7\xe3\xaa\xda\
\x00\x00\x04\xe0\x00\x00\x00\x00\x00\x01\x00\x00\x9bV\
\x00\x00\x01\x9a7\xe3\xaa\xdb\
\x00\x00\x03\xc0\x00\x00\x00\x00\x00\x01\x00\x00f*\
\x00\x00\x01\x9a7\xe3\xaa\xdc\
\x00\x00\x05\x0a\x00\x00\x00\x00\x00\x01\x00\x00\x9dY\
\x00\x00\x01\x9a7\xe3\xaa\xd9\
\x00\x00\x06l\x00\x00\x00\x00\x00\x01\x00\x00\xb1\xcc\
\x00\x00\x01\x9a7\xe3\xaa\xd8\
\x00\x00\x06\xb2\x00\x00\x00\x00\x00\x01\x00\x00\xb8F\
\x00\x00\x01\x9a7\xe3\xaa\xd5\
\x00\x00\x06\x92\x00\x00\x00\x00\x00\x01\x00\x00\xb2{\
\x00\x00\x01\x9a7\xe3\xaa\xd7\
\x00\x00\x17\x06\x00\x00\x00\x00\x00\x01\x00\x03\x01\x05\
\x00\x00\x01\x9a9 cd\
\x00\x00\x01\xda\x00\x00\x00\x00\x00\x01\x00\x03\x00\xdc\
\x00\x00\x01\x9a7\xe3\xaa\xc8\
\x00\x00\x03\x06\x00\x01\x00\x00\x00\x01\x00\x00P\xc4\
\x00\x00\x01\x9a\x05\xfc\x09M\
\x00\x00\x01\xda\x00\x00\x00\x00\x00\x01\x00\x00`\xdf\
\x00\x00\x01\x9a.\xa6\xa0\xc9\
\x00\x00\x03H\x00\x01\x00\x00\x00\x01\x00\x00b8\
\x00\x00\x01\x9a7\xe3\xaa\xc2\
\x00\x00\x02N\x00\x01\x00\x00\x00\x01\x00\x00,@\
\x00\x00\x01\x9a7\xe3\xaa\xc5\
\x00\x00\x03$\x00\x00\x00\x00\x00\x01\x00\x00Uf\
\x00\x00\x01\x9a7\xe3\xaa\xc3\
\x00\x00\x02\xb4\x00\x00\x00\x00\x00\x01\x00\x00<\x16\
\x00\x00\x01\x9aS\x8b\xef\xe5\
\x00\x00\x02t\x00\x00\x00\x00\x00\x01\x00\x00/\xab\
\x00\x00\x01\x9aE@l\xd3\
\x00\x00\x02\x94\x00\x01\x00\x00\x00\x01\x00\x008\xdb\
\x00\x00\x01\x9a(\xef\xb8\x99\
\x00\x00\x02\xda\x00\x00\x00\x00\x00\x01\x00\x00C=\
\x00\x00\x01\x9aG\xab\xb5\x07\
\x00\x00#\x98\x00\x01\x00\x00\x00\x01\x00\x03\xfe\xea\
\x00\x00\x01\x9aS\x9b\xe4\xbd\
\x00\x00#P\x00\x00\x00\x00\x00\x01\x00\x03\xfcH\
\x00\x00\x01\x9aHIh\xa7\
\x00\x00\x22\xec\x00\x00\x00\x00\x00\x01\x00\x03\xe7\x80\
\x00\x00\x01\x9a7\xe3\xaa\xbf\
\x00\x00\x01\xda\x00\x00\x00\x00\x00\x01\x00\x04\x0a:\
\x00\x00\x01\x9aGf)\x96\
\x00\x00#\x0c\x00\x01\x00\x00\x00\x01\x00\x03\xe8\xa5\
\x00\x00\x01\x9a\x5cl\x9b\xbd\
\x00\x00#v\x00\x00\x00\x00\x00\x01\x00\x03\xfe\xb4\
\x00\x00\x01\x9a7\xe3\xaa\xbe\
\x00\x00\x22l\x00\x00\x00\x00\x00\x01\x00\x03\xc5S\
\x00\x00\x01\x9a7\xe3\xaa\xbf\
\x00\x00\x22\xa6\x00\x00\x00\x00\x00\x01\x00\x03\xc9\xf4\
\x00\x00\x01\x9aM\xc2\x8b\xff\
\x00\x00\x22\xc6\x00\x01\x00\x00\x00\x01\x00\x03\xd3~\
\x00\x00\x01\x9aYF\x9fV\
\x00\x00#0\x00\x00\x00\x00\x00\x01\x00\x03\xed/\
\x00\x00\x01\x9a7\xda\xcc\xe7\
\x00\x00\x22H\x00\x00\x00\x00\x00\x01\x00\x03\xbc\x19\
\x00\x00\x01\x9a7\xe3\xaa\xbc\
\x00\x00\x22\x86\x00\x00\x00\x00\x00\x01\x00\x03\xc8$\
\x00\x00\x01\x9a7\xe3\xaa\xbc\
\x00\x00\x17$\x00\x01\x00\x00\x00\x01\x00\x03\x03L\
\x00\x00\x01\x9a7\xe3\xaa\xe1\
\x00\x00\x11j\x00\x00\x00\x00\x00\x01\x00\x02E*\
\x00\x00\x01\x9aM\xcf\xeaa\
\x00\x00\x11@\x00\x01\x00\x00\x00\x01\x00\x02>#\
\x00\x00\x01\x9a7\xe3\xaa\xcc\
\x00\x00\x10\xfe\x00\x02\x00\x00\x00\x04\x00\x00\x01\x17\
\x00\x00\x00\x00\x00\x00\x00\x00\
\x00\x00\x11\x18\x00\x02\x00\x00\x00\x07\x00\x00\x01\x0c\
\x00\x00\x00\x00\x00\x00\x00\x00\
\x00\x00\x11*\x00\x02\x00\x00\x00\x06\x00\x00\x00\xfd\
\x00\x00\x00\x00\x00\x00\x00\x00\
\x00\x00\x00\xe8\x00\x02\x00\x00\x00\x07\x00\x00\x01\x03\
\x00\x00\x00\x00\x00\x00\x00\x00\
\x00\x00\x11\xe8\x00\x01\x00\x00\x00\x01\x00\x02P\xd5\
\x00\x00\x01\x9aX4a\xbd\
\x00\x00\x12\x0c\x00\x01\x00\x00\x00\x01\x00\x02Z\xda\
\x00\x00\x01\x9a7\xe3\xaa\xce\
\x00\x00\x120\x00\x00\x00\x00\x00\x01\x00\x02^\xe9\
\x00\x00\x01\x9aHa`\xbb\
\x00\x00\x11\xba\x00\x00\x00\x00\x00\x01\x00\x02PM\
\x00\x00\x01\x9a4\x01\xb6\x8f\
\x00\x00\x11\x88\x00\x01\x00\x00\x00\x01\x00\x02Mh\
\x00\x00\x01\x99\xecG\xd7\x0a\
\x00\x00\x13F\x00\x00\x00\x00\x00\x01\x00\x02\x85\xee\
\x00\x00\x01\x9aX=\x0c\x9f\
\x00\x00\x12\x5c\x00\x02\x00\x00\x00\x02\x00\x00\x01\x0a\
\x00\x00\x00\x00\x00\x00\x00\x00\
\x00\x00\x12\xe4\x00\x00\x00\x00\x00\x01\x00\x02~&\
\x00\x00\x01\x9aX-\x95z\
\x00\x00\x12x\x00\x00\x00\x00\x00\x01\x00\x02b\xa4\
\x00\x00\x01\x9a\x5ci\xd6N\
\x00\x00\x12\xac\x00\x01\x00\x00\x00\x01\x00\x02p\x9a\
\x00\x00\x01\x9aXT\x15\x9c\
\x00\x00\x13n\x00\x00\x00\x00\x00\x01\x00\x02\x86[\
\x00\x00\x01\x9aXR\x9c\xbb\
\x00\x00\x13\x18\x00\x01\x00\x00\x00\x01\x00\x02\x80\xb3\
\x00\x00\x01\x9a9\x8b<\xd1\
\x00\x00\x13\x94\x00\x00\x00\x00\x00\x01\x00\x02\x86\xc7\
\x00\x00\x01\x9aH;\xdd\xc5\
\x00\x00\x13n\x00\x00\x00\x00\x00\x01\x00\x02\x86\xea\
\x00\x00\x01\x9aXQ,\xa2\
\x00\x00\x00\xe8\x00\x02\x00\x00\x00\x04\x00\x00\x01\x13\
\x00\x00\x00\x00\x00\x00\x00\x00\
\x00\x00\x14\x08\x00\x00\x00\x00\x00\x01\x00\x02\xa0\x8f\
\x00\x00\x01\x9a7\xe3\xaa\xd2\
\x00\x00\x14\x84\x00\x01\x00\x00\x00\x01\x00\x02\xaf\x1a\
\x00\x00\x01\x9a7\xe3\xaa\xd0\
\x00\x00\x13\xc0\x00\x00\x00\x00\x00\x01\x00\x02\x87\x0d\
\x00\x00\x01\x9aG_'a\
\x00\x00\x13\xe0\x00\x01\x00\x00\x00\x01\x00\x02\x8c\x87\
\x00\x00\x01\x9a7\xe3\xaa\xd2\
\x00\x00\x140\x00\x00\x00\x00\x00\x01\x00\x02\xa7p\
\x00\x00\x01\x9a*\x03\xa4\xfd\
\x00\x00\x14X\x00\x00\x00\x00\x00\x01\x00\x02\xab\xb2\
\x00\x00\x01\x9aG~\xb0a\
\x00\x00\x14\xa6\x00\x01\x00\x00\x00\x01\x00\x02\xb3^\
\x00\x00\x01\x9a7\xe3\xaa\xd4\
\x00\x00\x15H\x00\x01\x00\x00\x00\x01\x00\x02\xc7\x05\
\x00\x00\x01\x9aGr\xc1\xbc\
\x00\x00\x14\xde\x00\x01\x00\x00\x00\x01\x00\x02\xb7\xa6\
\x00\x00\x01\x9a)\xdeb\xed\
\x00\x00\x15\x12\x00\x00\x00\x00\x00\x01\x00\x02\xbc\xdd\
\x00\x00\x01\x9aR*\xea_\
\x00\x00\x15\xd4\x00\x00\x00\x00\x00\x01\x00\x02\xd6\x0f\
\x00\x00\x01\x9a-\xa5\xa2\x03\
\x00\x00\x15\xf8\x00\x00\x00\x00\x00\x01\x00\x02\xd7\xc8\
\x00\x00\x01\x9a-\xa6\x1e\xe8\
\x00\x00\x15|\x00\x00\x00\x00\x00\x01\x00\x02\xc9\xf0\
\x00\x00\x01\x9a4\x85X\x85\
\x00\x00\x15\xac\x00\x00\x00\x00\x00\x01\x00\x02\xd3\xe5\
\x00\x00\x01\x9a-\xa3\x5c\x88\
\x00\x00\x17F\x00\x00\x00\x00\x00\x01\x00\x03\x19\xb8\
\x00\x00\x01\x99\xdb3\x9et\
\x00\x00\x01\xda\x00\x00\x00\x00\x00\x01\x00\x03\x22\xbb\
\x00\x00\x01\x9a7\xe3\xaa\x8b\
\x00\x00\x17|\x00\x00\x00\x00\x00\x01\x00\x03&\xd1\
\x00\x00\x01\x9a\x05\xec\xfeW\
\x00\x00\x17\x5c\x00\x01\x00\x00\x00\x01\x00\x03#\x03\
\x00\x00\x01\x9aY0\x19\xea\
\x00\x00\x16\xd4\x00\x01\x00\x00\x00\x01\x00\x02\xfa\xa9\
\x00\x00\x01\x9a7\xe3\xaa\xc9\
\x00\x00\x16\xc0\x00\x01\x00\x00\x00\x01\x00\x02\xf6\xbf\
\x00\x00\x01\x9a9{\x1a\x9b\
"

def qInitResources():
    QtCore.qRegisterResourceData(0x03, qt_resource_struct, qt_resource_name, qt_resource_data)

def qCleanupResources():
    QtCore.qUnregisterResourceData(0x03, qt_resource_struct, qt_resource_name, qt_resource_data)

qInitResources()
